DNO_Name,MPAN_Code,DNO_Key,Short_Code,Band,Time_Period,Min_Rate_p_kWh,Max_Rate_p_kWh,Mean_Rate_p_kWh,Median_Rate_p_kWh,GSP_Group_ID,GSP_Group_Name,Count,Unit,File_Path
National Grid Electricity Distribution – East Midlands (EMID),12,UKPN-LPN,LPN,AMBER,"07:00-16:00, 19:00-23:00 (weekdays) (default)",1.009,1.011,1.009666666666667,1.01,C,London,6,p/kWh,dno_data_enhanced/EMEB-Schedule-of-charges-and-other-tables-2015-V1-10.xlsx
National Grid Electricity Distribution – East Midlands (EMID),12,UKPN-LPN,LPN,GREEN,"23:00-07:00 (all days), all day (weekends) (default)",1.0,2.61,1.878409090909091,2.133,C,London,22,p/kWh,dno_data_enhanced/EMEB-Schedule-of-charges-and-other-tables-2015-V1-10.xlsx
National Grid Electricity Distribution – East Midlands (EMID),12,UKPN-LPN,LPN,GREEN,"23:00-07:00 (all days), all day (weekends) (default)",1.0,1.85,1.511,1.513,C,London,15,p/kWh,dno_data_enhanced/EMEB-Schedule-of-charges-and-other-tables-2015-V1-10.xlsx
National Grid Electricity Distribution – East Midlands (EMID),12,UKPN-LPN,LPN,GREEN,"23:00-07:00 (all days), all day (weekends) (default)",1.0,2.0,1.45679012345679,1.0,C,London,162,p/kWh,dno_data_enhanced/EMEB-Schedule-of-charges-and-other-tables-2015-V1-10.xlsx
National Grid Electricity Distribution – East Midlands (EMID),12,UKPN-LPN,LPN,GREEN,"23:00-07:00 (all days), all day (weekends) (default)",1.0,3.44,2.135833333333333,2.161,C,London,18,p/kWh,dno_data_enhanced/MIDE-Schedule-of-charges-and-other-tables-2015-V1-10.xlsx
National Grid Electricity Distribution – East Midlands (EMID),12,UKPN-LPN,LPN,GREEN,"23:00-07:00 (all days), all day (weekends) (default)",1.0,2.36,1.705,1.483,C,London,15,p/kWh,dno_data_enhanced/MIDE-Schedule-of-charges-and-other-tables-2015-V1-10.xlsx
National Grid Electricity Distribution – East Midlands (EMID),12,UKPN-LPN,LPN,GREEN,"23:00-07:00 (all days), all day (weekends) (default)",1.003,1.023,1.013333333333333,1.015,C,London,12,p/kWh,dno_data_enhanced/MIDE-Schedule-of-charges-and-other-tables-2015-V1-10.xlsx
National Grid Electricity Distribution – East Midlands (EMID),12,UKPN-LPN,LPN,GREEN,"23:00-07:00 (all days), all day (weekends) (default)",1.0,2.0,1.45679012345679,1.0,C,London,162,p/kWh,dno_data_enhanced/MIDE-Schedule-of-charges-and-other-tables-2015-V1-10.xlsx
National Grid Electricity Distribution – East Midlands (EMID),12,UKPN-LPN,LPN,RED,16:00-19:00 (weekdays) (default),0.06,3.0,1.931590909090909,2.429,C,London,22,p/kWh,dno_data_enhanced/EMEB-Schedule-of-charges-and-other-tables-2015-V1-10.xlsx
National Grid Electricity Distribution – East Midlands (EMID),12,UKPN-LPN,LPN,RED,16:00-19:00 (weekdays) (default),0.043,2.0,1.372631578947368,1.723,C,London,19,p/kWh,dno_data_enhanced/EMEB-Schedule-of-charges-and-other-tables-2015-V1-10.xlsx
National Grid Electricity Distribution – East Midlands (EMID),12,UKPN-LPN,LPN,RED,16:00-19:00 (weekdays) (default),1.01,1.06,1.033833333333333,1.056,C,London,6,p/kWh,dno_data_enhanced/EMEB-Schedule-of-charges-and-other-tables-2015-V1-10.xlsx
National Grid Electricity Distribution – East Midlands (EMID),12,UKPN-LPN,LPN,RED,16:00-19:00 (weekdays) (default),1.0,2.0,1.469387755102041,1.0,C,London,49,p/kWh,dno_data_enhanced/EMEB-Schedule-of-charges-and-other-tables-2015-V1-10.xlsx
National Grid Electricity Distribution – East Midlands (EMID),12,UKPN-LPN,LPN,RED,16:00-19:00 (weekdays) (default),0.066,4.0,2.258409090909091,2.431,C,London,22,p/kWh,dno_data_enhanced/MIDE-Schedule-of-charges-and-other-tables-2015-V1-10.xlsx
National Grid Electricity Distribution – East Midlands (EMID),12,UKPN-LPN,LPN,RED,16:00-19:00 (weekdays) (default),0.045,2.36,1.493157894736842,1.669,C,London,19,p/kWh,dno_data_enhanced/MIDE-Schedule-of-charges-and-other-tables-2015-V1-10.xlsx
National Grid Electricity Distribution – East Midlands (EMID),12,UKPN-LPN,LPN,RED,16:00-19:00 (weekdays) (default),1.018,1.023,1.021,1.022,C,London,3,p/kWh,dno_data_enhanced/MIDE-Schedule-of-charges-and-other-tables-2015-V1-10.xlsx
National Grid Electricity Distribution – East Midlands (EMID),12,UKPN-LPN,LPN,RED,16:00-19:00 (weekdays) (default),1.0,2.0,1.469387755102041,1.0,C,London,49,p/kWh,dno_data_enhanced/MIDE-Schedule-of-charges-and-other-tables-2015-V1-10.xlsx
National Grid Electricity Distribution – South Wales (SWALES),21,NGED-SWales,SWALES,GREEN,"23:00-07:00 (all days), all day (weekends) (default)",1.0,3.97,2.729,2.623,K,South Wales,15,p/kWh,dno_data_enhanced/SWAE-Schedule-of-charges-and-other-tables-2015-V1-10.xlsx
National Grid Electricity Distribution – South Wales (SWALES),21,NGED-SWales,SWALES,GREEN,"23:00-07:00 (all days), all day (weekends) (default)",1.0,2.7,1.941666666666667,1.785,K,South Wales,15,p/kWh,dno_data_enhanced/SWAE-Schedule-of-charges-and-other-tables-2015-V1-10.xlsx
National Grid Electricity Distribution – South Wales (SWALES),21,NGED-SWales,SWALES,GREEN,"23:00-07:00 (all days), all day (weekends) (default)",1.0,2.0,1.45679012345679,1.0,K,South Wales,162,p/kWh,dno_data_enhanced/SWAE-Schedule-of-charges-and-other-tables-2015-V1-10.xlsx
National Grid Electricity Distribution – South Wales (SWALES),21,NGED-SWales,SWALES,RED,16:00-19:00 (weekdays) (default),0.185,3.97,2.261315789473684,2.838,K,South Wales,19,p/kWh,dno_data_enhanced/SWAE-Schedule-of-charges-and-other-tables-2015-V1-10.xlsx
National Grid Electricity Distribution – South Wales (SWALES),21,NGED-SWales,SWALES,RED,16:00-19:00 (weekdays) (default),0.126,2.7,1.672894736842105,1.931,K,South Wales,19,p/kWh,dno_data_enhanced/SWAE-Schedule-of-charges-and-other-tables-2015-V1-10.xlsx
National Grid Electricity Distribution – South Wales (SWALES),21,NGED-SWales,SWALES,RED,16:00-19:00 (weekdays) (default),1.111,1.14,1.121,1.112,K,South Wales,3,p/kWh,dno_data_enhanced/SWAE-Schedule-of-charges-and-other-tables-2015-V1-10.xlsx
National Grid Electricity Distribution – South Wales (SWALES),21,NGED-SWales,SWALES,RED,16:00-19:00 (weekdays) (default),0.885990209819547,6.80786043388864,3.085775085148004,2.33919357127443,K,South Wales,4,p/kWh,dno_data_enhanced/SWAE-Schedule-of-charges-and-other-tables-2015-V1-10.xlsx
National Grid Electricity Distribution – South Wales (SWALES),21,NGED-SWales,SWALES,RED,16:00-19:00 (weekdays) (default),1.0,2.0,1.469387755102041,1.0,K,South Wales,49,p/kWh,dno_data_enhanced/SWAE-Schedule-of-charges-and-other-tables-2015-V1-10.xlsx
National Grid Electricity Distribution – South West (SWEST),22,NGED-SW,SWEST,GREEN,"23:00-07:00 (all days), all day (weekends) (default)",1.0,4.56,3.060666666666666,2.91,L,South Western,15,p/kWh,dno_data_enhanced/SWEB-Schedule-of-charges-and-other-tables-2015-V1-10.xlsx
National Grid Electricity Distribution – South West (SWEST),22,NGED-SW,SWEST,GREEN,"23:00-07:00 (all days), all day (weekends) (default)",1.0,2.89,2.038,1.846,L,South Western,15,p/kWh,dno_data_enhanced/SWEB-Schedule-of-charges-and-other-tables-2015-V1-10.xlsx
National Grid Electricity Distribution – South West (SWEST),22,NGED-SW,SWEST,GREEN,"23:00-07:00 (all days), all day (weekends) (default)",1.0,2.0,1.45679012345679,1.0,L,South Western,162,p/kWh,dno_data_enhanced/SWEB-Schedule-of-charges-and-other-tables-2015-V1-10.xlsx
National Grid Electricity Distribution – South West (SWEST),22,NGED-SW,SWEST,RED,16:00-19:00 (weekdays) (default),0.204,4.56,2.557631578947368,3.355,L,South Western,19,p/kWh,dno_data_enhanced/SWEB-Schedule-of-charges-and-other-tables-2015-V1-10.xlsx
National Grid Electricity Distribution – South West (SWEST),22,NGED-SW,SWEST,RED,16:00-19:00 (weekdays) (default),0.129,2.89,1.775526315789474,2.128,L,South Western,19,p/kWh,dno_data_enhanced/SWEB-Schedule-of-charges-and-other-tables-2015-V1-10.xlsx
National Grid Electricity Distribution – South West (SWEST),22,NGED-SW,SWEST,RED,16:00-19:00 (weekdays) (default),1.017,1.035,1.02425,1.024,L,South Western,12,p/kWh,dno_data_enhanced/SWEB-Schedule-of-charges-and-other-tables-2015-V1-10.xlsx
National Grid Electricity Distribution – South West (SWEST),22,NGED-SW,SWEST,RED,16:00-19:00 (weekdays) (default),0.0681183385342382,16.77843657900567,5.006193506896978,1.393240726612257,L,South Western,7,p/kWh,dno_data_enhanced/SWEB-Schedule-of-charges-and-other-tables-2015-V1-10.xlsx
National Grid Electricity Distribution – South West (SWEST),22,NGED-SW,SWEST,RED,16:00-19:00 (weekdays) (default),1.0,2.0,1.469387755102041,1.0,L,South Western,49,p/kWh,dno_data_enhanced/SWEB-Schedule-of-charges-and-other-tables-2015-V1-10.xlsx
