Party Name	Party ID	Party Address	Party Roles	Allocated OSM	Telephone	Email
Å Energi Vannkraft AS	VIKING12	"Kjøita 18
Kristiansand
Norway
4630
Norway NO"	BP, TN, TI		0370 010 6950
A/S Global Risk Management Ltd. Holding	GRMC	"Strandvejen 7
Middlefart
5500
Denmark"	BP, TN, TI		0370 010 6950
A/S Global Risk Management Ltd. Holding	GLOBAL	Strandvejen 7, 5500 Middelfart, Denmark	BP, TN, TI		0370 010 6950	Contact the Service Desk
Aarhus Energy A/S	AARHUSE	Søren Frichs Vej 38K, 8230 Åbyhøj, Denmark	BP, TN, TI		0370 010 6950
Aarhus Trading A/S	ATAS	Ceresbyen 69, 8. 1, 8000 Aarhus C, Denmark	BP, TN, TI		4561767691
Aberdeen Offshore Wind Farm Limited	ABERDEEN	The Tun Bulding, 4 Jacksons Entry, 8 Holyrood Road, Edinburgh, EH8 8AE	BP, TG		0370 010 6950	Contact the Service Desk
Acorn Peach Energy Limited 	APE80218	Kemp House, 160 City Road, London, United Kingdom, EC1V 2NX	BP, TN 		0370 010 6950
Adela Energy Ltd	ADELA	13-14 Orchard Street, Bristol, BS1 5EH	BP, TN, VP	Lynford Short		lynford.short@elexon.co.uk
Advanced Electricity Network Limited	AENL2023	Nexus Park Avenue East, Skyline 120, Braintree, Essex, CM77 7AL	BP, DSO	Sarah Maizey	0207 380 4136	sarah.maizey@elexon.co.uk
AEC Enterprises Limited	AEC	Hilltop House Leckhampstead Road, Akeley, Buckingham, England, MK18 5HH	BP, TN		0370 010 6950
Afton Wind Farm Limited	AFTON	5th Floor, 40 Princes Street, Edinburgh, EH2 2BY	BP, TG		0370 010 6950	Contact the Service Desk
AGR Networks Ltd	AGRN	3rd Floor Chancery House, St Nicholas Way, Sutton,Surrey, England, SM1 1JB	BP		0370 010 6950	Contact the Service Desk
Aidien Limited	AIDIEN22	International House, 1 St. Katharines Way, London, United Kingdom, E1W 1YL	BP	Kirsten Leeming-Arnold	020 7380 4328	kirsten.leeming-arnold@elexon.co.uk
AIK2A Sustainable Energy Ltd	AIK3CWCL	C/O Lindsays, Caledonian Exchange, 19A Canning Street, Edinburgh, EH3 8HE.	BP, TG		0370 010 6950
Aikengall II Community Wind Company Limited	AIK2CWCL	Caledonian Exchange, 19A Canning Street, Edinburgh, EH3 8HE	BP, TG		0370 010 6950	Contact the Service Desk
Akereos Commodities Ltd 	AKEREOS	"22 King Street,
St James,
London,
SW1Y 6QY"	BP, TN, TI		3700106950
Alcemi Storage Developments 4 Limited	COALBUR1	"Amp Technology Centre Advanced Manufacturing Park,
Brunel Way,
Rotherham,
United Kingdom,
S60 5WG"	BP		0370 010 6950	Contact the Service Desk
Alfred Electricity &amp; Gas Ltd	ALFRED	"9 Thorney Leys Park
Oxfordshire
Witney"	BP
ALMAPE HOLDINGS LIMITED	ALMAPERJ	"Fourth Floor
2 Kingsway
Cardiff
CF10 3FD"	BP, TN, VT		0370 010 6950
Alpha Energy ApS	ALPHAENE	Hermodsvej 5B, 8230 Åbyhøj, Denmark	BP, TN, TI		0370 010 6950
Alphataraxia Europium BV	ATX	"Joop Geesinkweg 701 1114 AB Amsterdam, The Nederlands
"	BP, TN, TI		0370 010 6950	Contact the Service Desk
Amessai Energy Research Limited	JETHER99	1 Bartholomew Lane, London, United Kingdom, EC2N 2AX	BP, TN, TI		0370 010 6950
Ampere Commodities ApS	AMPCOM	"C/O Alan Jensen
Elmosevej 85
8330 Beder"	BP		4540206808
AMPowerUK Limited	INVE	Challenge House, Sherwood Drive, Bletchley, Milton Keynes, MK3 6DP	BP.		020 7380 4020	Email OSM Management Team
Anesco Limited	ANESCO	The Green, Easter Park, Reading, RG7 2PQ, UK	BP, TN	Anish Narayan	0207 380 4219	anish.narayan@elexon.co.uk
Ants Energy Limited	ANTSWORK	71-75, Shelton Street, Covent Garden, London, WC2H 9JQ	BP,TN		0370 010 6950
Arcane Energy	ARCANE	Aabogade 15, 8200, Denmark	BP		3700106950
Ardent Energy Trading Limited	ARDENT	71-75 Shelton Street, Covent Garden, London, WC2H 9JQ	BP, TN, EN		0370 010 6950	Contact the Service Desk
Arenko Cleantech Limited	AG	Harmsworth House, 13-15 Bouverie St, London, EC4Y 8DP	BP, TG	Kamila Dziuba	0207 380 4299	kamila.dziuba@elexon.co.uk
ARL O09 Limited 	ARLO09	70 Jermyn Street, London, SW1Y 6NY	BP, TG		0370 010 6950	Contact the Service Desk
Aros Commodities A/S	ACAS	"Skt. Clemens Torv 11. 1.
8000
Aarhus
Denmark"	BP		0370 010 6950
Arosource ApS	AROSOURC	M.P. Bruuns Gade 46, st. th Denmark, 8000 Aarhus C	BP, TN, TI		0370 010 6950
ARTO.ENERGY LIMITED	BRONZE	Arto Energy Limited, Benyon House, Newbury Business Park, Newbury, Berkshire, RG14, 2PZ	BP, TS, EN, MV	Anish Narayan	0207 380 4219	anish.narayan@elexon.co.uk
Atlas Energy Designated Activity Company	AED75443	32 Molesworth Street, Dublin, Ireland, D02 Y512	BP, TN, TI		0370 010 6950	Contact the Service Desk
Aurora Utilities Limited	AUL2024	"51 Westwood Park
London
Se23 3qg
United Kingdom"	BP, DSO	Nicola Woods	020 7380 4263	Nicola.Woods@elexon.co.uk
Avalon Electricity Fund 	AVALON	P.O. Box 61, Harbour Centre, George Town, KY1-1102	BP		0370 010 6950	Contact the Service Desk
Avro Energy Limited 	AVRO	Unit 8, the Courtyard, Eliot Business Park, Nuneaton, Warwickshire, CV10 7RJ	BP
AxD Power Trading AB	AXDPOWER	Franzengatan 6, 112 51	BP
Axle Energy	AXLEENER	"128 City Road
London
EC1V 2NX
"	BP, VP, AV, VT	Kamila Dziuba	0207 380 4299	kamila.dziuba@elexon.co.uk
Axpo Solutions AG	EGL	Parkstrasse 23, 5401 Baden, Switzerland,	BP,TN,TI,EN	Dilraj Sehmi	020 7380 4354	Dilraj.Sehmi@elexon.co.uk
Axpo UK Limited	EGLUK	38 Threadneedle Street, London, EC2R 8AY	BP, TS, TI, TN, EN	Dilraj Sehmi	020 7380 4354	Dilraj.Sehmi@elexon.co.uk
Balance Commodities DMCC	BALCO	Unit No:841, DMCC Business Centre, Level No 1, Jewellery &amp; Gemplex 3, Dubai, UAE	BP, TN		0370 010 6950	Contact the Service Desk
Balance of Power Trading Limited	BOPT	17 The Courtyard, Gorsey Lane, Coleshill, Birmingham, B46 1JA	BP, TN, EN, MV		0370 010 6950	Contact the Service Desk
Barbican Power Limited	BARBICAN	Riverside Court, Huddersfield Road, Delph, 0L3 5FZ	BP, TS, EN, MV	Nicola Woods	020 7380 4263	Nicola.Woods@elexon.co.uk
Barking Power Ltd	BARKING	Chequers Lane, Dagenham, Essex, RM9 6PF	BP,TG,EN,MV		0370 010 6950	Contact the Service Desk
Barrow Offshore Wind Limited	DONG009	"DONG Energy
Kraftvaerksvej 53,
DK-7000 Fredericia,
Denmark
"	BP,TG		0370 010 6950	Contact the Service Desk
BasePower Ltd	BPLIDNO1	2nd Floor Regis House, 45 King William Street, London, EC4R 9AN	BP		3700106950
BayWa r.e. Energy Trading GmbH 	B9R3T560	Katharinenstraße 6 Germany 04109	BP, TN, TI, EN		0370 010 6950
BayWa r.e. Energy Trading UK	BA1ET2UK	22 Chancery Lane, London, WC2A 1LF	BP, TN		0370 010 6950
BBD Energy Ltd	BABUNRG	"C/O BMSL Accountancy &amp; Tax Services 6th Floor, First Central 200, 2 Lakeside Drive, London, NW10 7FQ.
"	BP		0370 010 6950	Contact the Service Desk
BD Energy A/S	BDENERGY	Rudolfgaardsvej 1a, 8260 Viby J, Denmark	BP, TN, TI		0370 010 6950
Beatrice Offshore Windfarm Limited	BOWL001	Inveralmond House, 200 Dunkeld Road, Perth, PH1 3AQ	BP, TG	Raeece Ibrahim	0207 380 4373	Raeece.Ibrahim@elexon.co.uk
Beinneun Wind Farm Limited	BWF2016	10 West Street, Adderley Edge, Cheshire, SK9 7EG	BP, TG		0370 010 6950	Contact the Service Desk
Belsize Energy Limited	BELSIZE	C/O Utiliteam 7 &amp; 8 Delta Bank Road, Metro Riverside Park, Gateshead, United Kingdom, NE11 9DJ	BP, TS, EN, MV	Lynford Short		lynford.short@elexon.co.uk
Benbrack Wind Farm Limited	BENBW1	C/O Cms Cameron Mckenna Nabarro Olswang Llp Cannon Place, 78 Cannon Street, London, England, EC4N 6AF	BP		0370 010 6950	Contact the Service Desk
BESS Holdco 2 Limited	ZENOBE1	13 Charles II Street, London, England, SW1Y 4QU	BP, VP	Anish Narayan	0207 380 4219	anish.narayan@elexon.co.uk
BGI Trading Limited	CAMARO	80 Hammersmith Road, London, W14 8UD	BP, TS, EN, MV	Anish Narayan	0207 380 4219	anish.narayan@elexon.co.uk
BKW Energie AG	BKW	Viktoriaplatz 2, CH-3013 Bern, Switzerland	BP,TI,EN		0370 010 6950	Contact the Service Desk
Blackcraig Wind Farm (Scotland ) Limited	BLK2017	13 Queens Road, Aberdeen, AB15 4YL	BP, TG		0370 010 6950	Contact the Service Desk
BNP Paribas	BNPP	16 Boulevard des Italiens, 75009 Paris, France	BP,TN,EN,TI		0370 010 6950	Contact the Service Desk
Bord Gáis Energy Limited	BGELIMIT	"City Quarter,
Lapps Quay,
Cork"	BP, TN, TI, EN		0370 010 6950	Contact the Service Desk
Borough Energy Limited	BOROUGH	C/O Utiliteam 7 & 8 Delta Bank Road, Metro Riverside Park, Gateshead, United Kingdom, NE11 9DJ	BP, TS, EN, MV		0370 010 6950	Contact the Service Desk
Bowfell Energy Limited	BOWFELL	Prama House, 267 Banbury Road, Oxford, OX2 7HT	BP, TS, EN, MV		0370 010 6950	Contact the Service Desk
BP Gas Marketing Limited	BPGAS	Chertsey Road, Sunbury on Thames, Middlesex, TW16 7BP	BP,TI,TN,TG,EN,MV,TS, VP	Rachel Stevenson-Akrill		Rachel.Stevenson-Akrill@elexon.co.uk
Braes of Doune Wind Farm (Scotland) Limited	BODOUNE	3rd floor, Burdett House, 15-16 Buckingham Street, London, WC2N 6DU	BP, TG		0370 010 6950	Contact the Service Desk
Bramley Energy Storage Limited	BRAMCM01	5th Floor 53 Parker Street, London, United Kingdom, WC2B 5PT	BP
Bream Trading sp. z o.o.	BREAMTRD	Solec 24/233, Warszawa, 00-403	BP		0370 010 6950	Contact the Service Desk
Breesea Limited	ORSTED01	Howick Place 5, SW1P 1WG, London, England	BP, TG	Lynford Short		lynford.short@elexon.co.uk
Bristol Energy Limited	AZACCA	2nd Floor, Erskine House, North Avenue, Clydebank, G81 2DR	BP, TS, MV, EN		0370 010 6950	Email BSC Service Desk
British Gas Trading Ltd	BRITGAS	Millstream East, Maidenhead Road, Windsor, Berkshire, SL4 5GD	BP,TS	Raeece Ibrahim	0207 380 4373	Raeece.Ibrahim@elexon.co.uk
British Gas X Limited	TILLICUM	Millstream, Maidenhead Road, Windsor, Berkshire, SL4 5GD	BP, EN, MV	Raeece Ibrahim	0207 380 4373	Raeece.Ibrahim@elexon.co.uk
British Nuclear Group Sellafield Ltd	FELLSIDE	Fellside Lodge, Seascale, Cumbria, CA20 1PG	BP,TG,EN,MV		0370 010 6950	Contact the Service Desk
BritNed Development Limited	BRITNED	1-3 Strand, London, WC2N 5EH	BP,IA,IE
Brockloch Rig Windfarm Limited	BRWLTD	c/o Fred Olsen Renewables Limited. 64-65 Vincent Square, London, SW1P 2NU	BP, TG		0370 010 6950	Contact the Service Desk
Brook Green Trading Limited	MISTRAL	4th Floor, 80 Hammersmith Road, London W14 8UD	BP, TS, EN	Anish Narayan	0207 380 4219	anish.narayan@elexon.co.uk
Brookfield Renewable Supply 2	BROOKFLD	First Floor, 6 Lapps Quay, Cork, Ireland	BP, MV, TI, TN		0370 010 6950	Contact the Service Desk
Bryt Energy Limited	BULLION	Room 724, 1 Victoria Square, Birmingham, B1 1BD	BP, TS, MV, EN	Kirsten Leeming-Arnold	020 7380 4328	kirsten.leeming-arnold@elexon.co.uk
BTG Pactual Commodities (CH) 	BTGP222	Route de Pre-Bois 29, 1215 Meyrin, Geneva, Switzerland	BP, TN		0370 010 6950	Contact the Service Desk
Burbo Extension Ltd	DONG010	5 Howick Place, London, England, SW1P 1WG 	BP, TG	Lynford Short		lynford.short@elexon.co.uk
Burwell 11 Solar Ltd 	BREACHS1	"UK House, 5th Floor, 164-182 Oxford Street
London
United Kingdom
W1D 1NN
United Kingdom
"	BP, TG		0370 010 6950
C A Commodities A/S	CACOMAS	Tuborg Havneves 18, 2900 Hellerup, Denmark	BP, TN, TI		0370 010 6950
California Energy Limited	CLFN01	"145 London Road,
Kingston Upon Thames
England
KT2 6SR"	BP		3700106950
Capella BESS Ltd	NCAS	"Beaufort Court Egg Farm Lane,
Off Station Road,
Kings Langley,
WD4 8LR"	BP		3700106950
Capture Energy Ltd	CAPTURE	Office 821, 275 New North Road, London, N1 7AA	BP, VP, VT, EN, MV	Sarah Maizey	0207 380 4136	sarah.maizey@elexon.co.uk
Captured Carbon Limited	ETCARBON	Marine Court Centre, Malahide, Co. Dublin, Ireland	BP, TI		0370 010 6950	Contact the Service Desk
Carrington Power Limited	CARRINGT	"Tricor Suit,
7th Floor,
52/54 Gracechurch Street,
London,
EC3V OEH "	BP, TG	Lynford Short		lynford.short@elexon.co.uk
Carrington Storage Limited	CARRBESS	4th Floor 80 Victoria Street, London, England, SW1E 5JL	BP		0370 010 6950
Castleton Commodities Merchant Europe Sarl	CASTLEEU	Rue du Rhone 50, 1204 Geneva	BP, TN, EN		0370 010 6950	Contact the Service Desk
Castula Energy Supply Ltd	CASTULA	Utilihouse, East Terrace, Chorley, England, PR7 6TE	BP, TS, EN, MV	Lilith Rallis	020 7380 4174	lilith.rallis@elexon.co.uk
CBS Energy Storage Assets UK Limited 	REGPOWER	Millstream East, Maidenhead Road, Windsor, Berkshire, SL4 5GD	BP,TG,EN,MV	Raeece Ibrahim	0207 380 4373	Raeece.Ibrahim@elexon.co.uk
CeltPower Ltd	NULL	St Davids House, 2nd Floor, Newton, Powys, SY16 1RB	BP		0370 010 6950	Contact the Service Desk
Cenergise Limited	CEGISE	125 Lower Baggot Street, Dublin 2, Ireland, D02 EW74	BP, TI, EN, VP	Rachel Stevenson-Akrill		Rachel.Stevenson-Akrill@elexon.co.uk
Centrica Business Solutions UK Optimisation Limited	CENDEPUK	"Millstream, Maidenhead Road, Windsor, Berkshire, United Kingdom, SL4 5GD
"	BP, VP		0370 010 6950	Contact the Service Desk
Centrica Distributed Generation Ltd	CENRPS	Millstream East, Maidenhead Road, Windsor, Berkshire, SL4 5GD	BP,TG	Raeece Ibrahim	0207 380 4373	Raeece.Ibrahim@elexon.co.uk
Centrica Energy Limited	ACCORD	2nd Floor Millstream East, Maidenhead Rd, Berkshire, SL4 5GD	BP,TI,TN,EN,MV	Raeece Ibrahim	0207 380 4373	Raeece.Ibrahim@elexon.co.uk
Centrica Energy Trading A/S	NEAS	Skelagervej 1, 9000 Aalborg, Denmark	BP, TN,TI,EN, MV	Raeece Ibrahim	0207 380 4373	Raeece.Ibrahim@elexon.co.uk
Cero Generation Services Ltd 	CERO	"Ropemaker Place
28 Ropemaker Street
London
EC2Y 9HD
"	BP, TG		0370 010 6950
CEZ, a.s	45274649	Duhova 2/1444, 14053, Prague 4, Czech Republic	BP, TN, TI, EN, MV		0370 010 6950	Contact the Service Desk
CF Flex Power Gmbh	FLXPWR	"Budapester Str. 47
Hamburg
Germany
20359
"	BP, TN, TI		0370 010 6950
CFP Commodities Limited	CFPC1	118 Lower Baggot Street, Dublin, D02 AW89	BP, TN, TI, EN		0370 010 6950
CFP Trading Limited 	CFP1	Domestica Building, Fourth Floor, Msida Vallet Road, Msida, MSD 9020, Malta	BP, TN, EN		0370 010 6950	Contact the Service Desk
Citadel European Power Ltd	CITAD	"Southeast Financial Center
200 S. Biscayne Blvd.
Suite 3300
Miami
FL 33131"	BP, TN, TI		0370 010 6950
Citigroup Global Markets Limited	CGML2007	Citigroup Centre, Canada Square, London, E14 5LB	BP,TN,TI		0370 010 6950	Contact the Service Desk
Clashindarroch Wind Farm Limited	CLASH	"Abbey Warehouse,
Abbey Slip
Penzance
TR18 4AR
"	BP, TG		0370 010 6950	Contact the Service Desk
Cleve Hill Solar Park Limited	CHSP2024	"24 Savile Row
London
W1S 2ES
"	BP, TG		0370 010 6950
Clyde Windfarm (Scotland) Limited	CWSL	Inveralmond House, 200 Dunkeld Road, Perth, PH1 3AQ	BP,TG	Raeece Ibrahim	0207 380 4373	Raeece.Ibrahim@elexon.co.uk
CNG Electricity Limited	SILVER	CNG House, 5 Victoria Avenue, Harrogate, North Yorkshire, HG1 1EQ	BP, EN, MV		0370 010 6950	Email BSC Service Desk
Co-operative Energy Limited	VOLA	Co-operative House, Warwick Technology Park, Gallows Hill, Warwick, CV34 6DA	BP,TS,EN, MV		0370 010 6950	Email OSM Management
Cobblestone Energy DMCC	OLDKENT	1604 &amp; 1605, JBC2,Plot no: JLT-PH2-V1A, 00000, Dubai, United Arab Emirates	BP, TN, TI	Lynford Short		lynford.short@elexon.co.uk
Cobblestone Energy Limited	CBBLESTN	14 Harmony Place, London, SE1 5JN	BP, TN, TI, EN, MV	Lynford Short		lynford.short@elexon.co.uk
COMCOM TRADING d.o.o.	COMCOM	Lapajnetova Ulica 29, Idrija, Slovenia, 5280	BP, TN, TI		0370 010 6950	Contact the Service Desk
Commotex Limited 	TEXA	Unit 8, The Courtyard, Eliot Business Park, Goldsmith Way, Nuneaton, England, CV10 7RJ	BP, TS, TI, TN	Nicola Woods	020 7380 4263	Nicola.Woods@elexon.co.uk
Compagnie Nationale Du Rhone	CNRP	2, Rue Andre Bonin, 69316 Lyon Cedex 04, France	BP,TN,TI,EN		0370 010 6950	Contact the Service Desk
Coniston Energy Limited	CONISTON	Prama House, 267 Banbury Road, Oxford, OX2 7HT	BP, TS, EN, MV	Dilraj Sehmi	020 7380 4354	Dilraj.Sehmi@elexon.co.uk
Conrad (Eye) Limited	CNRDEYE	Suites D&E, Windrush Court, Blacklands Way, Abingdon, OX14 1SY	BP
Conrad (Walpole) Limited	CNRDWLP	Suites D&E, Windrush Court, Blacklands Way, Abingdon, OX14 1SY	BP
Conrad Energy (Trading) Limited	CONRAD	Suites D &amp; E, Windrush Court, Blacklands Way, Abingdon, OX14 1SY	BP, TS, TG, TI	Anish Narayan	0207 380 4219	anish.narayan@elexon.co.uk
Constellation Generation Limited	EXGENLIM	Suite 1, 7th Floor, 50 Broadway, SW1H 0BL, London	BP, TS, TN, EN, MV, TI	Kirsten Leeming-Arnold	020 7380 4328	kirsten.leeming-arnold@elexon.co.uk
Convex Energy GmbH	GEAG	An Der Börse 4, 30159 Hanover, GERMANY	BP, TN, TI, EN		0370 010 6950	Contact the Service Desk
Copenhagen Energy Trading A/S	CET1234	"Thorvaldsensvej 2, 5.th, 1871 Frederiksberg C, Denmark
"	BP, TN, TI		0370 010 6950
Corby Power Ltd	CORBY	Corby Power Station, Mitchell Road, Phoenix Parkway, Corby, Northants, NN17 5QT	BP,TG,EN,MV		0370 010 6950	Contact the Service Desk
Corona Energy Retail 4 Ltd	SUPELEC3	"Corona Energy
Edward Hyde Building
38 Clarendon Road
Watford
Hertfordshire
WD17 1JW"	BP,TS	Lilith Rallis	020 7380 4174	lilith.rallis@elexon.co.uk
Corriegarth Wind Energy Limited	CRGTHW	50 Lothian Road, Festival Square, Edinburgh EH3 9WJ	BP, TG, EN, MV		0370 010 6950	Contact the Service Desk
Coryton Energy Company Ltd	CECL	c/o InterGen (UK) Limited, 3rd Floor, 81 George Street, Edinburgh, EH2 3ES	BP,TG,EN,MV		0370 010 6950	Contact the Service Desk
Coulomb Energy Supply Limited	COULOMB	"COULOMB ENERGY SUPPLY LIMITED
PX House
Westpoint Road
Stockton on Tees
TS17 6BF
"	BP,TS,MV,EN	Raeece Ibrahim	0207 380 4373	Raeece.Ibrahim@elexon.co.uk
Cour Wind Farm (Scotland) Limited	CWF2016	13 Queens Road, Aberdeen, AB15 4YL	BP, TG		0370 010 6950	Contact the Service Desk
CRE Energy Limited	SPCRE01	ScottishPower Energy Management, 4th Floor, Cathcart Business Park, Spean Street, Glasgow, G44 4BE	BP,TG	Kamila Dziuba	0207 380 4299	kamila.dziuba@elexon.co.uk
Creag Riabhach Wind Farm Ltd	CREAGWF1	4th Floor, 2 Castle Terrace, Edinburgh, EH2 1EL	BP, TG		0370 010 6950
Cross Options International IV B.V 	CETAM	Herengracht 124, 1015 BT, Amsterdam, Netherlands	BP, TI		0370 010 6950
Crossdykes WF Limited	CDWF0620	Muirhall Farm Auchengray, Carnwath, Lanark, South Lanarkshire, M11 8LL	BP, TG 		0370 010 6950
Crown Gas and Power 2 Limited	CROWNGP2	The Oil Centre, Bury New Road, Heap Bridge, Bury, BL9 7HY	BP, TS	Ben Coates	020 7380 4079	Ben.Coates@elexon.co.uk
Crystal Rig II Limited	CR2LTD	302 Vincent Street, Glasgow, G2 5RZ	BP,TG		0370 010 6950	Contact the Service Desk
Crystal Rig III Limited	CR3LTD	64/65 Vincent Square London, SW1P 2NU	BP, TG		0370 010 6950	Contact the Service Desk
Crystal Rig IV Limited 	CRIVL	"C/O Harper Macleod Llp The Cadoro,
45 Gordon Street,
Glasgow,
G1 3PE
"	BP, TG		0370 010 6950	Contact the Service Desk
Cumberhead West Wind Farm Ltd	CHWW2024	"320 St. Vincent Street
Glasgow
G2 5AD"	BP, TG		0370 010 6950
Current Commodities A/S	CURRENT	"Niels W Gades Vej 1,
Aarhus C,
8000,
Denmark"	BP, TN, TI		0370 010 6950
Cuxton Energy Storage Limited	CUX	 5 - 7 Charlton Gardens, London, England, SW1Y 5AD	BP, TG		0370 010 6950
D-Energi Trading Ltd	COLGANO	"D-Energi Business Complex, Unit D, Madison Place, Northampton Road, Manchester, M40 5AG
"	BP, TS, EN, MV	Dilraj Sehmi	020 7380 4354	Dilraj.Sehmi@elexon.co.uk
Dafnis Aps	DAFNIS23	Vallerødvænge 8A, Rungsted Kyst, 2960, Denmark	BP, TN
Daisy Energy Supply Limited	DAISY	46 The Calls, Leeds, LS2 7EY	BP, EN		0370 010 6950
Damsongreen Energy Farm Limited	DAMSON	EDF Renewables Cardinal Place, 80 Victoria Street, SW1E 5JL	BP, TG		+44 0003700106950
Danske Commodities A/S	DANSKE	"Vaerkmestergade 3.3.
DK-8000 Aarhus C.
Denmark"	BP, TI, TN, EN, MV, VP	Sarah Maizey	0207 380 4136	sarah.maizey@elexon.co.uk
Dare Power Ltd	DARE	Dare Power Ltd, 43-45 Dorset Street, London, United Kingdom, W1U 7NA	BP, TN, TI, TS, EN, MV		0370 010 6950
DC Energy Trading V.O.F	DC	Kerkiaan 15, 4451 BE Heinkenszand, the Netherlands	BP, TI		0370 010 6950
Deeside Power (UK) Limited	DEEPOWER	Saltend Power Station Saltend Chemicals Park, Hedon Road, Hull, East Riding Of Yorkshire, HU12 8GA	BP, TG		0370 010 6950	Contact the Service Desk
Delta Gas and Power Limited	LILY	334-354 Grays Inn Road, Kings Cross, London, WC1X 8BP	BP, TS, EN, MV	Dilraj Sehmi	020 7380 4354	Dilraj.Sehmi@elexon.co.uk
Deneba Energy Supply Ltd	DENEBA	Utilihouse, East Terrace, Chorley, England, PR7 6TE	BP, TS, EN, MV	Lynford Short		lynford.short@elexon.co.uk
Derwent CoGeneration Ltd	DCOGEN	Derwent Power Station, PO Box 489, Spondon, Derby, DE21 7ZS	BP,TG,EN,MV		0370 010 6950	Email OSM management
Digital Power Energy Supply UK Limited	VERM	"4/4a Bloomsbury Square, London, WC1A 2RP
"	BP, TS	Kamila Dziuba	0207 380 4299	kamila.dziuba@elexon.co.uk
Dodo Energy Limited	MISS	DODO Energy T/A Voltx Power Limited, Gloucester House, 399 Silbury Boulevard, MILTON KEYNES, MK9 2AH	BP, TS	Lilith Rallis	020 7380 4174	lilith.rallis@elexon.co.uk
Doggerbank Offshore Wind Farm Project 1 Projco Limited	DBNKOWF1	No.1 Forbury Place, 43 Forbury Road, Reading, RG1 3JH	BP, TG		0370 010 6950	Contact the Service Desk
Doggerbank Offshore Wind Farm Project 2 Projco Limited	DBNKOWF2	No.1 Forbury Place, 43 Forbury Road, Reading, RG1 3JH	BP, TG			Contact the Service Desk
Doggerbank Offshore Wind Farm Project 3 Projco Limited	DBNKOWF3	No.1 Forbury Place, 43 Forbury Road, Reading, United Kingdom, RG1 3JH	BP		0370 010 6950
Dollymans Storage Limited	DLMS	1st Floor 145 Kensington Church Street, London, England, W8 7LP	BP, TG
Dorenell Wind Farm Limited	DORWIND	Alexander House, 1 Mandarin Road, Rainton Bridge Business Park, Houghton Le Spring, Sunderland, DH4 5RA	BP, TG		0370 010 6950	Contact the Service Desk
Douglas West Extension Ltd	DWEL	C/O Pinsent Masons Llp, 13 Queens Road, Aberdeen, United Kingdom, AB15 4YL	BP		4.47818E+11
Dracus Energy Supply Ltd	DRACUS	Utilihouse, East Terrace, Chorley, England, PR7 6TE	BP, TS, EN, MV	Rachel Stevenson-Akrill		Rachel.Stevenson-Akrill@elexon.co.uk
Drax Energy Solutions Limited	HAVEN	32 The Havens Ransomes Europark, Ipswich, IP3 9SJ	BP,TS,MV	Nicola Woods	020 7380 4263	Nicola.Woods@elexon.co.uk
Drax Power Limited	DRAX	Drax Power Station, PO Box 3, Selby, North Yorkshire, YOB 8PQ	BP,TG,EN	Nicola Woods	020 7380 4263	Nicola.Woods@elexon.co.uk
Drax Pumped Storage Limited 	DPSL	Drax Power Station, Drax, Selby, North Yorkshire. YO8 8PH	BP, TG		0370 010 6950
Dudgeon Offshore Wind Limited	DUDGEON	One Kingdom Street, London, W2 6BD	BP, TG		0370 010 6950	Contact the Service Desk
Duferco Energia S.p.A.	DUCEX123	Via Paolo Imperiale 4, 16126 Genova, Italy	BP, TI		0370 010 6950
Dunmaglass Wind Farm Limited	DNMG	Inveralmond House, 200 Dunkeld Road, Perth, PH1 3AQ	BP, TG	Raeece Ibrahim	0207 380 4373	Raeece.Ibrahim@elexon.co.uk
DV Trading (Europe) P/S	DVTRAD45	"C/O CSC (DENMARK) ApS
Sundkrogsgade 21, 2.
2100"	BP, TN, TI		0370 010 6950	Contact the Service Desk
Dvalin ApS	DVALIN	Niels Jernes Vej 10 (NOVI), 9220 Aalborg Ø, Denmark	BP, TN, TI		0370 010 6950	Contact the Service Desk
DXT Commodities SA	DUFENERG	Via Trevano 2a, 6900 Lugano, SWITZERLAND	BP, TN, TI, EN		0370 010 6950	Contact the Service Desk
Dyce Energy Limited	PROZ	12 Manvers House, Pioneer Close, Wath-Uopn-Dearne, South Yorkshire, S63 7JZ	BP, TS	Kamila Dziuba	0207 380 4299	kamila.dziuba@elexon.co.uk
E (Gas and Electricity) Ltd	LORM	"Concorde House
Trinity Park
Birmingham
B37 7UQ
"	BP, TS	Rachel Stevenson-Akrill		Rachel.Stevenson-Akrill@elexon.co.uk
E E Solutions Limited	YGP1	"BGlobal Metering Limited, Arkwright Court, Commercial Rd, Darwen, Lancashire, BB3 0FG
"	BP, TS	Anish Narayan	0207 380 4219	anish.narayan@elexon.co.uk
E.ON Energy Markets GmbH	EEMGMBH	Brüsseler Platz 1, 45131 Essen, Germany.	BP, TN		0370 010 6950
E.ON Energy Solutions Limited	PGENERGY	Westwood Way, Westwood Business Park, Coventry, West Midlands, CV4 8LG	BP, TS	Dilraj Sehmi	020 7380 4354	Dilraj.Sehmi@elexon.co.uk
E.ON Next Energy Ltd	NITTWO01	Westwood Way, Westwood Business Park, Coventry, West Midlands, CV4 8LG	BP,TS	Dilraj Sehmi	020 7380 4354	Dilraj.Sehmi@elexon.co.uk
E.ON UK Battery Storage Systems Limited 	EONUKBSS	Westwood Way, Westwood Business Park, Coventry, CV4 8LG	BP, TG		3700106950
E.ON UK Energy Markets Limited	EONEMUK	Westwood Way, Westwood Business Park, Coventry, CV4 8LG	BP, TN, EN, MV	Dilraj Sehmi	020 7380 4354	Dilraj.Sehmi@elexon.co.uk
E.ON UK Network Assets Limited	EONUKNET	"Westwood Way,
Westwood Business Park,
Coventry,
CV4 8LG"	BP, DSO		3700106950
E.ON UK plc	POWERGEN	Westwood Way, Westwood Business Park, Coventry, CV4 8LG	BP, TG, TI, TS	Dilraj Sehmi	020 7380 4354	Dilraj.Sehmi@elexon.co.uk
East Anglia One Limited 	EAOWIND	c/o Scottish Power Renewables (UK) Ltd, 8th Floor, 320 St Vincent Street, Glasgow, G2 5AD	BP, TG		3700106950	Contact the Service Desk
East Anglia Three Limited	EATHREE	3rd Floor, 1 Tudor Street, London, EC4Y 0AH	BP, TG		0370 010 6950	Contact the Service Desk
Eastern Power Networks Plc	EASTELEC	Newington House, 237 Southwalk Bridge Road, London, SE1 6NP	BP,DSO	Anish Narayan	0207 380 4219	anish.narayan@elexon.co.uk
ECC European Commodity Clearing AG	ECC	Augustusplatz 9,04109 Leipzig,Germany	BP, TN, TI, EN
Eclipse Power Networks Limited	G2ENERGY	Olney Office Park, 25 Osier Way, Olney, Buckinghamshire, MK46 5FP	BP, DSO	Kirsten Leeming-Arnold	020 7380 4328	kirsten.leeming-arnold@elexon.co.uk
Ecliptic Energy A/S 	ECLIPTIC	Kildebakken 57, 8800, Denmark	BP, TN		0370 010 6950	Contact the Service Desk
Ecologic Trading Limited	ECOTRADE	Heworth Hall, Shields Road, Gateshead, Tyne And Wear, England, NE10 0UX	BP, TN		0370 010 6950	Contact the Service Desk
Economy Energy Trading Limited	PAL	Economy Energy House, 181 Stoneleigh Park, Warwickshire, CV8 2LZ	BP		0370 010 6950	Contact the Service Desk
Ecotricity Limited	RENC	Unicorn House, 7 Russell Street, Stroud, Gloucestershire, GL5 3AX	BP,TS,EN,MV	Sarah Maizey	0207 380 4136	sarah.maizey@elexon.co.uk
EDF Energy (Thermal Generation) Limited	WBURTONB	90 Whitfield Street, London, W1T 4EZ	BP,TG	Lynford Short		lynford.short@elexon.co.uk
EDF Energy Customers Limited	LENCO	90 Whitfield Street, London, W1T 4EZ	BP,TS	Lynford Short		lynford.short@elexon.co.uk
EDF Energy Limited	LONDELEC	90 Whitfield Street, London, W1T 4EZ	BP, TG, VP, VT	Lynford Short		lynford.short@elexon.co.uk
EDF Energy Nuclear Generation Limited	BEGL001	Barnett Way, Barnwood, Gloucester, GL4 3RS	BP,TG	Lynford Short		lynford.short@elexon.co.uk
EDF Trading Ltd	EDFT	71 High Holborn, London, WC1V 6ED	BP,TI,TN,EN,MV	Ben Coates	020 7380 4079	Ben.Coates@elexon.co.uk
Edge Utility Networks Limited	EDGE9595	Suite 501 The Nexus Building Broadway,, Letchworth Garden City, Herts, SG6 9BL	BP
Edgware Energy Limited 	EDGWARE	Windmill Hill Business Park, Whitehill Way, Swindon, England, SN5 6PB	BP, TS, EN, MV, AV	Rachel Stevenson-Akrill		Rachel.Stevenson-Akrill@elexon.co.uk
EDP Gem Portugal	EDPGEMPT	Avenida 24 de Julho 12, Lisbon, 1249-300, Portugal	BP, TN		3700106950
EDTC LTD	EDTC	Flat 1a 10 Norfolk Crescent, Bath, BA1 2BE	BP, TN		0370 010 6950	Contact the Service Desk
Effortless Energy Ltd.	EENERGY	"Chatterley Whitfield Enterprise Centre
Chatterley Whitfield
Biddulph Road
Stoke-on-Trent
ST6 8UW"	BP, EN, MV
Eggborough Power Ltd	EPL001	c/o Fourth Floor, 1 Heddon Street, London, W1B 4BD	BP, TG, EN, MV		0370 010 6950	Email OSM management
Eio Energi ApS 	EIOENRGY	Sindalsvej 31A, st., Denmark, 8240	BP, TN, TI		0370 010 6950
EirGrid Interconnector Limited	EILIA	The Oval, 160 Shelbourne Road, Ballsbridge, Dublin 4	BP, IE ,IA		0370 010 6950	Contact the Service Desk
EirGrid Plc	ERGRDPLC	The Oval, Shelbourne Road, Ballsbridge, Dublin 4.	BP, TI, IE, IA		0370 010 6950	Contact the Service Desk
ElecLink Limited	ELECL1	91 Wimpole Street, London, W1G 0EF	BP, IA, IE	Lynford Short		lynford.short@elexon.co.uk
Electrabel SA	ELECBEL	Regetlaan 8, 1000, Brussels	BP,TI,EN		0370 010 6950	Email OSM management
Electraphase Limited	EPHASE	Lutwyche Hall, Wenlock Edge, Much Wenlock, Shropshire, TF13 6DP 	BP, TS, EN	Kirsten Leeming-Arnold	020 7380 4328	kirsten.leeming-arnold@elexon.co.uk
Electricity Direct (UK) Limited	EDIR	4 The Court Yard, Alban Park, St Albans, AL4 0LA	BP,MV
Electricity North West Limited	NORWEBD	Electricity North West Limited, Barron Street, Portwood, Stockport, Chesire, SK1 2JD	BP, DSO 	Rachel Stevenson-Akrill		Rachel.Stevenson-Akrill@elexon.co.uk
Electricity Plus Supply Ltd	BAENERGY	Dryden House, The Edge Business Centre, Humber Road, London, NW2 6EW	BP,TS	Anish Narayan	0207 380 4219	anish.narayan@elexon.co.uk
ElectroRoute Energy Limited	SAPHIR	No 2 Pure Offices, Wilton Drive, Tournament Fields, Warwick, CV34 6RG	BP, TS, EN, MV	Lilith Rallis	020 7380 4174	lilith.rallis@elexon.co.uk
ElectroRoute Energy Trading Limited	ELECTRO	119/120 Colab, LYIT, Port Road, Letterkenny, County Dongal, Republic of Ireland	BP,TG,TN,TI,EN,MV	Lilith Rallis	020 7380 4174	lilith.rallis@elexon.co.uk
Electryone AI Limited	EC1AI	3rd Floor, 86-90 Paul Street, London, EC2A 4NE	BP, VP, VT		3700106950
Elexon Clear Ltd	Elexon	350 Euston Road, London, NW1 3AW			0370 010 6950	Contact the Service Desk
Elexon Ltd	Elexon	350 Euston Road, London, NW1 3AW			0370 010 6950	Contact the Service Desk
Elgin Trading and Optimisation Services Limited 	ETOS	19-26 Pembroke Street Lower, Dublin, D02WV96	BP, TN		0370 010 6950
EnAppSys Limited	n/a	Blenheim House, Falcon Court, Preston Farm Industrial Estate, Stockton on Tees, TS18 3TS	EN, MV		0370 010 6950	Contact the Service Desk
EnBW Energie Baden-Württemberg AG	ENBWNPT	Durlacher Allee 93; 76131 Karlsruhe; Germany	BP, EN, TN, TI, MV		0370 010 6950
Eneco Energy Trade BV	ENECOUK	Marten Meesweg 5, 3068 AV, Rotterdam, The Netherlands 	BP,TS,TI,EN	Sarah Maizey	0207 380 4136	sarah.maizey@elexon.co.uk
ENEL Global Trading S.P.A.	ENELTRAD	"ENEL Trade S.P.A.,
Viale Regina Margherita,
125 - 00198 Roma,
Italy"	BP, TN, TI, EN		0370 010 6950 	Contact the Service Desk
Enel X UK Limited	ENOC	Epworth House, 25 City Road, London, EC1Y 1AA	BP, VP, VT, AV	Anish Narayan	0207 380 4219	anish.narayan@elexon.co.uk
Energetech Europe BV	ENERGETE	Zuidplein 36, Amsterdam, 1077XV	BP, TN, TI		0370 010 6950	Contact the Service Desk
Energetick ApS	ALPSNRG	Orientkaj 4, 1., Nordhavn, Denmark, 2150	BP, TN, TI		3700106950
Energi Danmark A/S	ENERGIDK	Aahave Parkvej 27, DK-8260 Viby J, Denmark	BP,TI,TN,EN		0370 010 6950	Contact the Service Desk
Energy Assets Networks Limited	UDNL	12 Sketty Close, Brackmills Ind Est, Northampton, NN4 7PL	BP, DSO	Dilraj Sehmi	020 7380 4354	Dilraj.Sehmi@elexon.co.uk
Energy24 Limited	ENERGY24	PX House,Merchants Wharf,Westpoint Road,Stockton-on-TeesTS17 6BF	BP,TN,EN,MV
Energy24 Services Limited	E24SERVI	Px House, Westpoint Road, Stockton, TS17 6BF	BP, TN
Enerjisa Commodities B.V.	ENERJISA	Muiderstraat 7 B, Amsterdam, 1011PZ, Netherlands	BP
ENGIE Power Limited	RWETDL	No1 Leeds, 26 Whitehall Road, Leeds, LS12 1BE	BP,TG,TS,EN,MV,TI	Dilraj Sehmi	020 7380 4354	Dilraj.Sehmi@elexon.co.uk
ENGIE UK Markets Limited	DPDCOLTD	Rooms 481-499 Second floor, Salisbury House, London Wall, London, England, EC2M 5SQ	BP, TG, TI, EN, MV	Dilraj Sehmi	020 7380 4354	Dilraj.Sehmi@elexon.co.uk
Enki Trading s.r.o. 	NANOTRD	Narodni 135/14, Praha 1, CZECH REPUBLIC	BP, TN, TI		0370 010 6950	Contact the Service Desk
Enova Grid Management B.V. 	VIENGRID	Rhijnspoor 241, 2901 LB, Capelle Aan Den Ijssel, The Netherlands	BP		0370 010 6950	Contact the Service Desk
EnSCo Energy Services Company AG 	ENSCOAG	Rigistrasse 3, 6300 Zug, Switzerland.	BP, TN, TI		0370 010 6950
enspired GmbH 	ENSPIRED	Meischlgasse 13, 1230 Vienna, Austria	BP, TN, EN, TI		0370 010 6950	Contact the Service Desk
ENSTROGA Limited	COMT1015	St Ann’s Hill Road, Oldknows Factory, Block 6C, Nottingham, NG3 4GN	BP, EN, MV		0370 010 6950
Entrix GmbH	ENTRIX	Leopoldstraße 20, 80802 Munich , Germany	BP, TN, TG		0370 010 6950
ENZEE Commodities A/S	ENZEE	Blaaklokken 22,8700 Horsens, Denmark	BP, TN, TI		0370 010 6950
ENZOL Energy Trading ApS	ENZOL	"Islands Brygge 36C, 6. 3
København S, 2300
Denmark"	BP, TN, TI		4521302099
EP Commodities A.S	EPCAS	Klimentská 1216/46, 110 02 Prague 1, Czech Republic	BP, TN, TI, EN		0370 010 6950	Contact the Service Desk
EP Commodities AG	EPCOMMAG	"Baarerstrasse 37
Zug
6300
Switzerland"	BP		0370 010 6950
EP Commodities B.V.	PZEM	Poelendaelesingel 10, 4335 JA Middelburg, The Netherlands	BP, TI		0370 010 6950	Contact the Service Desk
EP Langage Limited	CENLANG	Berger House, 36-38 Berkley Square, London, W1J 5AE	BP,TG
EP SHB Limited	HUMPOWER	Berger House, 36-38 Berkley Square, London, W1J 5AE	BP,TG,EN,MV
EP UK Investments Limited	EPUKI	First Floor, Berger House, 36-38 Berkeley Square, London, W1J 5AE	BP, TG, TN, EN, MV		0370 010 6950	Contact the Service Desk
EP UK Power Development II Ltd 	EPUKPDII	"The Paradigm Building 3175 Century Way, Thorpe Park, Leeds, England, LS15
8ZB"	BP		0370 010 6950	Contact the Service Desk
EPEX SPOT SE	APXCOMM	18 King William Street, 3rd floor, London, EC4N 7BP	BP,TN,EN,MV		0370 010 6950	Contact the Service Desk
EPG Energy Limited	EPGNRG	Hurst House, 131-133 New London Road, Chelmsford, Essex CM2 0QT	BP, TS, TG, TI, TN, EN, MV	Sarah Maizey	0207 380 4136	sarah.maizey@elexon.co.uk
Equinicity Ltd	EQUIN	4th FLOOR, THE QUADRANGLE, IMPERIAL SQUARE, CHELTENHAM, GLOUCESTERSHIRE, GL50 1PZ	BP, TG, TN, TS, EN, MV	Dilraj Sehmi	020 7380 4354	Dilraj.Sehmi@elexon.co.uk
Equinor Energy Trading Limited	STATPOW	One Kingdom Street, London, W2 6BD	BP,TN		0370 010 6950	Contact the Service Desk
Erova Energy Limited	EROVAIRL	13-18 City Quay, Dublin 2, D02 ED70, Republic of Ireland	BP, TI, VP, TG, EN, MV	Nicola Woods	020 7380 4263	Nicola.Woods@elexon.co.uk
ES FOR IN SE	ESFORIN	Ruhrallee 201, 45136 Essen, GERMANY	BP, TN, EN		0370 010 6950	Contact the Service Desk
ESB Independent Energy (Northern Ireland) Limited	ESBIENI	Stephens Court, 18-21 St. Stephens Green, Dublin 2, Republic of Ireland	BP,TI	Lynford Short		lynford.short@elexon.co.uk
ESB Independent Generation Trading Ltd	ESBIGT	Stephen Court,18-21 St. Stephen's Green,Dublin 2,Ireland	BP, TG, TN,EN,TI,MV	Lynford Short		lynford.short@elexon.co.uk
Escrow-Tech Limited	ETLVLP25	Castlemead, Lower Castle Street, Bristol, BS1 3AG	BP		0370 010 6950	Contact the Service Desk
ESP Electricity Limited	LAING	"ESP Electricity Ltd, Bluebird House, Mole Business Park, Leatherhead, Surrey KT22 7BA
"	BP,DSO	Dilraj Sehmi	020 7380 4354	Dilraj.Sehmi@elexon.co.uk
Esso Petroleum Company Limited	EPCO1	ExxonMobil House, Ermyn Way, Leatherhead, Surrey, KT22 8UX	BP,TG	Kamila Dziuba	0207 380 4299	kamila.dziuba@elexon.co.uk
European Commodity Clearing Luxembourg S.à.r.l. 	ECCLUX	42, Avenue J.F. Kennedy, 1855 Luxembourg, Luxembourg	BP, TN, EN		0370 010 6950 	Contact the Service Desk
European Market Coupling Operator AS	NORDPOOL	"Vollsveien 17B
Granfoss Naeringspark
Lysaker
Norway 1366"	BP, TN, TI, EN		0370 010 6950	Contact the Service Desk
Euston Energy Limited	EUSTON	Town Hall Chambers, High Street East, Wallsend, Newcastle, NE28 7AT	BP, EN, MV
Evolve Energy Supply Limited	CYCLONE	Jubilee House, Each Beach, Lytham, FY8 5FT	BP, TS, EN	Anish Narayan	0207 380 4219	anish.narayan@elexon.co.uk
EWII Energi A/S	EWII6000	Kokberg 30, 6000 Kolding, Denmark	BP, TN		020 7380 4212
Exergy Solutions Limited	EXERGY	"Trafford House Chester Road, Old Trafford, Manchester, M32 0RS
"	BP, VP	Lilith Rallis	020 7380 4174	lilith.rallis@elexon.co.uk
Extra Energy Supply Limited	CALLISTO	54 Hagley Road, Birmingham B16 8PE	BP, EN, MV		0370 010 6950	Email BSC Service Desk
Exxon Mobil Gas Marketing Europe LTD 	EM123	Ermyn House, Ermyn Way, Leatherhead, Surrey, England, KT22 8UX	BP, TN, EN, TI
eZ-nergy SAS	n/a	24 rue de l'Est, 75020 Paris	EN		0370 010 6950	Contact the Service Desk
Ezpada AG 	11XEZPAG	Baarerstrasse 139, 6300 Zug, Switzerland	BP, TN, TI, EN		0370 010 6950
F & S Energy Limited	FSE0001	Office 23, Oliver House, Hall Street, Chelmsford, CM2 0HG	BP,TS,TG,TN,EN,MV	Ben Coates	020 7380 4079	Ben.Coates@elexon.co.uk
Fallago Rig Wind Farm Limited	FALLAGO	"Cardinal Place
80 Victoria Street
London
SW1E 5JL
"	BP, TG		0370 010 6950	Contact the Service Desk
Farmoor Energy Limited	FRENERGY	"Farmoor Energy Limited
Lambourne House
311-321 Banbury Road
Oxford
OX2 7JH"	BP,TS,MV	Kamila Dziuba	0207 380 4299	kamila.dziuba@elexon.co.uk
Farringdon Energy Limited 	FARRINGD	22 Cowal Place, Dunfermline, Scotland, KY11 8GP	BP, TS, EN, MV	Rachel Stevenson-Akrill		Rachel.Stevenson-Akrill@elexon.co.uk
FETC Ltd	FETC	51 Grantham Road, Nottingham, NG12 2HE	BP, TN		0370 010 6950
Fibre Power (Slough) Ltd	NULL	342 Edinburgh Avenue, Slough, SL1 4TU	BP		0370 010 6950	Contact the Service Desk
Field Gaia Ltd	FIELDGA	Montacute Yards, 183 Shoreditch High Street, London, E1 6HU	BP, TN		0370 010 6950
Field Gerrards Cross Ltd	FIELDGER	Montacute Yards, Shoreditch High Street, London, E1 6HU	BP, TG		3700106950
Field Newport Ltd 	FIELDNEW	Montacute Yards, Shoreditch High Street, London, E1 6HU	BP, TG		3700106950
Field Oldham Ltd 	FIELD	"Montacute Yards
183 Shoreditch High Street
London
E1 6HU"	BP, TG		0370 010 6950
Field Whitebirk Ltd 	FIELDWHI	Montacute Yards, Shoreditch High Street, London, E1 6HU	BP, TG		3700106950
First Hydro Company Ltd	FSTHYDRO	Dinorwig Power Station, Llanberis, Gwynedd, Wales, LL55 4TY	BP,TG,EN,MV		0370 010 6950	Contact the Service Desk
Flexitricity Limited	FLEXTRCY	Floor 10, Mainport, 102 West Port, Edinburgh, EH3 9DN	BP, TS, VP, AV, VT	Rachel Stevenson-Akrill		Rachel.Stevenson-Akrill@elexon.co.uk
FlexiVolt Ltd	FLXVL824	"11 Knoll Rise,
Orpington,
England,
BR6 0EJ"	BP, EC, MV, VT	Kirsten Leeming-Arnold	020 7380 4328	kirsten.leeming-arnold@elexon.co.uk
Flow Energy Limited	CIRCUIT	Flow Energy,  Felaw Maltings, 48 Felaw Street, Ipswich, IP2 8PN	BP,TS,MV,EN			Email OSM Management
Fluid Power Ltd	FLUID	60 Victoria Avenue, Bristol, England, BS5 9NG.	BP, TN		0370 010 6950
FLUXSMART LIMITED 	FLXSMART	69 HUNTERS WALK, HUNTERS WOOD, D24 X9KV	BP, TN		0370 010 6950
Fnot Energy DMCC	FET	811 Preatoni Tower, Cluster L, Jumeirah Lake Towers, UAE, 00000	BP, TN		0370 010 6950
Forbury Assets Limited	FORB	1 Forbury Place, 43 Forbury Road, Reading, RG1 3JH	BP, DSO	Sarah Maizey	0207 380 4136	sarah.maizey@elexon.co.uk
Forsa Trading Limited	FORSA	"Clyde View (Suite F3)
Greenock
Scotland
PA15 2UZ
United Kingdom
"	BP, TN, VP		0370 010 6950
Foxglove Energy Supply Limited	FOXGLOVE	Foxglove Energy supply Limited, 16 North Mills, frog Island, Leicester, Leicestershire, LE3 5DL	BP, TS, EN	Anish Narayan	0207 380 4219	anish.narayan@elexon.co.uk
Freasdail Energy Limited	FEL	Beaufort Court, Egg Farm Lane, Kings Langley, Hertfordshire, WD4 8LR	BP, TG		0370 010 6950	Contact the Service Desk
Freepoint Commodities Europe LLP	FREEPNT	4th Floor, Reading Bridge House, George Street, Reading, RG1 8LS	BP, TI, TN, EN		0370 010 6950	Contact the Service Desk
FTM Commodity Services B.V	FTMCOMM	Verdilaan 12, 3055SM, Rotterdam, Netherlands.	BP		0370 010 6950
Fulcrum Electricity Assets Limited	FEAL	2 Europa View, Sheffield, S9 1XH	BP, DSO	Lilith Rallis	020 7380 4174	lilith.rallis@elexon.co.uk
Fundamental Energy Trading Limited	YUS	68 Dalling Road, London, W6 0JA	BP, TN		0370 010 6950	Contact the Service Desk
Fuse Energy Supply Limited	PADDINGT	Fuse Supply Limited, 30 Churchill Place, London, E14 5RE	BP, TS, EN, MV	Dilraj Sehmi	020 7380 4354	Dilraj.Sehmi@elexon.co.uk
Galanta Energy Trading Limited	GALANTAE	"Lorien
Parkhill
Ballyshannon
Co. Donegal
F94 E020
"	BP,TN		0370 010 6950
Galawhistle Wind Farm	GALAWWF	1st floor, 50 Frederick Street, Edinburgh, EH2 1EX	BP, TG		0370 010 6950	Contact the Service Desk
Galloper Wind Farm Limited	GALOWFL	Windmill Hill Business Park, Whitehill Way, Swindon, Wiltshire, SN5 6PB	BP, TG		0370 010 6950	Contact the Service Desk
Gas and Power Limited	ROSE	3B Edward VII Quay, Navigation Way, Preston, Lancashire, PR2 2YF	BP, EN, MV
Gas Management Services Limited	n/a	Clarendon House, Clarendon Road, Cambridge, CB2 8FH	EN		0370 010 6950	Contact the Service Desk
Gaz de France Generation Limited	N/A	1 City Walk, Leeds, LS11 9DX	BP
Gaz de France SA	GDFSA	23 Rue Philibert Delorme, 75840 Paris Cedex 17, France	BP,TN
GDF SUEZ Trading	GASELYS	1, Place de Samuel de Champlain, 92930 Paris La Défense Cedex, France	BP,TI,TN,EN
GEN-I, d.o.o	GENI	Vrbina 17, Krško, 8270, Slovenia	BP, TN, TI, EN		3700106950
Gen4u Limited	GEN4U291	BizSpace, Room 4 Albion Mills, Albion Road, Bradford, BD10 9TQ	BP		0370 010 6950	Email OSM management
GETEC ENERGIE GmbH	GETECNRG	"An der Börse, 4
Hannover
30159
Germany"	BP		0370 010 6950
GFP Trading Ltd 	GFPT	GFP Trading Ltd, 17 The Courtyard, Gorsey Lane, Coleshill, Birmingham B46 1JA	BP, TG, EN, MV		0370 010 6950 	Contact the Service Desk
GIBV Geneva Branch	GUNVOR	Rue du Rhône 80-84, 1204 Geneva, Switzerland	BP, TN, TI, EN		0370 010 6950
Glencore Energy UK Ltd	GENUK	18 Hanover Square, London, W1S 1JY	BP, TI, TN, EN		0370 010 6950
Glens of Foudland Wind Farm Limited	GOFPOWER	Millstream, Maidenhead Road, Windsor, Berkshire, SL4 5GD	BP,TG		0370 010 6950	Contact the Service Desk
Global Energy Advisory Limited	GEAJOE88	78 York Street, London, W1H 1DP	BP, TN		0370 010 6950	Contact the Service Desk
Gnera Energia y Tecnologia S.L	GNERAUK1	Serrano Galvache 56 Edificio Abedul Planta 28033, Madrid, Spain	BP, TI		0370 010 6950
GnERGY Limited	LUMA	119 Wren Way, Farnborough, Hampshire, GU14 8TA 	BP, EN			Email OSM Management
Golders Energy Limited	GOLDERS	C/O Utiliteam 7 &amp; 8 Delta Bank Road, Metro Riverside Park, Gateshead, United Kingdom, NE11 9DJ	BP, TS, EN, MV	Nicola Woods	020 7380 4263	Nicola.Woods@elexon.co.uk
Good Energy Limited	PURE	Monkton Reach, Monkton Hill, Chippenham, Wiltshire, SN15 1EE	BP,TS, EN, MV	Lilith Rallis	020 7380 4174	lilith.rallis@elexon.co.uk
Gore Street Energy Trading Ltd	GSET	First Floor, 16-17 Little Portland Street, London, W1W 8BP	BP		0370 010 6950	Contact the Service Desk
Grafton Commodity Trading Ltd	GRAFTON	Third Floor, 28 Ely Place, London, EC1N 6TD	BP, TN		3700106950
Grangemouth CHP Ltd	GCHP	Utilities Control Building, PO Box 30, Bo’ness Road, Grangemouth, FK3 9XQ	BP,TG		0370 010 6950	Contact the Service Desk
Greater Gabbard Offshore Winds Limited	GGOWL	55 Vastern Road, Reading, RG1 8BU	BP,TG	Raeece Ibrahim	0207 380 4373	Raeece.Ibrahim@elexon.co.uk
Green Energy (UK) Plc	GRNUKPLC	Black Swan House, 23 Baldock Street, Ware, Herts, SG12 9DH	BP, TS	Rachel Stevenson-Akrill		Rachel.Stevenson-Akrill@elexon.co.uk
Green Energy Supply Limited	VIRG	4034 The Core Bath Lane, Newcastle Helix, Newcastle Upon Tyne, NE4 5TF	BP		0370 010 6950	Email BSC Service Desk
Green Generation Energy Networks Cymru Limited	GGCL001	Hodge House, Guildhall Place, Cardiff, CF10 1DY	BP		0370 010 6950	Contact the Service Desk
Green Network Energy LTD	ZEPHYR	New Kings Court, Tollgate, Eastleigh, Hants SO53 3LG	BP, EN		0370 010 6950
Green Network UK PLC	GRENETUK	New Kings Court, Tollgate, Chandlers Ford, Eastleigh, SO53 3LG	BP, TN, EN, MV		0370 010 6950	Contact the Service Desk
Green Power Trading Aps	GREENPT	Christians Brygge 28, 1, Copenhagen, Denmark, 1559	BP, TN		0370 010 6950
Green.ai ApS	GREENAI	Højbro Plads 10, 4. 1200, Copenhagen, Denmark	BP, TN
Greenchoice B.V.	GREENCHO	Kruisplein 15, 3014DB, Rotterdam, Netherlands	BP, TN, TI		0370 010 6950	Contact the Service Desk
Greengairs East Wind Farm Ltd	GEWF0422	Muirhall Farm, Auchengray, Carnwath, Lanark, South Lanarkshire, Scotland, ML11 8LL	BP, TG
Greengairs East Wind Farm Ltd	GEWF0422	Muirhall Farm, Auchengray, Carnwath, Lanark, South Lanarkshire, Scotland, ML11 8LL	BP, TG		0370 010 6950
Greenlink Interconnector Ltd 	GREENLNK	Unit 3, 4075 Kingswood Road, Citywest Business Campus, Saggart, Co. Dublin	BP, IA, IE		0370 010 6950
GreenSpark Analytics Limited	GREENPRK	71 Baggot Street Lower, Dublin 2, D02P593, Ireland	BP, TN		0370 010 6950
Grid Commodities ApS	GRIDCOM1	Trindsøvej 6 1., 8000 Aarhus C, Denmark	BP, TN		0370 010 6950	Contact the Service Desk
GridBeyond Limited	ENDECO	54 Clarendon Road, Watford, WD17 1DU	BP, TN, VP	Nicola Woods	020 7380 4263	Nicola.Woods@elexon.co.uk
Gridmatic Euphrasia LLC 	GEIF	"850 New Burton Road
Suite 201
Dover, DE
19904 "	BP, TN		0370 010 6950
Griffin Wind Farm Limited	GRWL	Inveralmond House, 200 Dunkeld Road, Perth, PH1 3AQ	BP,TG	Raeece Ibrahim	0207 380 4373	Raeece.Ibrahim@elexon.co.uk
Gunfleet Sands II Ltd	DONG006	c/o Watson Farley & Williams, 15 Appold Street, London, EC2A 2HB	BP,TG		0370 010 6950	Contact the Service Desk
Gunfleet Sands Ltd	DONG005	c/o Watson Farley & Williams, 15 Appold Street, London, EC2A 2HB	BP,TG		0370 010 6950	Contact the Service Desk
Gwynt Y  Offshore Wind Farm Limited	GYMOWL	"Gwynt Y  Offshore Wind Farm Limited
Auckland House
Lydiard Fields
Swindon
Wiltshire
SN5 8ZT"	BP, TG		0370 010 6950 	Contact the Service Desk
Habitat Energy Limited	HABITAT	3rd Floor, 24 Savile Row, W1S2ES, London	BP, TN, VP, EN, MV, TS	Kirsten Leeming-Arnold	020 7380 4328	kirsten.leeming-arnold@elexon.co.uk
Hagshaw Hill Repowering Ltd	HAGHWF	320 St. Vincent Street, Glasgow, G2 5AD	BP, TG		0370 010 6950
Harlaxton Energy Networks Ltd	HARL	Toll Bar Road, Marston, Grantham, Lincolnshire NG32 2HT	BP, DSO	Nicola Woods	020 7380 4263	Nicola.Woods@elexon.co.uk
Hartree Partners Energy Power &amp; Gas Company (UK) Limited	HEPGCO	33 Grosvenor Place, London, SW1X 7HY	BP,TN,EN,TI	Ben Coates	020 7380 4079	Ben.Coates@elexon.co.uk
Hartree Partners Supply (UK) Limited	POWQ	33 Grosvenor Place, London, SW1X 7HY 	BP, TS, EN, MV	Sarah Maizey	0207 380 4136	sarah.maizey@elexon.co.uk
HD000Act Ltd	CESIRN01	"First Floor River Court, The Old Mill Office, Mill Lane, Godalming, Surrey, GU7 1EZ

"	BP
HD143OCK Ltd	CESGOL01	"First Floor River Court , The Old Mill Office, Mill Lane, Godalming, Surrey, GU7 1EZ
"	BP, TG		0370 010 6950
HD144WHI Ltd 	CESWHI01	First Floor River Court, The Old Mill Office, Mill Lane, Godalming, Surrey, GU7 1EZ	BP		0370 010 6950
HD639LEG Limited 	CESLEG01	First Floor River Court, The Old Mill Office, Mill Lane, Godalming, Surrey, GU7 1EZ	BP		0370 010 6950
HD777FRY Ltd 	CESMON01	First Floor River Court, The Old Mill Office, Mill Lane, Godalming, Surrey, GU7 1EZ	BP, TG		0370 010 6950
HD888CAP Ltd	CESCAP01	First Floor River Court , The Old Mill Office, Mill Lane, Godalming, Surrey, GU7 1EZ	BP, TG		0370 010 6950
Helios Power Trading A/S	HELIOS	Hasselager Centervej 13 st., 8260 Viby J, Denmark	BP, NPT, TI		0370 010 6950	Contact the Service Desk
Highland Electricity Limited	SCORPIA	Utilihouse, East Terrace, Chorley, England, PR7 6TE	BP, TS, EN, MV	Kamila Dziuba	0207 380 4299	kamila.dziuba@elexon.co.uk
Hirwaun Power Limited	HPL	Drax Power Station, Selby, North Yorkshire, YO8 8PH	BP, TG		0370 010 6950
Holborn Energy Limited	HOLBORN	Stonefield, Bagslate Moor Road, Rochdale, United Kingdom, OL11 5XT	BP, TS, EN, MV	Lynford Short		lynford.short@elexon.co.uk
Home Energy Limited	SPALT	Stoneygate House, 2 Greenfield Road, Holmfirth, West Yorkshire. HD9 2JT 	BP, TS, EN, MV	Anish Narayan	0207 380 4219	anish.narayan@elexon.co.uk
HomeHero Energy	COLO	HomeHero Energy, Unit 7, London, United Kingdom, EC2A 4NE	BP		0370 010 6950	Contact the Service Desk
Hornsea 1 Limited	DONG013	5 Howick Place, London, SW1P 1WG	BP, TG		0370 010 6950	Contact the Service Desk
Hywind (Scotland) Limited	HYWINDSC	1 Kingdom Street, London, W2 6BD	BP, TG		0370 010 6950	Contact the Service Desk
I Supply Energy Limited	COOP	Richmond House,Richmond Hill, Bournemouth,BH2 6EQ	BP, TS, TN	Lynford Short		lynford.short@elexon.co.uk
Iberdrola Energía España,S.A.U.	IBEGENES	Plaza Euskadi, 5, 48009 Bilbao	BP, TI, EN	Kamila Dziuba	0207 380 4299	kamila.dziuba@elexon.co.uk
ICE Clear Europe Limited	ICECLEAR	International House, 1 St. Katharine's Way, London, E1W 1UY	BP,TN. EN		0370 010 6950	Contact the Service Desk
Idaho Energy	IDAH	"2 London Wall Place, London, England, EC2Y 5AU
"	BP, TS	Kirsten Leeming-Arnold	020 7380 4328	kirsten.leeming-arnold@elexon.co.uk
Igloo Energy Supply Limited	PION1015	The White Building, 1-4 Cumberland Place, Southampton, SO15 2NP	BP, EN, MV			Email OSM Management
Illumia S.p.A	ILLUMIA	Via De’ Carracci n. 69/2, 40129, Bologna, Italy 	BP, TN
IMC Trading B.V. NL, Denmark filial	IMCTRADK	Mariane Thomsens Gade 4B, 3. 8000 Aarhus C, Denmark	BP		0370 010 6950	Contact the Service Desk
Impact Energy Trading A/S	IMPACT25	Banegårdspladsen 20A, 1.th., 8000, Denmark	BP, TN		0370 010 6950	Contact the Service Desk
In Commodities A/S	INCOMAS	Tangen 6, DK-8200 Aarhus N, Denmark	BP, TN, TI		0370 010 6950	Contact the Service Desk
Inch Cape Offshore Ltd	ICOL001	Ground Floor, New Clarendon, 114-116 George Street, Edinburgh, EH2 4LH	BP		0370 010 6950	Contact the Service Desk
Indaver Rivenhall Limited 	INDARIV	Kao Hockham Building, Edinburgh Way, Harlow, CM20 2NQ	BP		0370 010 6950	Contact the Service Desk
Independent Distribution Connection Specialists Ltd	IDCSL	55 Baker Street, W1U 7EU, London	BP, DSO	Lilith Rallis	020 7380 4174	lilith.rallis@elexon.co.uk
Independent Power Networks Limited	IPNL	Ocean Park House, East Tyndall Street, Cardiff, CF24 5GT	BP,DSO	Anish Narayan	0207 380 4219	anish.narayan@elexon.co.uk
Indian Queens Power Limited	AESIQPL	Gaverigan, St Dennis, St Austell, Cornwall, PL26 8BY	BP,TG,EN		0370 010 6950	Contact the Service Desk
Indigo Power Limited	INDIGO	15 Diddenham Court, Lambwood Hill, Grazeley, Reading, RG7 1JQ	BP, DSO 	Nicola Woods	020 7380 4263	Nicola.Woods@elexon.co.uk
Inductive Energy A/S 	INDUCTIV	Åbogade 15, 8200 Aarhus N, Denmark	BP, TN, TI		0370 010 6950
INOVYN Energy Limited	IMPX	Bankes Lane Office, Bankes Lane, Runcorn, Cheshire, WA7 4EL	BP, TG		0370 010 6950	Email OSM Management
International Power Ltd.	NULL	Senator House, 85 Queen Victoria Street, London, EC4V 4DP	BP
IPM Energy Retail Ltd	FOUR	Senator House, 85 Queen Victoria Street, London, EC4V 4DP	BP
IRESA Limited	IRESA	"145-157 St John Street,
London,
EC1V 4PW"	BP		0370 010 6950	Email OSM management
Iron Acton Green Limited	IAGL2020	"17th Floor Hylo 103-105 Bunhill Row,
London,
EC1Y 8LZ"	BP, TG		3700106950
Itochu Europe Plc 	ITCEU	The Broadgate Tower, 20 Primrose Street, EC2A 2EW	BP, TN, TI, EN, MV		3700106950
J G Pears Power Limited	JGPEARSP	Bella Vista Farm, Hartcliffe, Penistone, Sheffield, S36 9FN	BP, TG		0370 010 6950	Contact the Service Desk
J. Aron & Company	JARON	"c/o Goldman Sachs
International,
Plumtree Court,
25 Shoe Lane,
London,
EC4A 4AU"	BP,TN,EN, TI		0370 010 6950	Contact the Service Desk
Jane Street Energy Europe B.V.	JSEE	Strawinskylaan1657, WTC Tower Ten – L19, 1077XX, Amsterdam, Netherlands	BP, TN		0370 010 6950	Contact the Service Desk
Jellyfish Energy Limited	TRAM	Granta Lodge, 71 Graham Road, Malvern, Worcestershire, WR14 2JS	BP, TS	Sarah Maizey	0207 380 4136	sarah.maizey@elexon.co.uk
Joulen	POWONTEC	19 Bedford Street Belfast BT2 7EJ	BP,VP,VT	Lilith Rallis	020 7380 4174	lilith.rallis@elexon.co.uk
Jump Trading Europe B.V. 	JTEU	Claude Debussylaan 2A, Amsterdam, Netherlands, 1082MD	BP, TN		0370 010 6950
JWM Energia spółka z ograniczoną odpowiedzialnością	JWM	Kolejowa 57, 40-602 Katwice, POLAND	BP, TN, TI		0370 010 6950	Contact the Service Desk
Keadby Development Ltd	NULL	c/o Scottish & Southern Energy, Westacott Way, Littlewick Green, Maidenhead, Berkshire, SL6 3QB	BP	Raeece Ibrahim	0207 380 4373	Raeece.Ibrahim@elexon.co.uk
Keadby Generation Ltd	KGL	c/o Scottish & Southern Energy, Westacott Way, Littlewick, Green, Maidenhead, Berkshire, SL6 3QB	BP,TG	Raeece Ibrahim	0207 380 4373	Raeece.Ibrahim@elexon.co.uk
Kennoxhead Wind Farm Limited	KENX01	5 Howick Place, London, England, SW1P 1WG	BP, TG		0370 010 6950
Kentucky Energy Limited	KENT	"Radio House
Aston Road North
Birmingham
England
B6 4DA"	BP, TS	Sarah Maizey	0207 380 4136	sarah.maizey@elexon.co.uk
Kilbraur Wind Energy Limited	KILBRAUR	Findhorn House, Dochfour Business Centre, Dochgarroch, Inverness, IV3 8GY	BP,TG		0370 010 6950	Contact the Service Desk
Kincraig Energy Centre Limited 	KINCRAIG	"6th Floor
338 Euston Road
London
NW1 3BG"	BP, TG		0370 010 6950	Contact the Service Desk
KiWi Power Ltd	KIWI	35 Ballards Lane, London, N3 1XW	BP,		0370 010 6950
Koch Supply & Trading Sàrl 	KSARL	Fourth Floor, 20 Gresham Street, London, EC2V 7JE	BP, TI, TN, EN		0370 010 6950	Contact the Service Desk
Kria Energy ehf	KRIAENER	Stapasel 5,109 Reykjavik, Iceland	BP, TN, TI		0370 010 6950	Contact the Service Desk
Kvasir Technologies	KVASIR	18th Floor, 100 Bishopsgate, London, EC2N 4AG	BP, TN		03700 10 69 50
KXP Immingham Ltd	KXPIMM	30 Orange Street, London, WC2H 7HF	BP, TG		0370 010 6950	Contact the Service Desk
Kype Extension Wind Farm Ltd	KYPEMEXT	"Inkerman House, St John's Road, Meadowfield
Durham
DH7 8XL"	BP, TG		0370 010 6950
Lakeside Energy Storage Ltd 	LAKESIDE	Beaufort Court, Egg Farm Lane, Kings Langley, Hertfordshire, WD4 8LR	BP, TG		0370 010 6950
Last Mile Electricity Ltd	GUC1204	Fenwick House, Lister Way, Hamilton International Trading Park, Glasgow, G72 0FT	BP,DSO	Kirsten Leeming-Arnold	020 7380 4328	kirsten.leeming-arnold@elexon.co.uk
LDV Harburnhead Ltd	HARBURN1	13 Queens Road, Aberdeen, AB15 4YL	BP, TG		0370 010 6950	Contact the Service Desk
Leep Electricity Networks Limited	PENL	"The Greenhouse, MediaCityUK, Salford, Manchester, M50 2EQ
"	BP, DSO	Rachel Stevenson-Akrill		Rachel.Stevenson-Akrill@elexon.co.uk
Lehman Brothers Commodity Services Inc	LEHMAN	25 Bank Street , London, E14 5LE	BP,TN,EN,TI		0370 010 6950	Contact the Service Desk
Levelise Limited	LEVELISE	"Synergy House
Woolpit Business Park
Woolpit
Bury St. Edmunds
Suffolk
England
IP30 9UP"	BP, VP	Anish Narayan	0207 380 4219	anish.narayan@elexon.co.uk
Lightfield Limited	LIGHTFLD	Lissarda Business Park, Lissarda, Co. Cork, IRELAND	BP, TN, TI, EN		0370 010 6950	Contact the Service Desk
Limejump Energy Limited	ANGEL	Canterbury Court, Kensington Park, 1-3 Brixton Road, London, SW9 6DE	BP, TS, EN, MV	Kirsten Leeming-Arnold	020 7380 4328	kirsten.leeming-arnold@elexon.co.uk
Limekiln Extension Ltd 	LMKEXTWF	16 West Borough Boralex, BH21 1NG	BP		0370 010 6950
Lincs Wind Farm Limited	LINCSWFL	No.1 Waterfront Avenue, Edinburgh, EH5 1SG	BP,TG		0370 010 6950	Contact the Service Desk
London Array Limited	LAOWF	Windmill Hill Business Park, Whitehill Way, Swindon, Wiltshire, United Kingdom, SN5 6PB	BP,TG		0370 010 6950	Contact the Service Desk
London Power Networks Plc	LPN	Newington House, 237 Southwalk Bridge Road, London, SE1 6NP	BP,DSO	Anish Narayan	0207 380 4219	anish.narayan@elexon.co.uk
Luminus SA	LUMINUS1	Boulevard Roi Albert Il 7, 1210 Brussels	BP, TI		0370 010 6950
Lynemouth Power Limited 	LYNE	Trigonos, Windmill Hill Business Park, Whitehill Way, Swindon, Wiltshire, SN5 6PB	BP, TG, EN		0370 010 6950 	Contact the Service Desk
Lyse Produksjon AS	LP980335	"Breiflåtveien 18
Norway
4017
"	BP, TI		0370 010 6950
Macquarie Bank Limited	MBLLO	CityPoint, 1 Ropemaker Street, London, EC2Y 9HD	BP, TN, TI, EN, MV		0370 010 6950	Contact the Service Desk
Marble Power Limited 	MARBLE	First Floor, Roxburghe House, 273-287 Regent Street, London, W1B 2HA	BP, TS, EN, MV	Anish Narayan	0207 380 4219	anish.narayan@elexon.co.uk
Marchwood Power Limited	MPL	Oceanic Way, Marchwood Industrial Park, Marchwood, Hampshire, SO40 4BD	BP,TG		0370 010 6950	Contact the Service Desk
Maxen Power Supply Limited	HAWKING	Olympic House, 28-42 Clement Road, Ilford, IG1 1BA	BP, TS, EN, MV	Dilraj Sehmi	020 7380 4354	Dilraj.Sehmi@elexon.co.uk
Maxima Energy UK Ltd 	MAXIMA	Airport House Purley Way Croydon CR0 0XZ	BP		03700 10 69 50
Medway Power Ltd	MEDWAY	Isle of Grain, Rochester, Kent, ME3 0AG	BP,TG,EN		0370 010 6950	Contact the Service Desk
Mercuria Energy Trading SA	METSA	50 Rue du Rhone, 1204 Geneva, Switzerland	BP, TN, TI, EN, MV		0370 010 6950	Contact the Service Desk
Mercury Energy Research ApS 	MER	Skt Pauls Gade 27F, 1TV, 8000, Denmark	BP, TN		3700106950
Merrill Lynch International	MLI	2 King Edward Street, London EC1A 1HQ	BP, TN, EN		0370 010 6950 	Contact the Service Desk
Metlen International AG 	MITCOAG1	Lindenstrasse 10, Baar, 6340, Switzerland	BP, TN, TI		3700106950
MFT Energy P/S	MFTE	Banegaardspladsen 11, 4th Floor, 8000 Aarhus, Denmark	BP, TN, TI		0370 010 6950	Contact the Service Desk
MGT Teesside Limited	TEESREP	8 White Oak Square, London Road, Swanley, England, BR8 7AG	BP, TG		0370 010 6950	Contact the Service Desk
MIllbrook Power Limited	MILBRPWR 	Drax Power Station, Selby, North Yorkshire, YO8 8PH	BP		0370 010 6950
Millennium Commodities I Designated Activity Company	MCIDAC24	"32 Molesworth Street
Dublin
Dublin 2
Ireland"	BP, TN, TI		0370 010 6950
Millennium Wind Energy Limited	MILLEN07	Findhorn House, Dochfour Business Centre, Dochgarroch, Inverness, IV3 8GY	BP,TG		0370 010 6950	Contact the Service Desk
Minnygap Energy Limited	MEL	Beaufort Court, Egg Farm Lane, Kings Langley Hertfordshire, WD4 8LR	BP, TG		0370 010 6950	Contact the Service Desk
Mitsui Bussan Commodities Ltd	MBCL2022	"5 Paternoster Square
1st Floor
Warwick Court
London
EC4M 7DX"	BP, TN, EN		0370 010 6950
Mitsui Bussan Gas & Power Solutions	MBGP2022	"Barbara Strozzilaan 20
1083HN Amsterdam
Netherlands"	BP, TN, EN		0370 010 6950
Mobius Renewables Generation (GB 2) Limited	AIRGEN2	1st floor, 50 Frederick Street, Edinburgh, EH2 1EX	BP, TG, MV		0370 010 6950	Contact the Service Desk
Mobius Renewables Generation (GB) Ltd	AIRGEN	1st floor, 50 Frederick Street, Edinburgh, EH2 1EX	BP,TG,EN		0370 010 6950	Contact the Service Desk
Mongoose Energy Supply Limited	BETHNAL	14 Orchard Street, Bristol, Avon, BS1 5EH 	BP, TS, EN, MV	Rachel Stevenson-Akrill		Rachel.Stevenson-Akrill@elexon.co.uk
Monolith Capital AG	MONOCAP7	"50 Zugerstrasse
Zug
6340
Switzerland"	BP, TN, TI		0370 010 6950
Moorlands Trading Ltd	MOORLAND	4 Moorlands Avenue, Oakworth, Keighley, BD22 7LW	BP, TN, 		0370 010 6950	Contact the Service Desk
Moray Offshore Wind West Ltd	MOWWL	Shepherd And Wedderburn Llp Octagon, Point, 5 Cheapside, London, EC2V 6AA	BP		0370 010 6950
Moray Offshore Windfarm (East) Limited	MOWEL	Condor House, 5-10 St. Paul's Churchyard, London, EC4M 8AL	BP, TG			Contact OSM Management
Morecambe Wind Limited	MWLWODS1	"3 Prenton Way,
North Cheshire Trading Estate,
Penton,
CH43 3ET"	BP, TG	Kamila Dziuba	0207 380 4299	kamila.dziuba@elexon.co.uk
Morgan Stanley Capital Group Inc	MSCGI	20 Cabot Square, Canary Wharf, London, E14 4QA	BP, TN		0370 010 6950	Contact the Service Desk
mua Electricity Limited	MURPHY	Hiview House, Highgate Road, London, United Kingdom, NW5 1TN	BP, DSO	Anish Narayan	0207 380 4219	anish.narayan@elexon.co.uk
MVV Environment Services Limited	LIGHTNIN	Devonport EfW CHP Facility, Creek Road, Plymouth, Devon, PL5 1FL	BP, TS, EN, MV	Sarah Maizey	0207 380 4136	sarah.maizey@elexon.co.uk
MVV Trading GmbH	MVVTRAD	"Intraday Operations Desk
Luisenring 49,
68159 Mannheim,
Germany"	BP, TN, EN 	Sarah Maizey	0207 380 4136	sarah.maizey@elexon.co.uk
MWH Energy B.V. 	83193642	Willem de Zwijgerlaan 29, 2082BB Santpoort-Zuid, Netherlands	BP, TN		0370 010 6950
Nabla Technologies ApS	NABLATEC	"Viborgvej 21, 4. th
8000"	BP
Nabuh Energy Limited	SANT1015	The Balance, 9th floor 2 Pinfold Street, Sheffield, S1 2GU	BP, EN, MV		0370 010 6950	Email BSC Service Desk
National Energy System Operator Limited	NGC	Faraday House, Warwick Technology Park, Warwick, CV34 6DA	BP,IA,IE,TC,TI,EN	Kamila Dziuba	0207 380 4299	kamila.dziuba@elexon.co.uk
National Grid Electricity Distribution (East Midlands)	EASTMIDS	Avonbank, Feeder Road, Bristol, United Kingdom, BS2 OTB	BP,DSO	Kamila Dziuba	0207 380 4299	kamila.dziuba@elexon.co.uk
National Grid Electricity Distribution (South Wales)	INFRALEC	Avonbank,Feeder Road,Bristol,BS2 0TB	BP,DSO	Kamila Dziuba	0207 380 4299	kamila.dziuba@elexon.co.uk
National Grid Electricity Distribution (South West)	WPD	Avonbank, Feeder Road, Bristol, BS2 0TB	BP,DSO	Kamila Dziuba	0207 380 4299	kamila.dziuba@elexon.co.uk
National Grid Electricity Distribution (West Midlands)	GPUPD	Avonbank, Feeder Road, Bristol, United Kingdom, BS2 OTB	BP,DSO	Kamila Dziuba	0207 380 4299	kamila.dziuba@elexon.co.uk
National Grid IFA 2 Limited	NGIFA2	1-3 Strand, London, WC2N 5EH	BP, IA, IE	Kamila Dziuba	0207 380 4299	kamila.dziuba@elexon.co.uk
National Grid Interconnectors Ltd	NGIFA	NG House, Warwick Technology Park, Gallows Hill, Warwick, CV34 6DA	BP,IA,IE	Kamila Dziuba	0207 380 4299	kamila.dziuba@elexon.co.uk
National Grid North Sea Link Limited	NGNSL	1-3 Strand, London, WC2N 5EH	BP, IA, IE	Kamila Dziuba	0207 380 4299	kamila.dziuba@elexon.co.uk
National Grid Viking Link Ltd	NGVLL	1-3 Strand, London, WC2N 5EH	BP, IA, IE, TI	Kamila Dziuba	0207 380 4299	kamila.dziuba@elexon.co.uk
Naturgy Limited	VAYU	"24 - 28 Tara Street
Dublin 2
Ireland
D02 CX89
"	BP, TI, EN, MV		0370 010 6950	Contact the Service Desk
Neart Na Gaoithe Offshore Wind Limited	NNG01	Atria One 144 Morrison Street Edinburgh United Kingdom EH3 8EX	BP, TG		0370 010 6950
NEAS Energy Limited	CNDA	Millstream, Maidenhead Road, Windsor, Berkshire, SL4 5GD	BP, TS,EN, MV	Dilraj Sehmi	020 7380 4354	Dilraj.Sehmi@elexon.co.uk
Nemo Link Limited	NEMO1	1-3 Strand, London, WC2N 5EH	BP, IA, IE		0370 010 6950	Contact the Service Desk
Newatt S.r.l. 	NWNPT	Magliano Alfieri, piazza cecilia arione morando 6b,12050	BP
Next Gen Energy ApS	NEXTGEN	" Klingseyvej 18, 1 - 2720 Copenhagen, Denmark.
"	BP, TN, TI		0370 010 6950	Contact the Service Desk
Next Kraftwerke GmbH	NEXTKW	Lichtstraße 43g, 50825, Cologne, Germany 	BP, TN, EN
Nitor Energy A/S	NIREX	Europaplads 8B, 1., 8000 Aarhus C, Denmark	BP, TI, TN		4528747063
Nord Energy Oy	NORD	c/o Leinonen Suomi Oy Malminkaari 23 A, Finland, 00700	BP, TN		0370 010 6950
Nordic Energy House ApS	NEH	Østergade 27 3.TV, 8000 Aarhus C, Denmark	BP, TN, TI		0370 010 6950	Contact the Service Desk
Norlys Energy Trading A/S	NORLYS	Over Bækken 6, 9000 Aalborg, Denmark	BP, TN, EN, TI		0370 010 6950
North Kyle Wind Farm Limited	NKWFL	"The Eagle Building – Third Floor,
19 Rose Street,
Edinburgh,
Lothian,
EH2 2PR"	BP, TG, MV		3700106950
Northern Powergrid (northeast) plc	NEDL	Lloyds Court, 78 Grey Street, Newcastle upon Tyne, NE1 6AF	BP,DSO	Lynford Short		lynford.short@elexon.co.uk
Northern Powergrid (Yorkshire) plc	YEDB	PO Box 161,161 Gelderd Road,Leeds,West Yorkshire,LS1 1QZ	BP,DSO	Lynford Short		lynford.short@elexon.co.uk
Northpool BV	NORTHPL	3e Binnenvestgracht 23N, 2312NR Leiden, NETHERLANDS	BP, TN, TI		0370 010 6950	Contact the Service Desk
Npower Commercial Gas Limited	NPOWER02	Westwood Way, Westwood business park, Coventry, CV5 8LG	BP, TS	Ben Coates	020 7380 4079	Ben.Coates@elexon.co.uk
Nuclear Decommissioning Authority	MAGNOX	Energy, Sales and Trading Department, Berkeley Centre, Berkeley, Glos, GL13 9PB	BP,TG,TI,TS,EN,MV
Nursling Energy Two Limited	NURSLE2	6th Floor, St Magnus House, 3 Lower Thames Street, London, England, EC3R 6HD	BP, TG		0370 010 6950	Contact the Service Desk
Nvalue AG	NVALUE	Sihleggstrasse 23, CH-8832, Wollerau, Switzerland	BP, TI		0370 010 6950
Octopus Energy Limited	MERCURY	33 Holborn, London EC1N 2HT	BP, TS, EN, MV	Rachel Stevenson-Akrill		Rachel.Stevenson-Akrill@elexon.co.uk
Octopus Energy Operations 2 Ltd	FRST01	Shell Energy House Westwood Business Park, Westwood Way, Coventry, England, CV4 8HS	BP,TS	Rachel Stevenson-Akrill		Rachel.Stevenson-Akrill@elexon.co.uk
Octopus Energy Operations Ltd	REGENT	UK House, 5th Floor, 164-182 Oxford Street, London, W1D 1NN	BP, TS, EN, MV	Rachel Stevenson-Akrill		Rachel.Stevenson-Akrill@elexon.co.uk
Octopus Energy Trading Limited	COPPER	7 Riverside Business Centre, Shoreham By Sea, BN43 6RE	BP, TS, VP, VT, EN, MV	Rachel Stevenson-Akrill		Rachel.Stevenson-Akrill@elexon.co.uk
Odigo Energy ApS	ODIGO	"Kystvejen 37B, st.
8000 Aarhus C
Denmark"	BP, TN		+45 60 60 95 68
Ohme Operations UK Limited	OHME	5th Floor Wellington House, 125-130 The Strand, WC2R 0AP	BP		3700106950
Ompex AG	OMPEX	Muhlebachstrasse 20, CH-8008 Zurich, Switzerland	BP, TN, TI		0370 010 6950
OnPath Energy Limited	BANKSREN	Inkerman House, St John's Road, Meadowfield, Durham, DH7 8XL	BP, TG		0370 010 6950	Contact the Service Desk
Optimax Energy GmbH 	OPTIMAX	Käthe-Kollwitz-Straße 1, 04109 Leipzig	BP, TI, TN		0370 010 6950	Contact the Service Desk
Optimo Energy Limited	OPTIMO	"Second Floor Windsor House, 40-41 Great Castle Street
London
W1W 8LU
UK"	BP		3700106950
Opus Energy (Corporate) Limited	CHENERGY	"Opus Energy (Corporate) Limited
Lambourne House
311-321 Banbury Road
Oxford
OX2 7JH"	BP,TS	Kamila Dziuba	0207 380 4299	kamila.dziuba@elexon.co.uk
Opus Energy Limited	OXFPOWER	"Opus Energy Limited
Lambourne House
311-321 Banbury Road
Oxford
OX2 7JH"	BP,TS,EN,MV	Kamila Dziuba	0207 380 4299	kamila.dziuba@elexon.co.uk
Opus Energy Renewables Limited	EVENERGY	"Opus Energy Renewables Limited
Lambourne House
311-321 Banbury Road
Oxford
OX2 7JH"	BP,TS,MV	Kamila Dziuba	0207 380 4299	kamila.dziuba@elexon.co.uk
Orange Power Ltd	ORANGE00	"27 Castle Street, Canterbury, England, CT1 2PX
"	BP	Nicola Woods	020 7380 4263	Nicola.Woods@elexon.co.uk
Ormonde Energy Limited	ORMONDE	Bridge End, Hexham, Northumberland, NE46 4NU	BP,TG		0370 010 6950	Contact the Service Desk
Orsted ESS Mersey Limited 	DONG014	5 Howick Place, London, SW1P 1WG	BP, TG	Lynford Short		lynford.short@elexon.co.uk
Orsted Hornsea Project Three (UK) Limited	HOW03	5 Howick Place, London, England, SW1P 1WG	BP
OTC Flow B.V.	OTCFLOW1	Huidekoperstraat 26, 1017ZM, Amsterdam, The Netherlands	BP, TN		3700106950
Our Power Energy Supply Limited	RHODIUM	6th Floor, One London Wall, London EC2Y 5EB	BP, EN, MV		0370 010 6950	Email BSC Service Desk
Outlook Energy Ltd 	OUTLOOK	Aston House, Cornwall Avenue, London, United Kingdom, N3 1LF	BP, TN, TI		0370 010 6950
Oval Energy Limited	OVAL	C/O Utiliteam 7 &amp; 8 Delta Bank Road, Metro Riverside Park, Gateshead, United Kingdom, NE11 9DJ	BP, TS, EN, MV	Anish Narayan	0207 380 4219	anish.narayan@elexon.co.uk
OVO Electricity Limited	OVOE	"1 Rivergate, Temple Quay, Bristol, BS1 6ED
"	BP,TS, MV,EV	Kirsten Leeming-Arnold	020 7380 4328	kirsten.leeming-arnold@elexon.co.uk
Ørsted Burbo (UK) Limited	DONG001	5 Howick Place, London, SW1P 1WG	BP,TG,TI, EN	Lynford Short		lynford.short@elexon.co.uk
Ørsted Gunfleet Sands DEMO (UK) Ltd	DONG007	"5 Howick Place, London, SW1P 1WG
"	BP, TG	Lynford Short		lynford.short@elexon.co.uk
Ørsted Power (UK) Limited	DONG004	5 Horwick Place, London, SW1P 1WG	BP,TN	Lynford Short		lynford.short@elexon.co.uk
Ørsted Power Sales (UK) Limited	MAGNETIC	1 - 3 The Strand, London, WC2N 5EJ	BP,TS,MV,EN	Lynford Short		lynford.short@elexon.co.uk
Ørsted Salg and Service A/S	DEEM1000	Kraftvaerksvej 53, 7000 Skaerbaek, Denmark	BP,TN,TG,EN,MV	Lynford Short		lynford.short@elexon.co.uk
P3P Energy Supply Limited	NEVA	1st Floor Thavies Inn House 3-4, Holborn Circus, London, EC1N 2HA 	BP, TS	Sarah Maizey	0207 380 4136	sarah.maizey@elexon.co.uk
Peak Gen Top Co Limited	PEAKGEN	Gables Lodge, 62 Kenilworth Road, Leamington Spa, Warwickshire, CV32 6JX	BP, TG, TI		0370 010 6950	Contact the Service Desk
Pen Y Cymoedd Wind Farm Limited 	PYC	Pen Y Cymoedd Wind Farm Limited, Abbey Warehouse, Abbey Slip, Penzance, Cornwall, TR18 4AR	BP, TG		0370 010 6950 	Contact the Service Desk
PENCLOE WIND ENERGY LIMITED	PLOEW1	101 George Street, Edinburgh, Scotland, EH2 3ES	BP		0370 010 6950	Contact the Service Desk
People's Energy (Supply) Limited	MONUMENT	12 Muirfield Cottage, Vardon Road, Gullane, EH31 2ED	BP, EN, MV
Perle Energy Limited	PERLE	Water Court, 116-118 Canal Street, Nottingham, England, NG1 7HF	BP, TS, EN, MV	Kamila Dziuba	0207 380 4299	kamila.dziuba@elexon.co.uk
PetroChina International (London) Co., Limited	PETCHINA	"The Adelphi
1-11 John Adam Street
WC2N 6HT"	BP, TN, EN, TI		0370 010 6950	Contact the Service Desk
PetroChina International (London) Co., Limited	PETRIN	"The Adelphi
1-11 John Adam Street
WC2N 6HT"	BP, TI, TN, EN		0370 010 6950	Contact the Service Desk
PFP Energy Supplies Limited	IRIDIUM	2 Edward VII Quay, Navigation Way, Preston, PR2 2YF	BP, EN, MV	Ben Coates	020 7380 4079	Ben.Coates@elexon.co.uk
Pivoted Power LLP	PIVOT	Alexander House 1 Mandarin Road, Rainton Bridge Business Park, Houghton Le Spring, Sunderland, England, DH4 5RA	BP, TG		0370 010 6950
Planet 9 Energy Limited	GALENA	Tricor Suite, 4th Floor, 50 Mark Lane, London, EC3R 7QR	BP, TS, MV, EN	Lynford Short		lynford.short@elexon.co.uk
Polyxena Energy AG	POLYXENA	Haldenstrasse 5, 6340 Baar, Switzerland	BP, TN		0370 010 6950	Contact the Service Desk
Ponte Energy Partners GmbH	PONTEGER	"Dreimühlenstraße 18,
80469, München,
Germany"	BP, TN		0370 010 6950	Contact the Service Desk
PowerMart ApS	POMA	Fiskergade 2, 3, DK-8000 Aarhus C, DENMARK	BP, TN, TI		0370 010 6950	Contact the Service Desk
Powertica Commodities UK Ltd	POWTCAUK	The Pinnacle, 170 Midsummer Boulevard, Milton Keynes, England, MK9 1FE	BP, TN		0370 010 6950	Contact the Service Desk
Pozitive Energy Limited	TORNADO	One Canada Square Canary Wharf, Floor 10 (North West), London, England, E14 5AB	BP, TS, EN	Ben Coates	020 7380 4079	Ben.Coates@elexon.co.uk
Priogen Energy	PRIOGEN0	Radarweg 60, 4th floor, 1043 NT, Amsterdam-NL	BP, TN		0370 010 6950	Contact the Service Desk
Progress Power Limited 	PPL	Drax Power Station, Selby, North Yorkshire, YO8 8PH	BP		0370 010 6950
Pulsate Energy Ltd	PULSATE	71-75 Shelton Street, Covent Garden, London, WC2H 9JQ	BP		3700106950
Pure Energy GmbH	PUREEN	"Königsallee 88
Düsseldorf
Germany
40212
Germany"	BP		0370 010 6950
Pure Planet Limited	TULIP	2nd Floor, Northgate House, Upper Borough, Walls, Bath, BA1 1RG	BP, TS, EN		0370 010 6950	Email BSC Service Desk
Pure Power Trading ApS 	PUREPOWE	Dusager 2 8200 Aarhus Denmark	BP, TN		0370 010 6950
Qbots Energy Ltd	QENRGY1	"16 Williams House
Lloyd Street North
Manchester Science Park
M15 6SE"	BP		3700106950
QE ApS	QUANTILE	Fredrikstadvej 1, 9200 Aalborg SV	BP, TN		0370 010 6950	Contact the Service Desk
Quantum Power Trading	QPT	Fredheim 2A, Denmark, 2950	BP, TN, TI		0370 010 6950
Quark Energy Trading Limited	QUARKET	20 Eastbourne Terrace, London, England, W2 6LG	BP, EN, MV, TG, TI	Kirsten Leeming-Arnold	020 7380 4328	kirsten.leeming-arnold@elexon.co.uk
QUENT ApS	QUENT	Svanemøllevej 41, 2900 Hellerup, Denmark	BP, TN, TI		0370 010 6950
Race Bank Wind Farm Limited	DONG011	5 Howick Place, London, SW1P 1WG	BP, TG		0370 010 6950	Contact the Service Desk
Radius Energy Ltd	SKIDDAW	Radius Energy Ltd, Euro Card Centre, Herald Park, Herald Drive, Crewe, CW1 6EG	BP, TS, EN, MV	Sarah Maizey	0207 380 4136	sarah.maizey@elexon.co.uk
Rampion Offshore Wind Limited	RAMPION	Windmill Hill Business Park, Whitehill Way, Swindon, Wiltshire, United Kingdom, SN5 6PB	BP, TG		0370 010 6950	Contact the Service Desk
Rebel Energy Supply Limited	CILLENI	First Floor, 10 Queen Street Place, London, EC4R 1BE. 	BP, TS, EN, MV	Kamila Dziuba	0207 380 4299	kamila.dziuba@elexon.co.uk
REFLEXI UK LIMITED 	REFLEXI	"5th Floor, Wellington House,
125-130 Strand, London
WC2R 0AP"	BP
Regent Power Limited	REGUTIL	Regent House, Kendal Avenue, London, W3 0XA	BP, TS	Nicola Woods	020 7380 4263	Nicola.Woods@elexon.co.uk
Renantis Energy Trading Srl, UK Branch	FALCKNXT	10 Lower Grosvenor Place, London, SW1W 0EN	BP, TN, MV, EN, TG, TS	Kirsten Leeming-Arnold	020 7380 4328	kirsten.leeming-arnold@elexon.co.uk
RESPECT ENERGY S.A.	RESA	"ul. Ludwika Rydygiera 8
Warsaw
mazowieckie
01-793
Polska"	BP, TN, TI, EN		0370 010 6950
Risq Energy Limited	RISQ	Third Floor, 80 Cannon Street, City Of London, EC4N 6HL	BP, TN, TI		0370 010 6950
River Nene Power Limited	CENPB	Peterborough Power Station, Storey's Bar Road, Fengate, Peterborough, PE1 5NT	BP,TG,EN,MV
Robin Hood Energy Limited	EUROPA	"Loxley House,
Station Street,
Nottingham,
Nottinghamshire
NG2 3NG
"	BP, TS, EN, MV
Rocksavage Power Company Ltd	RPCL	c/o Intergen (UK) Limited, 3rd Floor, 81 St George Street, Edinburgh, EH2 3ES	BP,TG,EN,MV		0370 010 6950	Contact the Service Desk
Ruby Energy Ltd	EBEA	Parkside Stand, Fleetwood Town Football Club, Park Avenue, Fleetwood, FY7 6TX	BP,TS,EN	Ben Coates	020 7380 4079	Ben.Coates@elexon.co.uk
Rugeley Power Generation Ltd	TXURUGE	Drakelow Business Centre, Drakelow Power Station, Burton on Trent, Staffordshire, DE15 9TZ	BP,TG		0370 010 6950	Contact the Service Desk
RWE Generation UK PLC	INNOGY01	Windmill Hill Business Park, Whitehill Way, Swindon, Wiltshire, SN5 6PB	BP,TG,TI,EN,MV	Rachel Stevenson-Akrill		Rachel.Stevenson-Akrill@elexon.co.uk
RWE Renewables UK Humber Wind Limited	HMBRWNDL	Windmill Hill Business Park, Whitehill Way, Swindon, Wiltshire, United Kingdom, SN5 6PB	BP, TG	Rachel Stevenson-Akrill		Rachel.Stevenson-Akrill@elexon.co.uk
RWE Renewables UK Robin Rigg	ROBINRIG	Windmill Hill Business Park, Whitehill Way, Swindon, Wiltshire, United Kingdom, SN5 6PB	BP, TG	Rachel Stevenson-Akrill		Rachel.Stevenson-Akrill@elexon.co.uk
RWE Supply and Trading GmbH	RWE	Altenessener Strasse 27, Essen, Germany D45141	BP,TN,EN,MV,TI	Rachel Stevenson-Akrill		Rachel.Stevenson-Akrill@elexon.co.uk
Saltend Cogeneration Company Ltd	SALTEND	Saltend, Hedon Road, Hull, East Yorkshire, HU12 8GA	BP,TG,EN,MV		0370 010 6950	Contact the Service Desk
Sandy Knowe Wind Farm Ltd	SANDYWF1	C/O Tmf Group 8th Floor, 20 Farringdon Street, London, United Kingdom, EC4A 4AB	BP, TG		0370 010 6950
Sanquhar Community Wind Company Limited	SCWCL	Caledonian Exchange, 19A Canning Street, Edinburgh, EH3 8HE	BP, TG		0370 010 6950	Contact the Service Desk
SANQUHAR II COMMUNITY WIND CO	S2CWCL	Caledonian Exchange, 19a Canning Street, Edinburgh, EH3 8HE	BP		0370 010 6950
Scalar Energy OU	SCALAR	Harju maakond, Viimsi vald, Haabneeme alevik, Hundi tee 17-5, 74001	BP		0370 010 6950
Scira Offshore Energy Limited	SCIRA	"Wind Farm Place,
Edgar Road,
Walsingham,
Norfolk
NR22 6EJ"	BP,TG		0370 010 6950	Contact the Service Desk
SCMI Limited	SCMI	Vintner's Place, 68 Upper Thames Street, London, EC4V 3BJ	BP, TN, EV		0370 010 6950
Scope Energy Solutions Ltd	PUTNEY	Unit 6 Princes Park Princes Way North, Team Valley Trading Estate, Gateshead, NE11 0NF	BP, TS, EN, MV		0370 010 6950	Contact the Service Desk
Scottish Hydro-Electric Power Distribution Ltd	SHEPD	Inveralmond House, 200 Dunkeld Road, Perth, Perthshire, PH1 3AQ	BP,DSO	Raeece Ibrahim	0207 380 4373	Raeece.Ibrahim@elexon.co.uk
Scottish Power Energy Management Ltd	SPOWER02	4th Floor, 320 St Vincent Street, Glasgow, G2 5AD	BP,TN,EN,MV,TI	Kamila Dziuba	0207 380 4299	kamila.dziuba@elexon.co.uk
Scottish Power Energy Retail Limited	SPSUP01	4th Floor, 320 St Vincent Street, Glasgow, G2 5AD	BP,TS	Kamila Dziuba	0207 380 4299	kamila.dziuba@elexon.co.uk
Seabank Power Ltd	SEABANK	Seabank Power Station, Severn Road, Hallen, Bristol, BS10 7SP	BP,TG,EN,MV		0370 010 6950	Contact the Service Desk
Seagreen Wind Energy Limited	SWEL001	Grampian House, 200 Dunkeld Road. Perth, PH1 3GH	BP, TG		0370 010 6950	Contact the Service Desk
Seagull Energy Trading	SEAGULL	Aleja Solidarności"	 68/121	 Warszawa	 00-240"	BP, TN, TI		3700106950
Second Foundation Trading AG	TRISOLAR	Hinterbergstrasse 22, 6312	BP, TN, TI		0370 010 6950
SEFE Energy Limited	GMTR	5th Floor, 8 First Street, Manchester, M15 4RP	BP,TS	Ben Coates	020 7380 4079	Ben.Coates@elexon.co.uk
SEFE Marketing & Trading Limited	GAZPROM	Gazprom House, 60 Marina Place, Hampton Wick, Kingston-Upon-Thames, KT1 4BH	BP,TN,TI,EN,MV,VP	Raeece Ibrahim	0207 380 4373	Raeece.Ibrahim@elexon.co.uk
Sembcorp (Wilton BESS) Ltd	LION	"Sembcorp UK Headquarters,
Wilton International,
Middlesbrough
Cleveland
TS90 8WS"	BP		0370 010 6950
Sembcorp Utilities (UK) Limited	EAGLE2	PO Box 1985, Wilton International, Middlesborough, TS90 8WS	BP,TG,MV,EN		0370 010 6950	Contact the Service Desk
Severn Power Limited	DONGSVR	Severn Power Station, West Nash Road, Newport, Gwent, NP18 2BZ	BP,TG		0370 010 6950	Contact the Service Desk
Sheaf Energy Limited	SELPARK1	168 Church Road, Hove, East Sussex, BN3 2DL	BP, TG		3700106950
Shell Energy Europe Limited	SHELL2	Shell Centre,York Road,London,SE1 7NA	BP,TI,TN, TS, MV	Dilraj Sehmi	020 7380 4354	Dilraj.Sehmi@elexon.co.uk
Shell Energy UK Limited	AMPERE	3rd floor, Elder House, 586/192 Elder Gate, Milton Keynes, MK9 1LR	BP,TS,MV,EN	Kirsten Leeming-Arnold	020 7380 4328	kirsten.leeming-arnold@elexon.co.uk
Simcoe Energy Limited	SIMCOE	Water Court, 116-118 Canal Street, Nottingham, England, NG1 7HF	BP, TS, EN, MV	Lilith Rallis	020 7380 4174	lilith.rallis@elexon.co.uk
Simplicity Energy Limited	ARIZ	Cartwrights, Regency House, 33 Wood Street, EN5 4BE	BP,		0370 010 6950	Email BSC Service Desk
Simply Your Energy Limited	SUPLENER	Ocean 80, 80 Holdenhurst Road, Bournemouth, Dorset, BH8 8AQ	BP		0370 010 6950	Email BSC Service Desk
SINQ Power Limited	SINQ	1 Dovecote, Old Hall Road, Sale, M33 2GS	BP, TS	Raeece Ibrahim	0207 380 4373	Raeece.Ibrahim@elexon.co.uk
Sirius Energy SA	SIRIUSEN	Via Frasca 5, 6900 Lugano, Switzerland 	BP, TN, TI		3700106950
Sky Quant sp. z.o.o 	SKY2023	Sterlinga 27/79 lok.807, Lodz, Poland, 90-212	BP, TN		0370 010 6950
Smart Pay Energy Ltd	CABRA	11th Floor, 3 Picadilly Place, Manchester, M1 3BN	BP, TS, EN, MV		0370 010 6950	Contact the Service Desk
Smart@energy B.V.	SMARTATE	Meersstraat 13 box 2.1, 8790 Waregem, Belgium	BP, TN, TI		0370 010 6950	Contact the Service Desk
SmartestEnergy Business Limited	DUALENER	"Premium House
The Esplanade
Worthing
West Sussex
BN11 2BJ"	BP,TS	Dilraj Sehmi	020 7380 4354	Dilraj.Sehmi@elexon.co.uk
SmartestEnergy Ltd	SMARTEST	The Columbus Building, 7 Westferry Circus, London, United Kingdom, E14 4HD	BP,TG,TN,TS,EN,MV	Dilraj Sehmi	020 7380 4354	Dilraj.Sehmi@elexon.co.uk
SMS Energy Services Limited	SMS1ENES	"Prennau House, Copse Walk, Cardiff Gate Business Park, Pontprennau, Cardiff, Wales, CF23 8XH
"	BP, TG, VP	Sarah Maizey	0207 380 4136	sarah.maizey@elexon.co.uk
SO Energy Trading Limited	GOLD	The Light Box, 111 Power Road, London, W4 5PY 	BP, TS, EN, MV	Nicola Woods	020 7380 4263	Nicola.Woods@elexon.co.uk
Sofia Offshore Wind Farm Ltd 	SOFIA	Windmill Hill Business Park, Whitehill Way, SN5 6PB	BP, TG		0370 010 6950
SONI Ltd	SONILTD	Castlereagh House Control Centre, 12 Manse Road, Belfast, BT6 9RT	BP,IA,IE		0370 010 6950	Contact the Service Desk
Sonningmay Wind Limited	ORSTED02	Howick Place 5, SW1P 1WG, London, England	BP, TG	Lynford Short		lynford.short@elexon.co.uk
Soundmark Wind Limited	ORSTED03	Howick Place 5, SW1P 1WG, London, England	BP, TG	Lynford Short		lynford.short@elexon.co.uk
South Eastern Power Networks Plc	SBPN	Newington House, 237 Southwalk Bridge Road, London, SE1 6NP	BP,DSO	Anish Narayan	0207 380 4219	anish.narayan@elexon.co.uk
South Kyle Wind Farm Limited	GBSKYL	The Tun Building, 4 Jackson's Entry, 8 Holyrood Road, Edinburgh, EH8 8PJ	BP, TG		0370 010 6950
Southern Electric Power Distribution plc	SE	c/o Scottish and Southern Energy, Westacott Way, Littlewick Green, Maidenhead, Berkshire, SL6 3QB	BP,DSO	Lilith Rallis	020 7380 4174	lilith.rallis@elexon.co.uk
SP Distribution PLC	SPDIS1	"320 St Vincent Street, Glasgow, G2 5AD	"	BP,DSO	Kamila Dziuba	0207 380 4299	kamila.dziuba@elexon.co.uk
SP Manweb plc	MANWEB01	c/o Scottish Power,Energy Trading Centre,Cathcart Business Park,Spean Street,Glasgow, G44 4BE	BP,DSO	Kamila Dziuba	0207 380 4299	kamila.dziuba@elexon.co.uk
Spalding Energy Company Ltd	SPAL	c/o Intergen (UK) Limited, 3rd Floor, 81 George Street, Edinburgh, EH2 3ES	BP,TG,EN,MV		0370 010 6950	Contact the Service Desk
Spalding Energy Expansion Limited	SPALDI	c/o InterGen (UK) Limited, 3rd Floor, 81 George Street, Edinburgh, EH2 3ES	BP, TG, EN, MV		0370 010 6950	Contact the Service Desk
Spark Energy Supply Limited	SPARKNRG	PRI House, Moorside Road, Winchester, S023 7RX	BP		0370 010 6950	Email OSM management
SPHERE Energy Connect Ltd	SECL2706	"Scottish Power House, SPHERE Energy Connect Ltd, 320 St Vincent Street
Glasgow
Lanarkshire
G2 5AD"	BP		0370 010 6950
Square1 Energy Limited	ALAB	First floor, Attwood House, John Comyn House, Worcester, WR3 7NS	BP, TS		0370 010 6950	Contact the Service Desk
Squeaky Clean Energy Limited	ESSL1015	"151 Wardour Street
W1F 8WE"	BP, TS, EN, MV	Lynford Short		lynford.short@elexon.co.uk
Squeaky Clean Energy Trading Limited	20222033	"151 Wardour Street
London
W1F 8WE
United Kingdom"	BP		0370 010 6950
SSE Battery Monk Fryston Ltd	MONKBESS	No. 1 Forbury Place, 43 Forbury Road, Reading, United Kingdom, RG1 3JH	BP		0370 010 6950	Contact the Service Desk
SSE Energy Supply Limited	SSE	55 VASTERN ROAD, READING, BERKSHIRE, RG1 8BU	BP,TS,TI,EN,MV	Raeece Ibrahim	0207 380 4373	Raeece.Ibrahim@elexon.co.uk
SSE Ferrybridge Battery Ltd	FERBESS	"No.1 Forbury Place
43 Forbury Road
Reading
RG1 3JH"	BP, TG		03700 10 69 50
SSE Fiddlers Ferry Battery Ltd	FIDLBESS	No. 1 Forbury Place, 43 Forbury Road, Reading, RG1 3JH	BP		0370 010 6950
SSE Generation Ltd	SSEGEN	c/o Scottish and Southern Energy, Westacott Way, Littlewick Green, Maidenhead, Berkshire, SL6 3QB	BP,TG	Raeece Ibrahim	0207 380 4373	Raeece.Ibrahim@elexon.co.uk
SSE Renewables Wind Farms (UK) Limited	SSERWFL	Inveralmond House, 200 Dunkeld Road, Perth, PH1 3AQ	BP, TG		0370 010 6950
SSE Thermal Generation (Scotland) Limited	SSETGSL	Inveralmond House, 200 Dunkeld Road, Perth, PH1 3AQ	BP, TG		0370 010 6950
SSEPG (Operations) Ltd	SSEPGO	c/o Scottish and Southern Energy, Westacott Way, Littlewick Green, Maidenhead, Berkshire, SL6 3QB	BP, TG	Raeece Ibrahim	0207 380 4373	Raeece.Ibrahim@elexon.co.uk
SSW Energy Trading GmbH	SSWNRGYT	"Amtsstraße 3 a
Hamburg
22143
"	BP, TN		0370 010 6950
Stadtwerke München GmbH  	SWMUNICH	"Stadtwerke München GmbH
Emmy-Noether-Straße 2
80992 München
Germany"	BP, TN, EN		0370 010 6950	Contact the Service Desk
Stark Infra-Electricity Ltd	SPNIDNO1	Stark Infra-Electricity Ltd, Sentinel House, 10-12 Massetts Road, Horley, Surrey, RH6 7DE	BP, DSO	Rachel Stevenson-Akrill		Rachel.Stevenson-Akrill@elexon.co.uk
Statkraft Markets GmbH	STATKRA1	Derendorfer Allee 2a, 40476 Dusseldorf, Germany	BP,TI,EN,TG,MV,TS	Ben Coates	020 7380 4079	Ben.Coates@elexon.co.uk
STG Switzerland GmbH	STG8T4R	"Baarerstrasse 55
Zug
6300"	BP, TN, TI		0370 010 6950
STRATHRORY WIND FARM LLP	STRHROR	114 St. Martin's Lane, London, England, WC2N 4BE	BP		0370 010 6950	Contact the Service Desk
Strathy Wind Farm Limited	STRTHWFL	Inveralmond House, 200 Dunkeld Road, Perth, PH1 3AQ	BP, TG		0370 010 6950
Stronelairg Wind Farm Limited	STLG	Inveralmond House, 200 Dunkeld Road, Perth, PH1 4AQ	BP, TG	Raeece Ibrahim	0207 380 4373	Raeece.Ibrahim@elexon.co.uk
Sundon Green Limited	SUNDONGR	Sundon Green Limited 18 RIversway Business Village Navigation Way Preston PR22YP	BP		0370 010 6950
Sunnic Lighthouse GmbH 	SUNNIC12	Kirchenpauerstraße 26, Hamburg, Germany, 20457	BP, TN		0370 010 6950
Sutton Bridge Power Generation	SUTTBRGE	Severn Power Station, West Nash Road, Nash, Newport, Gwent NP18 2BZ	BP,TG		0370 010 6950	Contact the Service Desk
Symbio Energy Ltd	SYMBIO18	103 Mansion House, Building Research Establishment, Bricketwood,Watford, WD25 9XX	BP, TG		0370 010 6950	Email BSC Service Desk
SystemEnergy ApS 	SYSTEMEN	Aavej 6 Himmelev DK-4000 Roskilde Denmark	BP, TN		0370 010 6950
Tesla Energy Ventures Limited	TESLAELC	"185 Ashton New Road
Manchester
M11 3DX"	BP		0370 010 6950
Tesla Motors Limited	TESLA	197 Horton Road, West Drayton, England UB7 8JD	BP, TG	Lynford Short		lynford.short@elexon.co.uk
Thanet Offshore Wind Limited	TOW	Harwood House, 43 Harwood Road, London, SW6 4QP	BP,TG		0370 010 6950	Contact the Service Desk
The Electricity Network Company Limited	ETCL	Energy House, Woolpit Business Centre, Woolpit, Suffolk, IP30 9UP	BP,DSO	Anish Narayan	0207 380 4219	anish.narayan@elexon.co.uk
The Mobility House Energy GmbH	TMHE	St.-Cajetan-Str. 43, Germany, 81669	BP		0370 010 6950	Contact the Service Desk
THN Capital AG	THNCAPIT	"Felsental 9
Luzern
Switzerland
CH-6006
CH"	BP, TN		0370 010 6950
Thurrock Power Limited	THRKGAS	4th Floor 80 Victoria Street, London, SW1E 5JL	BP, TG 		3700106950
THURROCK STORAGE LIMITED	THRKBESS	"4th Floor 80 Victoria Street
London
SW1E 5JL
"	BP, TG		0370 010 6950
Tilde Energy Trading A/S	TILDEET	Lyngby Hovedgade 4, 2800, Denmark	BP, TN, TI		3700106950
TINZ PROGRAMME 1 PROJECTCO 3 LIMITED	BLACKH	Gables Lodge, 62 Kenilworth Road, Leamington Spa, Warwickshire, CV32 6JX, United Kingdom	TG
Together Energy (Retail) Limited	EDDINGTN	Lytchett House, 13 Freeland Park, Wareham Road, Poole, BH16 6FA	BP, EN, MV		0370 010 6950	Email BSC Service Desk
Tollgate Energy Storage Limited	TOLL	 5 - 7 Charlton Gardens, London, England, SW1Y 5AD	BP, TG		0370 010 6950
Tomato Energy Limited	MARIGOLD	Devonshire House, Aviary Court, Basingstoke, RG24 8PE	BP, TS, EN, MV	Kamila Dziuba	0207 380 4299	kamila.dziuba@elexon.co.uk
TotalEnergies Gas &amp; Power Ltd	TFEGP	Route de l'Aéroport, 10, 1215, Geneva, Switzerland	BP,TI,TN,TS,EN,MV	Anish Narayan	0207 380 4219	anish.narayan@elexon.co.uk
Toucan Energy Limited	MINT	1 Long Lane, London, SE1 4PG	BP, TS, EN	Ben Coates	020 7380 4079	Ben.Coates@elexon.co.uk
Tradergy S.L.	TRADERGY	Alberto Alcocer Avenue 24, 7th Floor, Madrid, Spain, 28036	BP, TN, TI		3700106950
Trafigura Denmark ApS	TRAFDK23	Tuborg Boulevard 1, 2900	BP, TI, TN		0370 010 6950
Trafigura Trading Sarl	TRAF	Rue de Jargonnant 1, Geneva, Switzerland, 1207	BP, EN, TI, TN		0370 010 6950
TrailStone Renewables GmbH	GREENPWR	Kurfürstendamm 194, 10707 Berlin, Germany 	BP, TI, TN, EN		0370 010 6950
Trasteel International SA	TRAINT	Via Balestra 10, 6900 Lugano	BP,TN,TI		0370 010 6950	Contact the service desk
Trasteel Nordic ApS	TRASTEEL	"C/O Beierholm
Voergårdvej 2
9200 Aalborg SV
Denmark
9200"	BP, TN, TI		03700 10 69 50
Trianel GmbH	TRIANEL	Krefelder Straße 203, 52070 Aachen, GERMANY	BP		0370 010 6950	Contact the Service Desk
Triton Knoll Offshore Wind Farm Limited	TKWFL	Windmill Hill Business Park, Whitehill Way, Swindon, SN5 6PB	BP, MV, TG		0370 010 6950	Contact the Service Desk
Tru Energy Limited	DAFFODIL	Gable House, 239 Regents Park Road, London, N3 3LF	BP, TS, EN, MV	Dilraj Sehmi	020 7380 4354	Dilraj.Sehmi@elexon.co.uk
Twentyshilling Limited	TWENTYSH	41 Moorgate, London, EC2R 6PP	BP, TG		0370 010 6950	Contact the Service Desk
Twig Energy ApS	TWIGENER	Sankt Annae Plads 13, 1250 Copenhagen, Denmark.	BP, TN, EN		0370 010 6950
TXU Direct Sales Ltd	TXUEENG	1 More Place, London, SE1 2AF	BP		0370 010 6950	Contact the Service Desk
TXU Europe (Partington) Ltd	NULL	Wherstead Park, Wherstead, Ipswich, Suffolk, IP9 2AQ	BP		0370 010 6950	Contact the Service Desk
TXU Europe Merchant Generation Ltd	TXUMERG	1 More Place, London, SE1 2AF	BP		0370 010 6950	Contact the Service Desk
U Energy	UEGPT46	"31 East Street
Lindley
Huddersfield
HD3 3ND"	BP		3700106950
UC Energy Ltd	VANQUIST	Unit 43, Greenheys Business Centre, Pencroft Way, Manchester, M15 6JJ	BP, TS, EN, MV	Lynford Short		lynford.short@elexon.co.uk
UK Healthcare Corporation Limited	DENERGI1	Unit D, Madison Place, Northampton Road, Manchester M40 5AG	BP, TS		0370 010 6950	Contact the Service Desk
UK Power Distribution Limited	UKPD	22-26 King Street, Norfolk, PE30 1HJ	BP, DSO	Nicola Woods	020 7380 4263	Nicola.Woods@elexon.co.uk
UK Power Reserve Limited	UKPR	"UKPR Ltd
Wellington House
Starley Way
Solihull
B37 7HB"	BP,TS, TG, EN, MV	Sarah Maizey	0207 380 4136	sarah.maizey@elexon.co.uk
Unify Energy Limited	TAILWIND	Union, Albert Square, Manchester, England, M2 6LW	BP, TS, EN	Kirsten Leeming-Arnold	020 7380 4328	kirsten.leeming-arnold@elexon.co.uk
Unigy GmbH	UNIGY	Jakob-Funke-Platz 2, Essen, 45127, Germany	BP, TN		0370 010 6950
Uniper Global Commodities SE	EONETRAD	Holzstrasse 6, 40221 Dusseldorf, Germany	BP, TN, TI, EN, MV	Lynford Short		lynford.short@elexon.co.uk
Uniper UK Limited	EECL	"Compton House, 2300 The Crescent, Birmingham Business Park, B37 7YE
"	BP,TG,EN	Lynford Short		lynford.short@elexon.co.uk
United Gas &amp; Power Limited	SING	16 Otley Road, Guiseley, Leeds, LS20 8AH	BP, TS	Lilith Rallis	020 7380 4174	lilith.rallis@elexon.co.uk
URE Energy Limited	FARADAY	14 Berkeley Mews, London, W1H 7AX	BP, TS, EN, MV	Nicola Woods	020 7380 4263	Nicola.Woods@elexon.co.uk
Utilita Energy Ltd	UTILITA	Hutwood Court, Bournemouth Road, Chandlers Ford, Eastleigh, Hampshire, SO53 3QB	BP,TS, EN	Lynford Short		lynford.short@elexon.co.uk
Utility Assets Limited	UTAL2023	7 Laxton Close, Attleborough, NR17 1QY	BP, DSO	Lilith Rallis	020 7380 4174	lilith.rallis@elexon.co.uk
Valda Energy Limited	SCAFELL	Unit 11, Talisman Business Centre, Talisman Toad, Bicester, OX26 6HR	BP, TS	Kirsten Leeming-Arnold	020 7380 4328	kirsten.leeming-arnold@elexon.co.uk
Vattenfall Energy Trading GmbH	VTS	DammtorStrasse 2-32, 20354 Hamburg, Germany	BP,TN,TI,EN,MV,TS	Ben Coates	020 7380 4079	Ben.Coates@elexon.co.uk
Vattenfall Networks Limited	VATTEN1	1 Tudor Street, London, EC4Y 0AH	BP, DSO	Ben Coates	020 7380 4079	Ben.Coates@elexon.co.uk
Vattenfall Wind Power Limited	VWPL	St Andrews House, Haugh Lane, Hexham, Northumberland, NE46 3QQ	BP, TG	Ben Coates	020 7380 4079	Ben.Coates@elexon.co.uk
VEST Energy Limited	VEST	245 Hammersmith Road, London, W6 8PW	BP		0370 010 6950	Contact the Service Desk
Victory Energy Supply Limited	RAYLEIGH	C/O Portsmouth City Council, Civic Offices, Guildhall Square, Portsmouth, PO1 2PX	BP, TS, EN, MV	Kirsten Leeming-Arnold	020 7380 4328	kirsten.leeming-arnold@elexon.co.uk
Viking Energy Wind Farm LLP	VIKING	Stewart Building Esplanade, Lerwick, Shetland, Scotland, ZE1 0LL	BP, TG		0370 010 6950
Viridian Energy Supply Limited (Energia)	VESL	Energia House, 62 Newforge Lane, Belfast, BT9 5NF	BP,TI,TN,EN		0370 010 6950	Contact the Service Desk
Viroque Energy S.L.	ESVI2023	"Paseo de la Castellana
96
2º izquierda
28046"	BP		0370 010 6950
Vis Commodities ApS	VISALGO	"Rosenhoej Bakke 15, 8260 Viby J, Denmark
"	BP, TN		0370 010 6950	Contact the Service Desk
Vital Energi Power Networks Limited	VITALPN1	Roman Road, Blackburn, Lancashire, BB1 2LD	BP, DSO	Kirsten Leeming-Arnold	020 7380 4328	kirsten.leeming-arnold@elexon.co.uk
Vital Future Software Limited	VITALESL	Century House, Roman Road, Blackburn, Lancashire, BB1 2LD	BP		3700106950
Vitol Gas and Power B.V.	VITOLGP	"Weena 690
18th Floor
Rotterdam
3012CN"	BP		3700106950	bscservicedesk@cgi.com
VITOL S.A.	VITOLSA	Boulevard du Pont-d'Arve 28,1205 Geneva,Switzerland	BP,TN,TI, MV		0370 010 6950	Contact the Service Desk
Volcore Ltd	ZARBZARB	27 Old Gloucester Street, London, United Kingdom, WC1N 3AX	BP, TN		0370 010 6950
Volta Energy DAC	VOLTADAC	"Custom House Plaza Block 6
International Financial Services Centre
Dublin
D01 X9Y5
Ireland
"	BP		0370 010 6950
Voltalis UK	VOLTALIS	"15th Floor 6 Bevis Marks, Bury Court, London, EC3A 7BA
"	BP, VP, VT	Lilith Rallis	020 7380 4174	lilith.rallis@elexon.co.uk
VoltEdge B.V.	VOLT	Bulgersteyn 7323, 3011 AB, Rotterdam, Netherlands 	BP		31613283310
Voltx Power Limited	VOLTXP23	Gloucester House, 399 Silbury Boulevard, , England,Milton KeynesBuckinghamshireMK9 2AH	BP		0370 010 6950
VORAGO ENERGY LTD	VORAGOUK	71-75 Shelton Street, London, WC2H 9JQ, United Kingdom	BP, TN		0370 010 6950
VPI Immingham B Limited 	VPIB	"VPI 10th Floor,
Nova South,
160 Victoria Street,
London,
SW1E 5LB"	BP		0370 010 6950	Contact the Service Desk
VPI Immingham Energy Park A Ltd. 	EPALTD	4th Floor, Nova South, 160 Victoria Street, London, England, SW1E 5LB.	BP		0370 010 6950
VPI Immingham LLP	ICHPLLP	76 buckingham, Palace Road, London, SW1W 9TQ	BP,TG		0370 010 6950	Contact the Service Desk
VPI Power Limited	SPGEN01	20 Castle Terrace, 2nd Floor North, Saltire Court, Edinburgh, Scotland, EH1 2EN	BP,TI,TG	Dilraj Sehmi	020 7380 4354	Dilraj.Sehmi@elexon.co.uk
Walney (UK) Offshore Windfarms Limited	DONG003	C/O Vinson & Elkins RLLP, 33rd Floor Citypoint, One Ropemaker St, London, EC27 9UE	BP,TG		0370 010 6950	Contact the Service Desk
Walney Extension Limited	DONG012	5 Horwick Place, London SW1P 1WG	BP, TG		0370 010 6950	Contact the Service Desk
Warley Green Limited 	WARLEYGR	Warley Green Limited 18 RIversway Business Village Navigation Way Preston PR22YP	BP		0370 010 6950
Wattstor Limited	WATTSTOR	3rd Floor, 21 Ironmonger Lane, London, EC2V 8EY	BP, VT		3700106950
Welbar Energy Storage Limited	BWESSHAM	5th Floor 53 Parker Street, London, United Kingdom, WC2B 5PT	BP
West Burton B Limited	WESTBURB	20 St James's Street, 7th Floor, London, SW1A 1ES	BP, TG, EN		0370 010 6950
West Burton Limited	TXUWBUR	90 Whitfield Street, London, W1T 4EZ	BP,TG		0370 010 6950	Contact the Service Desk
Westermost Rough Limited	DONG008	"15 Appold Street,
London,
EC2A 2HB
United Kingdom"	BP, TG		0370 010 6950	Contact the Service Desk
Whiteside Hill Windfarm (Scotland) Limited	WHWF1985	13 Queens Road, Aberdeen, AB15 4YL	BP, TG		0370 010 6950	Contact the Service Desk
Whitetower Energy Limited 	FDUN1	"PO Box 623, Bristol, BS34 9HZ

"	BP,TG,EN,MV		0370 010 6950	Contact the Service Desk
Wilton Energy Limited	WEL	ETOL Headquarters,Wilton International,Middlesborough, TS90 8WS	BP		0370 010 6950	Contact the Service Desk
WindPoint Partners B.V.	WINDPOIN	"Groot Westerbuiten 7
1135GJ
Netherlands "	BP, TN		0370 010 6950
Windy Rig Wind Farm Limited	WINDYRIG	41 Moorgate, London, EC2R 6PP	BP, TG		0370 010 6950	Contact the Service Desk
Wolfram Trading ApS	WT74183	"Alfred Nobels vej 21A
9000, Aalborg, Denmark"	BP, TN, TI		0370 010 6950
Xenon Capital Markets Limited	XENON	21 Skyline Village Limeharbour, London, E14 9TS	BP, TN, TI		0370 010 6950	Contact the Service Desk
Yu Energy Retail Ltd	KENSINGT	"CPK HOUSE 2 HORIZON PLACE, NOTTINGHAM BUSINESS PARK
MELLORS WAY
NOTTINGHAM
ENGLAND
NG8 6PY
"	BP, EN, MV, TS	Lilith Rallis	020 7380 4174	lilith.rallis@elexon.co.uk
Yuno Limited	OPAL0516	Paramount Court, Corrig Road, Sandyford, Dublin, D18, Ireland	BP, TN, MV, EN, TI		0370 010 6950	Contact the Service Desk
Yuso BV	YUSO	"Zuiderlaan
Waregem
8790
Belgium"	BP, TN		0370 010 6950
ZENOBE BLACKHILLOCK LIMITED	ZENOBE4	"4th Floor, 13 Charles Street
London
SW1Y 4QU
United Kingdom"	BP, TG	Anish Narayan	0207 380 4219	anish.narayan@elexon.co.uk
Zenobe Capenhurst Limited	ZENOBE2	4th Floor, 13 Charles II Street, London, England, SW1Y 4QU.	BP, TG	Anish Narayan	0207 380 4219	anish.narayan@elexon.co.uk
ZENOBE ECCLES LIMITED 	ZENOBE6	"4th Floor, 13 Charles Street
London
SW1Y 4QU
United Kingdom"	BP,TG	Anish Narayan	0207 380 4219	anish.narayan@elexon.co.uk
ZENOBE KILMARNOCK SOUTH LTD 	ZENOBE5	"4th Floor, 13 Charles Street
London
SW1Y 4QU
United Kingdom"	BP, TG	Anish Narayan	0207 380 4219	anish.narayan@elexon.co.uk
Zenobe Rental 1 Limited	ZENOBER1	Burdett House, 15-16 Buckingham Street, London, England, WC2N 6DU	BP, VP, VT	Anish Narayan	0207 380 4219	anish.narayan@elexon.co.uk
Zenobe Wishaw Limited	ZENOBE3	"4th Floor, 13 Charles Street
London
SW1Y 4QU
United Kingdom"	BP, TG	Anish Narayan	0207 380 4219	anish.narayan@elexon.co.uk
