Year,MPAN_Code,DNO_Key,Short_Code,Band,Time_Period,Min_Rate_p_kWh,Max_Rate_p_kWh,Mean_Rate_p_kWh,Median_Rate_p_kWh,GSP_Group_ID,GSP_Group_Name,Count,Unit,File_Path
2018,16,ENWL,ENWL,AMBER,"07:00-16:00, 19:00-23:00 (weekdays) (default)",0.978,1.173,1.0088114285714285,1.0,G,North West,175,p/kWh,dno_data_enhanced/enwl-schedule-of-charges-and-other-table--april-2018.xlsx
2018,16,ENWL,ENWL,AMBER,"07:00-16:00, 19:00-23:00 (weekdays) (default)",0.16,7.39,1.9291666666666665,1.55,G,North West,12,p/kWh,dno_data_enhanced/enwl-schedule-of-charges-and-other-table--april-2018.xlsx
2018,16,ENWL,ENWL,GREEN,"23:00-07:00 (all days), all day (weekends) (default)",1.0,3.31,2.3256666666666663,2.205,G,North West,15,p/kWh,dno_data_enhanced/enwl-schedule-of-charges-and-other-table--april-2018.xlsx
2018,16,ENWL,ENWL,GREEN,"23:00-07:00 (all days), all day (weekends) (default)",1.0,2.08,1.5710000000000002,1.417,G,North West,15,p/kWh,dno_data_enhanced/enwl-schedule-of-charges-and-other-table--april-2018.xlsx
2018,16,ENWL,ENWL,GREEN,"23:00-07:00 (all days), all day (weekends) (default)",0.978,1.173,1.0079942857142856,1.0,G,North West,175,p/kWh,dno_data_enhanced/enwl-schedule-of-charges-and-other-table--april-2018.xlsx
2018,16,ENWL,ENWL,GREEN,"23:00-07:00 (all days), all day (weekends) (default)",0.16,10.49,4.070833333333334,3.18,G,North West,36,p/kWh,dno_data_enhanced/enwl-schedule-of-charges-and-other-table--april-2018.xlsx
2018,16,ENWL,ENWL,GREEN,"23:00-07:00 (all days), all day (weekends) (default)",1.0,2.0,1.4610778443113772,1.0,G,North West,167,p/kWh,dno_data_enhanced/enwl-schedule-of-charges-and-other-table--april-2018.xlsx
2018,16,ENWL,ENWL,RED,16:00-19:00 (weekdays) (default),0.686,3.31,2.14,2.536,G,North West,19,p/kWh,dno_data_enhanced/enwl-schedule-of-charges-and-other-table--april-2018.xlsx
2018,16,ENWL,ENWL,RED,16:00-19:00 (weekdays) (default),0.441,2.08,1.513421052631579,1.63,G,North West,19,p/kWh,dno_data_enhanced/enwl-schedule-of-charges-and-other-table--april-2018.xlsx
2018,16,ENWL,ENWL,RED,16:00-19:00 (weekdays) (default),0.978,1.173,1.0093657142857142,1.0,G,North West,175,p/kWh,dno_data_enhanced/enwl-schedule-of-charges-and-other-table--april-2018.xlsx
2018,16,ENWL,ENWL,RED,16:00-19:00 (weekdays) (default),0.74,10.48,3.2555555555555555,2.6,G,North West,18,p/kWh,dno_data_enhanced/enwl-schedule-of-charges-and-other-table--april-2018.xlsx
2018,16,ENWL,ENWL,RED,16:00-19:00 (weekdays) (default),1.0,2.0,1.4745762711864407,1.0,G,North West,59,p/kWh,dno_data_enhanced/enwl-schedule-of-charges-and-other-table--april-2018.xlsx
2020,16,ENWL,ENWL,AMBER,"07:00-16:00, 19:00-23:00 (weekdays) (default)",0.941,1.125,1.0027974683544305,1.0,G,North West,158,p/kWh,dno_data_enhanced/enwl---schedule-of-charges-and-other-tables---2020-final-v3.xlsx
2020,16,ENWL,ENWL,AMBER,"07:00-16:00, 19:00-23:00 (weekdays) (default)",0.34,20.61,2.487391304347826,1.04,G,North West,23,p/kWh,dno_data_enhanced/enwl---schedule-of-charges-and-other-tables---2020-final-v3.xlsx
2020,16,ENWL,ENWL,GREEN,"23:00-07:00 (all days), all day (weekends) (default)",1.0,3.92,2.5653333333333337,2.192,G,North West,15,p/kWh,dno_data_enhanced/enwl---schedule-of-charges-and-other-tables---2020-final-v3.xlsx
2020,16,ENWL,ENWL,GREEN,"23:00-07:00 (all days), all day (weekends) (default)",1.0,2.52,1.7446666666666666,1.41,G,North West,15,p/kWh,dno_data_enhanced/enwl---schedule-of-charges-and-other-tables---2020-final-v3.xlsx
2020,16,ENWL,ENWL,GREEN,"23:00-07:00 (all days), all day (weekends) (default)",0.941,1.125,1.0025569620253163,1.0,G,North West,158,p/kWh,dno_data_enhanced/enwl---schedule-of-charges-and-other-tables---2020-final-v3.xlsx
2020,16,ENWL,ENWL,GREEN,"23:00-07:00 (all days), all day (weekends) (default)",0.34,10.62,3.965694444444445,3.17,G,North West,72,p/kWh,dno_data_enhanced/enwl---schedule-of-charges-and-other-tables---2020-final-v3.xlsx
2020,16,ENWL,ENWL,GREEN,"23:00-07:00 (all days), all day (weekends) (default)",1.0,2.0,1.4610778443113772,1.0,G,North West,167,p/kWh,dno_data_enhanced/enwl---schedule-of-charges-and-other-tables---2020-final-v3.xlsx
2020,16,ENWL,ENWL,RED,16:00-19:00 (weekdays) (default),0.685,3.92,2.3210526315789473,2.615,G,North West,19,p/kWh,dno_data_enhanced/enwl---schedule-of-charges-and-other-tables---2020-final-v3.xlsx
2020,16,ENWL,ENWL,RED,16:00-19:00 (weekdays) (default),0.441,2.52,1.6431578947368422,1.683,G,North West,19,p/kWh,dno_data_enhanced/enwl---schedule-of-charges-and-other-tables---2020-final-v3.xlsx
2020,16,ENWL,ENWL,RED,16:00-19:00 (weekdays) (default),0.941,1.125,1.0029240506329111,1.0,G,North West,158,p/kWh,dno_data_enhanced/enwl---schedule-of-charges-and-other-tables---2020-final-v3.xlsx
2020,16,ENWL,ENWL,RED,16:00-19:00 (weekdays) (default),0.72,11.96,3.785,2.79,G,North West,40,p/kWh,dno_data_enhanced/enwl---schedule-of-charges-and-other-tables---2020-final-v3.xlsx
2020,16,ENWL,ENWL,RED,16:00-19:00 (weekdays) (default),1.0,2.0,1.4745762711864407,1.0,G,North West,59,p/kWh,dno_data_enhanced/enwl---schedule-of-charges-and-other-tables---2020-final-v3.xlsx
2021,16,ENWL,ENWL,AMBER,"07:00-16:00, 19:00-23:00 (weekdays) (default)",0.941,1.092,1.0017865853658536,1.0,G,North West,164,p/kWh,dno_data_enhanced/enwl-schedule_of_charges-2021-final-v6-llfs.xlsx
2021,16,ENWL,ENWL,AMBER,"07:00-16:00, 19:00-23:00 (weekdays) (default)",0.39,20.08,3.2971428571428567,1.63,G,North West,21,p/kWh,dno_data_enhanced/enwl-schedule_of_charges-2021-final-v6-llfs.xlsx
2021,16,ENWL,ENWL,GREEN,"23:00-07:00 (all days), all day (weekends) (default)",0.686,9.18,3.7896521739130433,1.881,G,North West,23,p/kWh,dno_data_enhanced/enwl-schedule_of_charges-2021-final-v6-llfs.xlsx
2021,16,ENWL,ENWL,GREEN,"23:00-07:00 (all days), all day (weekends) (default)",0.44,5.889,2.442652173913044,1.206,G,North West,23,p/kWh,dno_data_enhanced/enwl-schedule_of_charges-2021-final-v6-llfs.xlsx
2021,16,ENWL,ENWL,GREEN,"23:00-07:00 (all days), all day (weekends) (default)",0.941,1.092,1.0015975609756098,1.0,G,North West,164,p/kWh,dno_data_enhanced/enwl-schedule_of_charges-2021-final-v6-llfs.xlsx
2021,16,ENWL,ENWL,GREEN,"23:00-07:00 (all days), all day (weekends) (default)",0.39,14.3,4.430277777777778,3.74,G,North West,72,p/kWh,dno_data_enhanced/enwl-schedule_of_charges-2021-final-v6-llfs.xlsx
2021,16,ENWL,ENWL,GREEN,"23:00-07:00 (all days), all day (weekends) (default)",0.214,17.11,5.120425,3.26,G,North West,40,p/kWh,dno_data_enhanced/enwl-schedule_of_charges-2021-final-v6-llfs.xlsx
2021,16,ENWL,ENWL,RED,16:00-19:00 (weekdays) (default),0.686,9.18,3.915666666666666,1.881,G,North West,15,p/kWh,dno_data_enhanced/enwl-schedule_of_charges-2021-final-v6-llfs.xlsx
2021,16,ENWL,ENWL,RED,16:00-19:00 (weekdays) (default),0.44,5.889,2.511666666666667,1.206,G,North West,15,p/kWh,dno_data_enhanced/enwl-schedule_of_charges-2021-final-v6-llfs.xlsx
2021,16,ENWL,ENWL,RED,16:00-19:00 (weekdays) (default),0.941,1.096,1.0019085365853655,1.0,G,North West,164,p/kWh,dno_data_enhanced/enwl-schedule_of_charges-2021-final-v6-llfs.xlsx
2021,16,ENWL,ENWL,RED,16:00-19:00 (weekdays) (default),0.04,12.48,2.6777777777777776,2.08,G,North West,54,p/kWh,dno_data_enhanced/enwl-schedule_of_charges-2021-final-v6-llfs.xlsx
2022,16,ENWL,ENWL,AMBER,"07:00-16:00, 19:00-23:00 (weekdays) (default)",0.976,1.085,1.0021538461538462,1.0,G,North West,169,p/kWh,dno_data_enhanced/enwl-schedule_of_charges_and_other_tables-2022v7_final.xlsx
2022,16,ENWL,ENWL,AMBER,"07:00-16:00, 19:00-23:00 (weekdays) (default)",9.349999999999998,9.36,9.3525,9.35,G,North West,8,p/kWh,dno_data_enhanced/enwl-schedule_of_charges_and_other_tables-2022v7_final.xlsx
2022,16,ENWL,ENWL,AMBER,"07:00-16:00, 19:00-23:00 (weekdays) (default)",0.72,12.24,2.735238095238095,2.12,G,North West,21,p/kWh,dno_data_enhanced/enwl-schedule_of_charges_and_other_tables-2022v7_final.xlsx
2022,16,ENWL,ENWL,GREEN,"23:00-07:00 (all days), all day (weekends) (default)",0.214,20.25,7.549608695652173,1.517,G,North West,23,p/kWh,dno_data_enhanced/enwl-schedule_of_charges_and_other_tables-2022v7_final.xlsx
2022,16,ENWL,ENWL,GREEN,"23:00-07:00 (all days), all day (weekends) (default)",0.139,16.49,5.778347826086956,0.988,G,North West,23,p/kWh,dno_data_enhanced/enwl-schedule_of_charges_and_other_tables-2022v7_final.xlsx
2022,16,ENWL,ENWL,GREEN,"23:00-07:00 (all days), all day (weekends) (default)",0.976,1.073,1.002,1.0,G,North West,169,p/kWh,dno_data_enhanced/enwl-schedule_of_charges_and_other_tables-2022v7_final.xlsx
2022,16,ENWL,ENWL,GREEN,"23:00-07:00 (all days), all day (weekends) (default)",0.0388799278328753,0.0388799278328753,0.0388799278328753,0.0388799278328753,G,North West,158,p/kWh,dno_data_enhanced/enwl-schedule_of_charges_and_other_tables-2022v7_final.xlsx
2022,16,ENWL,ENWL,GREEN,"23:00-07:00 (all days), all day (weekends) (default)",0.72,10.65,4.267222222222222,3.54,G,North West,72,p/kWh,dno_data_enhanced/enwl-schedule_of_charges_and_other_tables-2022v7_final.xlsx
2022,16,ENWL,ENWL,RED,16:00-19:00 (weekdays) (default),0.214,8.351,3.360666666666667,1.517,G,North West,15,p/kWh,dno_data_enhanced/enwl-schedule_of_charges_and_other_tables-2022v7_final.xlsx
2022,16,ENWL,ENWL,RED,16:00-19:00 (weekdays) (default),0.139,5.44,2.189,0.988,G,North West,15,p/kWh,dno_data_enhanced/enwl-schedule_of_charges_and_other_tables-2022v7_final.xlsx
2022,16,ENWL,ENWL,RED,16:00-19:00 (weekdays) (default),0.976,1.093,1.0022426035502958,1.0,G,North West,169,p/kWh,dno_data_enhanced/enwl-schedule_of_charges_and_other_tables-2022v7_final.xlsx
2022,16,ENWL,ENWL,RED,16:00-19:00 (weekdays) (default),0.069553035014731,0.069553035014731,0.069553035014731,0.069553035014731,G,North West,8,p/kWh,dno_data_enhanced/enwl-schedule_of_charges_and_other_tables-2022v7_final.xlsx
2022,16,ENWL,ENWL,RED,16:00-19:00 (weekdays) (default),0.08,7.64,2.382222222222222,1.77,G,North West,54,p/kWh,dno_data_enhanced/enwl-schedule_of_charges_and_other_tables-2022v7_final.xlsx
2023,16,ENWL,ENWL,AMBER,"07:00-16:00, 19:00-23:00 (weekdays) (default)",0.93,1.077,1.0013662790697673,1.0,G,North West,172,p/kWh,dno_data_enhanced/enwl---schedule-of-charges-and-other-tables--2023-final-v2.xlsx
2023,16,ENWL,ENWL,AMBER,"07:00-16:00, 19:00-23:00 (weekdays) (default)",2.58,2.58,2.58,2.58,G,North West,8,p/kWh,dno_data_enhanced/enwl---schedule-of-charges-and-other-tables--2023-final-v2.xlsx
2023,16,ENWL,ENWL,AMBER,"07:00-16:00, 19:00-23:00 (weekdays) (default)",0.52,12.4,2.5376190476190477,1.66,G,North West,21,p/kWh,dno_data_enhanced/enwl---schedule-of-charges-and-other-tables--2023-final-v2.xlsx
2023,16,ENWL,ENWL,GREEN,"23:00-07:00 (all days), all day (weekends) (default)",0.19,14.89,6.722869565217391,2.136,G,North West,23,p/kWh,dno_data_enhanced/enwl---schedule-of-charges-and-other-tables--2023-final-v2.xlsx
2023,16,ENWL,ENWL,GREEN,"23:00-07:00 (all days), all day (weekends) (default)",0.124,10.68,4.634086956521739,1.39,G,North West,23,p/kWh,dno_data_enhanced/enwl---schedule-of-charges-and-other-tables--2023-final-v2.xlsx
2023,16,ENWL,ENWL,GREEN,"23:00-07:00 (all days), all day (weekends) (default)",0.93,1.072,1.0012848837209305,1.0,G,North West,172,p/kWh,dno_data_enhanced/enwl---schedule-of-charges-and-other-tables--2023-final-v2.xlsx
2023,16,ENWL,ENWL,GREEN,"23:00-07:00 (all days), all day (weekends) (default)",0.1116743494586706,0.1116743494586706,0.1116743494586706,0.1116743494586706,G,North West,158,p/kWh,dno_data_enhanced/enwl---schedule-of-charges-and-other-tables--2023-final-v2.xlsx
2023,16,ENWL,ENWL,GREEN,"23:00-07:00 (all days), all day (weekends) (default)",0.52,15.25,4.403611111111111,3.84,G,North West,72,p/kWh,dno_data_enhanced/enwl---schedule-of-charges-and-other-tables--2023-final-v2.xlsx
2023,16,ENWL,ENWL,RED,16:00-19:00 (weekdays) (default),0.19,10.266,4.197333333333334,2.136,G,North West,15,p/kWh,dno_data_enhanced/enwl---schedule-of-charges-and-other-tables--2023-final-v2.xlsx
2023,16,ENWL,ENWL,RED,16:00-19:00 (weekdays) (default),0.124,6.684,2.732666666666667,1.39,G,North West,15,p/kWh,dno_data_enhanced/enwl---schedule-of-charges-and-other-tables--2023-final-v2.xlsx
2023,16,ENWL,ENWL,RED,16:00-19:00 (weekdays) (default),0.93,1.083,1.0014418604651163,1.0,G,North West,172,p/kWh,dno_data_enhanced/enwl---schedule-of-charges-and-other-tables--2023-final-v2.xlsx
2023,16,ENWL,ENWL,RED,16:00-19:00 (weekdays) (default),0.1330312723094033,0.1330312723094033,0.1330312723094033,0.1330312723094033,G,North West,8,p/kWh,dno_data_enhanced/enwl---schedule-of-charges-and-other-tables--2023-final-v2.xlsx
2023,16,ENWL,ENWL,RED,16:00-19:00 (weekdays) (default),0.34,5.08,2.6295238095238096,2.99,G,North West,42,p/kWh,dno_data_enhanced/enwl---schedule-of-charges-and-other-tables--2023-final-v2.xlsx
2025,16,ENWL,ENWL,AMBER,"07:00-16:00, 19:00-23:00 (weekdays) (default)",0.932,1.104,1.003567901234568,1.0,G,North West,243,p/kWh,dno_data_enhanced/enwl---schedule-of-charges-and-other-tables--2025-v2_0.xlsx
2025,16,ENWL,ENWL,AMBER,"07:00-16:00, 19:00-23:00 (weekdays) (default)",1.2157923675972264,5.6702040592249965,3.052582129850795,2.704089921035211,G,North West,16,p/kWh,dno_data_enhanced/enwl---schedule-of-charges-and-other-tables--2025-v2_0.xlsx
2025,16,ENWL,ENWL,GREEN,"23:00-07:00 (all days), all day (weekends) (default)",0.14,18.089,7.473434782608696,3.224,G,North West,23,p/kWh,dno_data_enhanced/enwl---schedule-of-charges-and-other-tables--2025-v2_0.xlsx
2025,16,ENWL,ENWL,GREEN,"23:00-07:00 (all days), all day (weekends) (default)",0.09,11.542,4.770086956521738,2.057,G,North West,23,p/kWh,dno_data_enhanced/enwl---schedule-of-charges-and-other-tables--2025-v2_0.xlsx
2025,16,ENWL,ENWL,GREEN,"23:00-07:00 (all days), all day (weekends) (default)",0.932,1.097,1.0029465020576132,1.0,G,North West,243,p/kWh,dno_data_enhanced/enwl---schedule-of-charges-and-other-tables--2025-v2_0.xlsx
2025,16,ENWL,ENWL,GREEN,"23:00-07:00 (all days), all day (weekends) (default)",0.3877958413887705,10.816359684140844,3.977571942558445,3.741705820967326,G,North West,102,p/kWh,dno_data_enhanced/enwl---schedule-of-charges-and-other-tables--2025-v2_0.xlsx
2025,16,ENWL,ENWL,RED,16:00-19:00 (weekdays) (default),0.14,18.089,7.151,3.224,G,North West,15,p/kWh,dno_data_enhanced/enwl---schedule-of-charges-and-other-tables--2025-v2_0.xlsx
2025,16,ENWL,ENWL,RED,16:00-19:00 (weekdays) (default),0.09,11.542,4.023421052631579,2.057,G,North West,19,p/kWh,dno_data_enhanced/enwl---schedule-of-charges-and-other-tables--2025-v2_0.xlsx
2025,16,ENWL,ENWL,RED,16:00-19:00 (weekdays) (default),0.932,1.115,1.0038148148148147,1.0,G,North West,243,p/kWh,dno_data_enhanced/enwl---schedule-of-charges-and-other-tables--2025-v2_0.xlsx
2025,16,ENWL,ENWL,RED,16:00-19:00 (weekdays) (default),0.21,12.46,4.806661929678198,3.1652525432272625,G,North West,66,p/kWh,dno_data_enhanced/enwl---schedule-of-charges-and-other-tables--2025-v2_0.xlsx
2026,16,ENWL,ENWL,AMBER,"07:00-16:00, 19:00-23:00 (weekdays) (default)",1.4458287353370487,5.846177060275893,3.0710764351135684,2.9335655499592295,G,North West,16,p/kWh,dno_data_enhanced/enwl---schedule-of-charges-and-other-tables--2026-27-v1_0-final.xlsx
2026,16,ENWL,ENWL,GREEN,"23:00-07:00 (all days), all day (weekends) (default)",0.15,16.206,4.982608695652174,2.565,G,North West,23,p/kWh,dno_data_enhanced/enwl---schedule-of-charges-and-other-tables--2026-27-v1_0-final.xlsx
2026,16,ENWL,ENWL,GREEN,"23:00-07:00 (all days), all day (weekends) (default)",0.095,10.264,3.157130434782609,1.624,G,North West,23,p/kWh,dno_data_enhanced/enwl---schedule-of-charges-and-other-tables--2026-27-v1_0-final.xlsx
2026,16,ENWL,ENWL,GREEN,"23:00-07:00 (all days), all day (weekends) (default)",0.4924199316002992,12.100957893581825,3.742296572738642,3.499324620308509,G,North West,82,p/kWh,dno_data_enhanced/enwl---schedule-of-charges-and-other-tables--2026-27-v1_0-final.xlsx
2026,16,ENWL,ENWL,RED,16:00-19:00 (weekdays) (default),0.15,16.206,6.307,2.565,G,North West,15,p/kWh,dno_data_enhanced/enwl---schedule-of-charges-and-other-tables--2026-27-v1_0-final.xlsx
2026,16,ENWL,ENWL,RED,16:00-19:00 (weekdays) (default),0.095,10.264,3.574473684210526,1.624,G,North West,19,p/kWh,dno_data_enhanced/enwl---schedule-of-charges-and-other-tables--2026-27-v1_0-final.xlsx
2026,16,ENWL,ENWL,RED,16:00-19:00 (weekdays) (default),0.14,9.55,3.5072044122006183,2.315421380503534,G,North West,42,p/kWh,dno_data_enhanced/enwl---schedule-of-charges-and-other-tables--2026-27-v1_0-final.xlsx
