file_path,dno_name,mpan_code,year,band,sheet_name,time_period,min_rate,max_rate,mean_rate,median_rate,count,unit
dno_data_enhanced/shepd_schedule-of-charges-and-other-tables-april-2022.xlsx,SSEN Hydro,17.0,2022,RED,"Annex 1 LV, HV & UMS charges_N",16:00-19:00 (weekdays) (default),0.019,8.501,2.916315789473684,0.962,19,p/kWh
dno_data_enhanced/shepd_schedule-of-charges-and-other-tables-april-2022.xlsx,SSEN Hydro,17.0,2022,GREEN,"Annex 1 LV, HV & UMS charges_N","23:00-07:00 (all days), all day (weekends) (default)",0.019,27.13,9.181347826086956,0.962,23,p/kWh
dno_data_enhanced/shepd_schedule-of-charges-and-other-tables-april-2022.xlsx,SSEN Hydro,17.0,2022,RED,Annex 4 LDNO charges_N,16:00-19:00 (weekdays) (default),0.012,5.173,1.9233333333333331,0.585,15,p/kWh
dno_data_enhanced/shepd_schedule-of-charges-and-other-tables-april-2022.xlsx,SSEN Hydro,17.0,2022,GREEN,Annex 4 LDNO charges_N,"23:00-07:00 (all days), all day (weekends) (default)",0.012,20.18,6.544652173913043,0.585,23,p/kWh
dno_data_enhanced/shepd_schedule-of-charges-and-other-tables-april-2022.xlsx,SSEN Hydro,17.0,2022,RED,Annex 7 Pass-Through Costs_N,16:00-19:00 (weekdays) (default),0.0797710879447593,0.0797710879447593,0.0797710879447593,0.0797710879447593,8,p/kWh
dno_data_enhanced/shepd_schedule-of-charges-and-other-tables-april-2022.xlsx,SSEN Hydro,17.0,2022,AMBER,Annex 7 Pass-Through Costs_N,"07:00-16:00, 19:00-23:00 (weekdays) (default)",9.263345010360473,9.263345010360473,9.263345010360473,9.263345010360473,8,p/kWh
dno_data_enhanced/shepd_schedule-of-charges-and-other-tables-april-2022.xlsx,SSEN Hydro,17.0,2022,GREEN,Annex 7 Pass-Through Costs_N,"23:00-07:00 (all days), all day (weekends) (default)",0.03449169710709,0.03449169710709,0.03449169710709,0.03449169710709,158,p/kWh
dno_data_enhanced/shepd_schedule-of-charges-and-other-tables-april-2022.xlsx,SSEN Hydro,17.0,2022,RED,Nodal prices_N,16:00-19:00 (weekdays) (default),2.0,3.28739163379731,2.643695816898655,3.28739163379731,2,p/kWh
dno_data_enhanced/shepd_schedule-of-charges-and-other-tables-april-2022.xlsx,SSEN Hydro,17.0,2022,GREEN,Nodal prices_N,"23:00-07:00 (all days), all day (weekends) (default)",3.0,3.0,3.0,3.0,1,p/kWh
dno_data_enhanced/sepd_cdcm_v9_20221027_final.xlsx,SSEN Southern,20.0,2022,RED,Inputs by network level,16:00-19:00 (weekdays) (default),0.0449437590929799,1.0,0.4994455306377407,0.7220189359948014,6,p/kWh
dno_data_enhanced/sepd_cdcm_v9_20221027_final.xlsx,SSEN Southern,20.0,2022,AMBER,Inputs by network level,"07:00-16:00, 19:00-23:00 (weekdays) (default)",0.012370413198693,1.013,0.2723628041513933,0.0771435895169734,11,p/kWh
dno_data_enhanced/sepd_cdcm_v9_20221027_final.xlsx,SSEN Southern,20.0,2022,GREEN,Inputs by network level,"23:00-07:00 (all days), all day (weekends) (default)",0.0140703997591475,1.018,0.3011608819515142,0.2297104887386627,10,p/kWh
dno_data_enhanced/sepd_cdcm_v9_20221027_final.xlsx,SSEN Southern,20.0,2022,RED,Load & loss characteristics,16:00-19:00 (weekdays) (default),1.09,1.09,1.09,1.09,1,p/kWh
dno_data_enhanced/sepd_cdcm_v9_20221027_final.xlsx,SSEN Southern,20.0,2022,RED,Customer contributions,16:00-19:00 (weekdays) (default),0.012370413198693,0.0345307447997926,0.0179104960989679,0.012370413198693,20,p/kWh
dno_data_enhanced/sepd_cdcm_v9_20221027_final.xlsx,SSEN Southern,20.0,2022,AMBER,Customer contributions,"07:00-16:00, 19:00-23:00 (weekdays) (default)",0.0244009259838578,0.0663810136980219,0.0348959479123988,0.0244009259838578,20,p/kWh
dno_data_enhanced/sepd_cdcm_v9_20221027_final.xlsx,SSEN Southern,20.0,2022,GREEN,Customer contributions,"23:00-07:00 (all days), all day (weekends) (default)",0.343799317773253,0.383232676781521,0.3521010775644673,0.343799317773253,19,p/kWh
dno_data_enhanced/sepd_cdcm_v9_20221027_final.xlsx,SSEN Southern,20.0,2022,RED,Pseudo-load coefficients,16:00-19:00 (weekdays) (default),8.319253248370345,8.319253248370345,8.319253248370345,8.319253248370345,1,p/kWh
dno_data_enhanced/sepd_cdcm_v9_20221027_final.xlsx,SSEN Southern,20.0,2022,GREEN,Pseudo-load coefficients,"23:00-07:00 (all days), all day (weekends) (default)",9.830576642437304,9.830576642437304,9.830576642437304,9.830576642437304,1,p/kWh
dno_data_enhanced/sepd_cdcm_v9_20221027_final.xlsx,SSEN Southern,20.0,2022,RED,Revenue matching,16:00-19:00 (weekdays) (default),1.0,1.0,1.0,1.0,7,p/kWh
dno_data_enhanced/EDCM-LRIC_v10_20221027.xlsx,Unknown,,2022,RED,Fixed inputs,16:00-19:00 (weekdays) (default),3.0,3.0,3.0,3.0,1,p/kWh
dno_data_enhanced/EDCM-LRIC_v10_20221027.xlsx,Unknown,,2022,RED,Residual charge,16:00-19:00 (weekdays) (default),1.0,1.0,1.0,1.0,9,p/kWh
dno_data_enhanced/EDCM-LRIC_v10_20221027.xlsx,Unknown,,2022,AMBER,Residual charge,"07:00-16:00, 19:00-23:00 (weekdays) (default)",1.0,2.0,1.5555555555555556,2.0,9,p/kWh
dno_data_enhanced/EDCM-LRIC_v10_20221027.xlsx,Unknown,,2022,GREEN,Residual charge,"23:00-07:00 (all days), all day (weekends) (default)",1.0,3.0,2.111111111111111,2.0,9,p/kWh
dno_data_enhanced/sepd_schedule-of-charges-and-other-tables-embedded-networks-april-2022.xlsx,SSEN Southern,20.0,2022,RED,"Annex 1 LV, HV & UMS charges_A",16:00-19:00 (weekdays) (default),0.122,15.429,4.686315789473684,0.657,19,p/kWh
dno_data_enhanced/sepd_schedule-of-charges-and-other-tables-embedded-networks-april-2022.xlsx,SSEN Southern,20.0,2022,GREEN,"Annex 1 LV, HV & UMS charges_A","23:00-07:00 (all days), all day (weekends) (default)",0.122,16.23,7.791260869565218,0.657,23,p/kWh
dno_data_enhanced/sepd_schedule-of-charges-and-other-tables-embedded-networks-april-2022.xlsx,SSEN Southern,20.0,2022,RED,"Annex 1 LV, HV & UMS charges_B",16:00-19:00 (weekdays) (default),0.089,6.803,2.5528947368421053,1.209,19,p/kWh
dno_data_enhanced/sepd_schedule-of-charges-and-other-tables-embedded-networks-april-2022.xlsx,SSEN Southern,20.0,2022,GREEN,"Annex 1 LV, HV & UMS charges_B","23:00-07:00 (all days), all day (weekends) (default)",0.089,22.58,7.7079565217391295,1.209,23,p/kWh
dno_data_enhanced/sepd_schedule-of-charges-and-other-tables-embedded-networks-april-2022.xlsx,SSEN Southern,20.0,2022,RED,"Annex 1 LV, HV & UMS charges_C",16:00-19:00 (weekdays) (default),0.057,9.469,3.397631578947368,1.785,19,p/kWh
dno_data_enhanced/sepd_schedule-of-charges-and-other-tables-embedded-networks-april-2022.xlsx,SSEN Southern,20.0,2022,GREEN,"Annex 1 LV, HV & UMS charges_C","23:00-07:00 (all days), all day (weekends) (default)",0.057,10.86,5.372043478260869,1.785,23,p/kWh
dno_data_enhanced/sepd_schedule-of-charges-and-other-tables-embedded-networks-april-2022.xlsx,SSEN Southern,20.0,2022,RED,"Annex 1 LV, HV & UMS charges_D",16:00-19:00 (weekdays) (default),0.215,10.771,3.822105263157895,1.938,19,p/kWh
dno_data_enhanced/sepd_schedule-of-charges-and-other-tables-embedded-networks-april-2022.xlsx,SSEN Southern,20.0,2022,GREEN,"Annex 1 LV, HV & UMS charges_D","23:00-07:00 (all days), all day (weekends) (default)",0.215,25.21,9.479695652173914,1.938,23,p/kWh
dno_data_enhanced/sepd_schedule-of-charges-and-other-tables-embedded-networks-april-2022.xlsx,SSEN Southern,20.0,2022,RED,"Annex 1 LV, HV & UMS charges_E",16:00-19:00 (weekdays) (default),0.09,6.022,2.279736842105263,0.951,19,p/kWh
dno_data_enhanced/sepd_schedule-of-charges-and-other-tables-embedded-networks-april-2022.xlsx,SSEN Southern,20.0,2022,GREEN,"Annex 1 LV, HV & UMS charges_E","23:00-07:00 (all days), all day (weekends) (default)",0.09,25.72,8.290260869565216,0.951,23,p/kWh
dno_data_enhanced/sepd_schedule-of-charges-and-other-tables-embedded-networks-april-2022.xlsx,SSEN Southern,20.0,2022,RED,"Annex 1 LV, HV & UMS charges_F",16:00-19:00 (weekdays) (default),0.105,6.673,2.415263157894737,0.8,19,p/kWh
dno_data_enhanced/sepd_schedule-of-charges-and-other-tables-embedded-networks-april-2022.xlsx,SSEN Southern,20.0,2022,GREEN,"Annex 1 LV, HV & UMS charges_F","23:00-07:00 (all days), all day (weekends) (default)",0.105,26.45,8.586739130434783,0.8,23,p/kWh
dno_data_enhanced/sepd_schedule-of-charges-and-other-tables-embedded-networks-april-2022.xlsx,SSEN Southern,20.0,2022,RED,"Annex 1 LV, HV & UMS charges_G",16:00-19:00 (weekdays) (default),0.214,8.351,3.0742105263157895,1.517,19,p/kWh
dno_data_enhanced/sepd_schedule-of-charges-and-other-tables-embedded-networks-april-2022.xlsx,SSEN Southern,20.0,2022,GREEN,"Annex 1 LV, HV & UMS charges_G","23:00-07:00 (all days), all day (weekends) (default)",0.214,20.25,7.549608695652173,1.517,23,p/kWh
dno_data_enhanced/sepd_schedule-of-charges-and-other-tables-embedded-networks-april-2022.xlsx,SSEN Southern,20.0,2022,RED,"Annex 1 LV, HV & UMS charges_J",16:00-19:00 (weekdays) (default),0.11,16.433,4.963684210526316,0.719,19,p/kWh
dno_data_enhanced/sepd_schedule-of-charges-and-other-tables-embedded-networks-april-2022.xlsx,SSEN Southern,20.0,2022,GREEN,"Annex 1 LV, HV & UMS charges_J","23:00-07:00 (all days), all day (weekends) (default)",0.11,19.71,8.930391304347825,0.719,23,p/kWh
dno_data_enhanced/sepd_schedule-of-charges-and-other-tables-embedded-networks-april-2022.xlsx,SSEN Southern,20.0,2022,RED,"Annex 1 LV, HV & UMS charges_K",16:00-19:00 (weekdays) (default),0.161,9.959,3.3818421052631575,1.131,19,p/kWh
dno_data_enhanced/sepd_schedule-of-charges-and-other-tables-embedded-networks-april-2022.xlsx,SSEN Southern,20.0,2022,GREEN,"Annex 1 LV, HV & UMS charges_K","23:00-07:00 (all days), all day (weekends) (default)",0.161,25.74,9.21682608695652,1.131,23,p/kWh
dno_data_enhanced/sepd_schedule-of-charges-and-other-tables-embedded-networks-april-2022.xlsx,SSEN Southern,20.0,2022,RED,"Annex 1 LV, HV & UMS charges_L",16:00-19:00 (weekdays) (default),0.069,14.405,4.420526315789473,0.724,19,p/kWh
dno_data_enhanced/sepd_schedule-of-charges-and-other-tables-embedded-networks-april-2022.xlsx,SSEN Southern,20.0,2022,GREEN,"Annex 1 LV, HV & UMS charges_L","23:00-07:00 (all days), all day (weekends) (default)",0.069,28.97,10.89578260869565,0.724,23,p/kWh
dno_data_enhanced/sepd_schedule-of-charges-and-other-tables-embedded-networks-april-2022.xlsx,SSEN Southern,20.0,2022,RED,"Annex 1 LV, HV & UMS charges_M",16:00-19:00 (weekdays) (default),0.086,4.192,1.7781578947368424,0.879,19,p/kWh
dno_data_enhanced/sepd_schedule-of-charges-and-other-tables-embedded-networks-april-2022.xlsx,SSEN Southern,20.0,2022,GREEN,"Annex 1 LV, HV & UMS charges_M","23:00-07:00 (all days), all day (weekends) (default)",0.086,26.09,7.969130434782608,0.879,23,p/kWh
dno_data_enhanced/sepd_schedule-of-charges-and-other-tables-embedded-networks-april-2022.xlsx,SSEN Southern,20.0,2022,RED,Annex 4 LDNO charges_A,16:00-19:00 (weekdays) (default),0.083,10.523,3.3299999999999996,0.448,19,p/kWh
dno_data_enhanced/sepd_schedule-of-charges-and-other-tables-embedded-networks-april-2022.xlsx,SSEN Southern,20.0,2022,GREEN,Annex 4 LDNO charges_A,"23:00-07:00 (all days), all day (weekends) (default)",0.083,14.08,6.099173913043479,0.448,23,p/kWh
dno_data_enhanced/sepd_schedule-of-charges-and-other-tables-embedded-networks-april-2022.xlsx,SSEN Southern,20.0,2022,RED,Annex 4 LDNO charges_B,16:00-19:00 (weekdays) (default),0.062,4.742,1.9071052631578944,0.843,19,p/kWh
dno_data_enhanced/sepd_schedule-of-charges-and-other-tables-embedded-networks-april-2022.xlsx,SSEN Southern,20.0,2022,GREEN,Annex 4 LDNO charges_B,"23:00-07:00 (all days), all day (weekends) (default)",0.062,18.56,6.108695652173913,0.843,23,p/kWh
dno_data_enhanced/sepd_schedule-of-charges-and-other-tables-embedded-networks-april-2022.xlsx,SSEN Southern,20.0,2022,RED,Annex 4 LDNO charges_C,16:00-19:00 (weekdays) (default),0.042,6.903,2.5910526315789473,1.301,19,p/kWh
dno_data_enhanced/sepd_schedule-of-charges-and-other-tables-embedded-networks-april-2022.xlsx,SSEN Southern,20.0,2022,GREEN,Annex 4 LDNO charges_C,"23:00-07:00 (all days), all day (weekends) (default)",0.042,10.56,4.605782608695653,1.301,23,p/kWh
dno_data_enhanced/sepd_schedule-of-charges-and-other-tables-embedded-networks-april-2022.xlsx,SSEN Southern,20.0,2022,RED,Annex 4 LDNO charges_D,16:00-19:00 (weekdays) (default),0.133,6.682,2.6723333333333334,1.202,15,p/kWh
dno_data_enhanced/sepd_schedule-of-charges-and-other-tables-embedded-networks-april-2022.xlsx,SSEN Southern,20.0,2022,GREEN,Annex 4 LDNO charges_D,"23:00-07:00 (all days), all day (weekends) (default)",0.133,19.32,6.840869565217392,1.202,23,p/kWh
dno_data_enhanced/sepd_schedule-of-charges-and-other-tables-embedded-networks-april-2022.xlsx,SSEN Southern,20.0,2022,RED,Annex 4 LDNO charges_E,16:00-19:00 (weekdays) (default),0.059,3.99,1.6523684210526317,0.63,19,p/kWh
dno_data_enhanced/sepd_schedule-of-charges-and-other-tables-embedded-networks-april-2022.xlsx,SSEN Southern,20.0,2022,GREEN,Annex 4 LDNO charges_E,"23:00-07:00 (all days), all day (weekends) (default)",0.059,20.22,6.32191304347826,0.63,23,p/kWh
dno_data_enhanced/sepd_schedule-of-charges-and-other-tables-embedded-networks-april-2022.xlsx,SSEN Southern,20.0,2022,RED,Annex 4 LDNO charges_F,16:00-19:00 (weekdays) (default),0.063,3.976,1.6094736842105262,0.477,19,p/kWh
dno_data_enhanced/sepd_schedule-of-charges-and-other-tables-embedded-networks-april-2022.xlsx,SSEN Southern,20.0,2022,GREEN,Annex 4 LDNO charges_F,"23:00-07:00 (all days), all day (weekends) (default)",0.063,19.57,6.110434782608695,0.477,23,p/kWh
dno_data_enhanced/sepd_schedule-of-charges-and-other-tables-embedded-networks-april-2022.xlsx,SSEN Southern,20.0,2022,RED,Annex 4 LDNO charges_G,16:00-19:00 (weekdays) (default),0.139,5.44,2.189,0.988,15,p/kWh
dno_data_enhanced/sepd_schedule-of-charges-and-other-tables-embedded-networks-april-2022.xlsx,SSEN Southern,20.0,2022,GREEN,Annex 4 LDNO charges_G,"23:00-07:00 (all days), all day (weekends) (default)",0.139,16.49,5.778347826086956,0.988,23,p/kWh
dno_data_enhanced/sepd_schedule-of-charges-and-other-tables-embedded-networks-april-2022.xlsx,SSEN Southern,20.0,2022,RED,Annex 4 LDNO charges_J,16:00-19:00 (weekdays) (default),0.075,11.192,3.5149999999999997,0.49,19,p/kWh
dno_data_enhanced/sepd_schedule-of-charges-and-other-tables-embedded-networks-april-2022.xlsx,SSEN Southern,20.0,2022,GREEN,Annex 4 LDNO charges_J,"23:00-07:00 (all days), all day (weekends) (default)",0.075,16.48,6.879565217391304,0.49,23,p/kWh
dno_data_enhanced/sepd_schedule-of-charges-and-other-tables-embedded-networks-april-2022.xlsx,SSEN Southern,20.0,2022,RED,Annex 4 LDNO charges_K,16:00-19:00 (weekdays) (default),0.107,6.623,2.39,0.752,19,p/kWh
dno_data_enhanced/sepd_schedule-of-charges-and-other-tables-embedded-networks-april-2022.xlsx,SSEN Southern,20.0,2022,GREEN,Annex 4 LDNO charges_K,"23:00-07:00 (all days), all day (weekends) (default)",0.107,20.36,6.975173913043478,0.752,23,p/kWh
dno_data_enhanced/sepd_schedule-of-charges-and-other-tables-embedded-networks-april-2022.xlsx,SSEN Southern,20.0,2022,RED,Annex 4 LDNO charges_L,16:00-19:00 (weekdays) (default),0.043,8.918,2.8971052631578944,0.448,19,p/kWh
dno_data_enhanced/sepd_schedule-of-charges-and-other-tables-embedded-networks-april-2022.xlsx,SSEN Southern,20.0,2022,GREEN,Annex 4 LDNO charges_L,"23:00-07:00 (all days), all day (weekends) (default)",0.043,21.61,7.704173913043478,0.448,23,p/kWh
dno_data_enhanced/sepd_schedule-of-charges-and-other-tables-embedded-networks-april-2022.xlsx,SSEN Southern,20.0,2022,RED,Annex 4 LDNO charges_M,16:00-19:00 (weekdays) (default),0.052,2.516,1.2355263157894738,0.527,19,p/kWh
dno_data_enhanced/sepd_schedule-of-charges-and-other-tables-embedded-networks-april-2022.xlsx,SSEN Southern,20.0,2022,GREEN,Annex 4 LDNO charges_M,"23:00-07:00 (all days), all day (weekends) (default)",0.052,19.46,5.774521739130434,0.527,23,p/kWh
dno_data_enhanced/sepd_schedule-of-charges-and-other-tables-embedded-networks-april-2022.xlsx,SSEN Southern,20.0,2022,RED,Annex 5 LLFs_A,16:00-19:00 (weekdays) (default),1.005,1.113,1.0496,1.048,10,p/kWh
dno_data_enhanced/sepd_schedule-of-charges-and-other-tables-embedded-networks-april-2022.xlsx,SSEN Southern,20.0,2022,AMBER,Annex 5 LLFs_A,"07:00-16:00, 19:00-23:00 (weekdays) (default)",1.003,1.084,1.0379999999999998,1.037,10,p/kWh
dno_data_enhanced/sepd_schedule-of-charges-and-other-tables-embedded-networks-april-2022.xlsx,SSEN Southern,20.0,2022,GREEN,Annex 5 LLFs_A,"23:00-07:00 (all days), all day (weekends) (default)",1.004,1.099,1.0443,1.043,10,p/kWh
dno_data_enhanced/sepd_schedule-of-charges-and-other-tables-embedded-networks-april-2022.xlsx,SSEN Southern,20.0,2022,RED,Annex 5 LLFs_J,16:00-19:00 (weekdays) (default),1.004,1.08,1.0374285714285714,1.037,7,p/kWh
dno_data_enhanced/sepd_schedule-of-charges-and-other-tables-embedded-networks-april-2022.xlsx,SSEN Southern,20.0,2022,AMBER,Annex 5 LLFs_J,"07:00-16:00, 19:00-23:00 (weekdays) (default)",1.004,1.084,1.0394285714285714,1.039,7,p/kWh
dno_data_enhanced/sepd_schedule-of-charges-and-other-tables-embedded-networks-april-2022.xlsx,SSEN Southern,20.0,2022,GREEN,Annex 5 LLFs_J,"23:00-07:00 (all days), all day (weekends) (default)",1.004,1.071,1.0338571428571428,1.033,7,p/kWh
dno_data_enhanced/sepd_schedule-of-charges-and-other-tables-embedded-networks-april-2022.xlsx,SSEN Southern,20.0,2022,RED,Annex 7 Pass-Through Costs_A,16:00-19:00 (weekdays) (default),0.0567040105355688,0.0567040105355688,0.0567040105355688,0.0567040105355688,8,p/kWh
dno_data_enhanced/sepd_schedule-of-charges-and-other-tables-embedded-networks-april-2022.xlsx,SSEN Southern,20.0,2022,AMBER,Annex 7 Pass-Through Costs_A,"07:00-16:00, 19:00-23:00 (weekdays) (default)",9.351456707943546,9.351456707943546,9.351456707943546,9.351456707943546,8,p/kWh
dno_data_enhanced/sepd_schedule-of-charges-and-other-tables-embedded-networks-april-2022.xlsx,SSEN Southern,20.0,2022,GREEN,Annex 7 Pass-Through Costs_A,"23:00-07:00 (all days), all day (weekends) (default)",0.0510281593944701,0.0510281593944701,0.0510281593944701,0.0510281593944701,158,p/kWh
dno_data_enhanced/sepd_schedule-of-charges-and-other-tables-embedded-networks-april-2022.xlsx,SSEN Southern,20.0,2022,RED,Annex 7 Pass-Through Costs_B,16:00-19:00 (weekdays) (default),0.0249818260964779,0.0249818260964779,0.0249818260964779,0.0249818260964779,8,p/kWh
dno_data_enhanced/sepd_schedule-of-charges-and-other-tables-embedded-networks-april-2022.xlsx,SSEN Southern,20.0,2022,AMBER,Annex 7 Pass-Through Costs_B,"07:00-16:00, 19:00-23:00 (weekdays) (default)",9.243015689558773,9.243015689558773,9.243015689558773,9.243015689558773,8,p/kWh
dno_data_enhanced/sepd_schedule-of-charges-and-other-tables-embedded-networks-april-2022.xlsx,SSEN Southern,20.0,2022,GREEN,Annex 7 Pass-Through Costs_B,"23:00-07:00 (all days), all day (weekends) (default)",0.041263685548627,0.041263685548627,0.041263685548627,0.041263685548627,158,p/kWh
dno_data_enhanced/sepd_schedule-of-charges-and-other-tables-embedded-networks-april-2022.xlsx,SSEN Southern,20.0,2022,RED,Annex 7 Pass-Through Costs_C,16:00-19:00 (weekdays) (default),0.0585927595840297,0.0585927595840297,0.0585927595840297,0.0585927595840297,8,p/kWh
dno_data_enhanced/sepd_schedule-of-charges-and-other-tables-embedded-networks-april-2022.xlsx,SSEN Southern,20.0,2022,AMBER,Annex 7 Pass-Through Costs_C,"07:00-16:00, 19:00-23:00 (weekdays) (default)",9.6543477519752,9.6543477519752,9.6543477519752,9.6543477519752,8,p/kWh
dno_data_enhanced/sepd_schedule-of-charges-and-other-tables-embedded-networks-april-2022.xlsx,SSEN Southern,20.0,2022,GREEN,Annex 7 Pass-Through Costs_C,"23:00-07:00 (all days), all day (weekends) (default)",0.0522267622350527,0.0522267622350527,0.0522267622350527,0.0522267622350527,158,p/kWh
dno_data_enhanced/sepd_schedule-of-charges-and-other-tables-embedded-networks-april-2022.xlsx,SSEN Southern,20.0,2022,RED,Annex 7 Pass-Through Costs_D,16:00-19:00 (weekdays) (default),0.0816701427748491,0.0816701427748491,0.0816701427748491,0.0816701427748491,8,p/kWh
dno_data_enhanced/sepd_schedule-of-charges-and-other-tables-embedded-networks-april-2022.xlsx,SSEN Southern,20.0,2022,AMBER,Annex 7 Pass-Through Costs_D,"07:00-16:00, 19:00-23:00 (weekdays) (default)",9.562906122784565,9.562906122784565,9.562906122784565,9.562906122784565,8,p/kWh
dno_data_enhanced/sepd_schedule-of-charges-and-other-tables-embedded-networks-april-2022.xlsx,SSEN Southern,20.0,2022,GREEN,Annex 7 Pass-Through Costs_D,"23:00-07:00 (all days), all day (weekends) (default)",0.0667265122388635,0.0667265122388635,0.0667265122388635,0.0667265122388635,158,p/kWh
dno_data_enhanced/sepd_schedule-of-charges-and-other-tables-embedded-networks-april-2022.xlsx,SSEN Southern,20.0,2022,RED,Annex 7 Pass-Through Costs_E,16:00-19:00 (weekdays) (default),0.0253289826771261,0.0253289826771261,0.0253289826771261,0.0253289826771261,8,p/kWh
dno_data_enhanced/sepd_schedule-of-charges-and-other-tables-embedded-networks-april-2022.xlsx,SSEN Southern,20.0,2022,AMBER,Annex 7 Pass-Through Costs_E,"07:00-16:00, 19:00-23:00 (weekdays) (default)",9.325970938564298,9.325970938564298,9.325970938564298,9.325970938564298,8,p/kWh
dno_data_enhanced/sepd_schedule-of-charges-and-other-tables-embedded-networks-april-2022.xlsx,SSEN Southern,20.0,2022,GREEN,Annex 7 Pass-Through Costs_E,"23:00-07:00 (all days), all day (weekends) (default)",0.0672090347161974,0.0672090347161974,0.0672090347161974,0.0672090347161974,158,p/kWh
dno_data_enhanced/sepd_schedule-of-charges-and-other-tables-embedded-networks-april-2022.xlsx,SSEN Southern,20.0,2022,RED,Annex 7 Pass-Through Costs_G,16:00-19:00 (weekdays) (default),0.069553035014731,0.069553035014731,0.069553035014731,0.069553035014731,8,p/kWh
dno_data_enhanced/sepd_schedule-of-charges-and-other-tables-embedded-networks-april-2022.xlsx,SSEN Southern,20.0,2022,AMBER,Annex 7 Pass-Through Costs_G,"07:00-16:00, 19:00-23:00 (weekdays) (default)",9.35594173566129,9.35594173566129,9.35594173566129,9.35594173566129,8,p/kWh
dno_data_enhanced/sepd_schedule-of-charges-and-other-tables-embedded-networks-april-2022.xlsx,SSEN Southern,20.0,2022,GREEN,Annex 7 Pass-Through Costs_G,"23:00-07:00 (all days), all day (weekends) (default)",0.0388799278328753,0.0388799278328753,0.0388799278328753,0.0388799278328753,158,p/kWh
dno_data_enhanced/sepd_schedule-of-charges-and-other-tables-embedded-networks-april-2022.xlsx,SSEN Southern,20.0,2022,RED,Annex 7 Pass-Through Costs_J,16:00-19:00 (weekdays) (default),0.0575384270371138,0.0575384270371138,0.0575384270371138,0.0575384270371138,8,p/kWh
dno_data_enhanced/sepd_schedule-of-charges-and-other-tables-embedded-networks-april-2022.xlsx,SSEN Southern,20.0,2022,AMBER,Annex 7 Pass-Through Costs_J,"07:00-16:00, 19:00-23:00 (weekdays) (default)",9.45363201918255,9.45363201918255,9.45363201918255,9.45363201918255,8,p/kWh
dno_data_enhanced/sepd_schedule-of-charges-and-other-tables-embedded-networks-april-2022.xlsx,SSEN Southern,20.0,2022,GREEN,Annex 7 Pass-Through Costs_J,"23:00-07:00 (all days), all day (weekends) (default)",0.0652583629709989,0.0652583629709989,0.0652583629709989,0.0652583629709989,158,p/kWh
dno_data_enhanced/sepd_schedule-of-charges-and-other-tables-embedded-networks-april-2022.xlsx,SSEN Southern,20.0,2022,RED,Annex 7 Pass-Through Costs_K,16:00-19:00 (weekdays) (default),0.0259957363955502,0.0259957363955502,0.0259957363955502,0.0259957363955502,8,p/kWh
dno_data_enhanced/sepd_schedule-of-charges-and-other-tables-embedded-networks-april-2022.xlsx,SSEN Southern,20.0,2022,AMBER,Annex 7 Pass-Through Costs_K,"07:00-16:00, 19:00-23:00 (weekdays) (default)",9.59254473825386,9.59254473825386,9.59254473825386,9.59254473825386,8,p/kWh
dno_data_enhanced/sepd_schedule-of-charges-and-other-tables-embedded-networks-april-2022.xlsx,SSEN Southern,20.0,2022,GREEN,Annex 7 Pass-Through Costs_K,"23:00-07:00 (all days), all day (weekends) (default)",0.0721943444797833,0.0721943444797833,0.0721943444797833,0.0721943444797833,158,p/kWh
dno_data_enhanced/sepd_schedule-of-charges-and-other-tables-embedded-networks-april-2022.xlsx,SSEN Southern,20.0,2022,RED,Annex 7 Pass-Through Costs_L,16:00-19:00 (weekdays) (default),0.0259365788201084,0.0259365788201084,0.0259365788201084,0.0259365788201084,8,p/kWh
dno_data_enhanced/sepd_schedule-of-charges-and-other-tables-embedded-networks-april-2022.xlsx,SSEN Southern,20.0,2022,AMBER,Annex 7 Pass-Through Costs_L,"07:00-16:00, 19:00-23:00 (weekdays) (default)",9.52985806923739,9.52985806923739,9.52985806923739,9.52985806923739,8,p/kWh
dno_data_enhanced/sepd_schedule-of-charges-and-other-tables-embedded-networks-april-2022.xlsx,SSEN Southern,20.0,2022,GREEN,Annex 7 Pass-Through Costs_L,"23:00-07:00 (all days), all day (weekends) (default)",0.0952349053026654,0.0952349053026654,0.0952349053026654,0.0952349053026654,158,p/kWh
dno_data_enhanced/sepd_schedule-of-charges-and-other-tables-embedded-networks-april-2022.xlsx,SSEN Southern,20.0,2022,RED,Nodal prices_A,16:00-19:00 (weekdays) (default),0.115256306719451,0.26249118684284,0.2523326701398847,0.26210341931407,15,p/kWh
dno_data_enhanced/sepd_schedule-of-charges-and-other-tables-embedded-networks-april-2022.xlsx,SSEN Southern,20.0,2022,GREEN,Nodal prices_A,"23:00-07:00 (all days), all day (weekends) (default)",0.0282968423445437,0.0282968423445437,0.0282968423445437,0.0282968423445437,1,p/kWh
dno_data_enhanced/sepd_schedule-of-charges-and-other-tables-embedded-networks-april-2022.xlsx,SSEN Southern,20.0,2022,AMBER,Nodal prices_C,"07:00-16:00, 19:00-23:00 (weekdays) (default)",0.104108067626797,0.104108067626797,0.104108067626797,0.104108067626797,1,p/kWh
dno_data_enhanced/sepd_schedule-of-charges-and-other-tables-embedded-networks-april-2022.xlsx,SSEN Southern,20.0,2022,GREEN,Nodal prices_C,"23:00-07:00 (all days), all day (weekends) (default)",2.24214563958143,2.24214563958143,2.24214563958143,2.24214563958143,1,p/kWh
dno_data_enhanced/sepd_schedule-of-charges-and-other-tables-embedded-networks-april-2022.xlsx,SSEN Southern,20.0,2022,GREEN,Nodal prices_D,"23:00-07:00 (all days), all day (weekends) (default)",2.0,3.0,2.909090909090909,3.0,11,p/kWh
dno_data_enhanced/sepd_schedule-of-charges-and-other-tables-embedded-networks-april-2022.xlsx,SSEN Southern,20.0,2022,RED,Nodal prices_F,16:00-19:00 (weekdays) (default),0.320105572447,0.8904886624580001,0.6052971174525,0.8904886624580001,2,p/kWh
dno_data_enhanced/sepd_schedule-of-charges-and-other-tables-embedded-networks-april-2022.xlsx,SSEN Southern,20.0,2022,AMBER,Nodal prices_F,"07:00-16:00, 19:00-23:00 (weekdays) (default)",0.148706662015,0.189369740099,0.169038201057,0.189369740099,2,p/kWh
dno_data_enhanced/sepd_schedule-of-charges-and-other-tables-embedded-networks-april-2022.xlsx,SSEN Southern,20.0,2022,GREEN,Nodal prices_F,"23:00-07:00 (all days), all day (weekends) (default)",0.1541222362089999,2.2252742984,0.750564623117,0.433160208359,4,p/kWh
dno_data_enhanced/sepd_schedule-of-charges-and-other-tables-embedded-networks-april-2022.xlsx,SSEN Southern,20.0,2022,RED,Nodal prices_G,16:00-19:00 (weekdays) (default),0.08,7.64,2.382222222222222,1.77,54,p/kWh
dno_data_enhanced/sepd_schedule-of-charges-and-other-tables-embedded-networks-april-2022.xlsx,SSEN Southern,20.0,2022,AMBER,Nodal prices_G,"07:00-16:00, 19:00-23:00 (weekdays) (default)",0.72,12.24,2.735238095238095,2.12,21,p/kWh
dno_data_enhanced/sepd_schedule-of-charges-and-other-tables-embedded-networks-april-2022.xlsx,SSEN Southern,20.0,2022,GREEN,Nodal prices_G,"23:00-07:00 (all days), all day (weekends) (default)",0.72,10.65,4.267222222222222,3.54,72,p/kWh
dno_data_enhanced/sepd_schedule-of-charges-and-other-tables-embedded-networks-april-2022.xlsx,SSEN Southern,20.0,2022,RED,Nodal prices_J,16:00-19:00 (weekdays) (default),0.0247996114243237,16.268259415055464,8.146529513239894,16.268259415055464,4,p/kWh
dno_data_enhanced/sepd_schedule-of-charges-and-other-tables-embedded-networks-april-2022.xlsx,SSEN Southern,20.0,2022,AMBER,Nodal prices_J,"07:00-16:00, 19:00-23:00 (weekdays) (default)",0.0252141726032051,4.818598254478658,2.4219062135409315,4.818598254478658,2,p/kWh
dno_data_enhanced/sepd_schedule-of-charges-and-other-tables-embedded-networks-april-2022.xlsx,SSEN Southern,20.0,2022,GREEN,Nodal prices_J,"23:00-07:00 (all days), all day (weekends) (default)",0.0570385171064828,14.821396404773674,7.439217460940078,14.821396404773674,2,p/kWh
dno_data_enhanced/sepd_schedule-of-charges-and-other-tables-embedded-networks-april-2022.xlsx,SSEN Southern,20.0,2022,RED,Nodal prices_K,16:00-19:00 (weekdays) (default),0.04598833,8.75462947,2.5576022025,0.98637451,4,p/kWh
dno_data_enhanced/sepd_schedule-of-charges-and-other-tables-embedded-networks-april-2022.xlsx,SSEN Southern,20.0,2022,RED,Nodal prices_L,16:00-19:00 (weekdays) (default),0.3489256997509984,19.170008252728213,7.156858510060408,1.1867893752347696,5,p/kWh
dno_data_enhanced/sepd_schedule-of-charges-and-other-tables-embedded-networks-april-2022.xlsx,SSEN Southern,20.0,2022,RED,Nodal prices_M,16:00-19:00 (weekdays) (default),0.281629318852,1.98681792004,1.070513306317,1.69042390678,4,p/kWh
dno_data_enhanced/sepd_schedule-of-charges-and-other-tables-embedded-networks-april-2022.xlsx,SSEN Southern,20.0,2022,GREEN,Nodal prices_M,"23:00-07:00 (all days), all day (weekends) (default)",0.0129267156397,3.13103783626,0.749874421688225,0.59889689823,12,p/kWh
dno_data_enhanced/shepd_schedule-of-charges-and-other-tables-april-2022_v1.3.xlsx,SSEN Hydro,17.0,2022,RED,"Annex 1 LV, HV and UMS charges",16:00-19:00 (weekdays) (default),0.634,8.758,3.3718421052631578,1.821,19,p/kWh
dno_data_enhanced/shepd_schedule-of-charges-and-other-tables-april-2022_v1.3.xlsx,SSEN Hydro,17.0,2022,GREEN,"Annex 1 LV, HV and UMS charges","23:00-07:00 (all days), all day (weekends) (default)",0.634,27.51,9.720869565217392,1.821,23,p/kWh
dno_data_enhanced/shepd_schedule-of-charges-and-other-tables-april-2022_v1.3.xlsx,SSEN Hydro,17.0,2022,RED,Annex 3 Preserved charges,16:00-19:00 (weekdays) (default),0.727,10.37,5.809,10.05,12,p/kWh
dno_data_enhanced/shepd_schedule-of-charges-and-other-tables-april-2022_v1.3.xlsx,SSEN Hydro,17.0,2022,GREEN,Annex 3 Preserved charges,"23:00-07:00 (all days), all day (weekends) (default)",0.634,8.758,3.30325,2.0,12,p/kWh
dno_data_enhanced/shepd_schedule-of-charges-and-other-tables-april-2022_v1.3.xlsx,SSEN Hydro,17.0,2022,RED,Annex 4 LDNO charges,16:00-19:00 (weekdays) (default),0.448,6.186,2.505263157894737,1.286,19,p/kWh
dno_data_enhanced/shepd_schedule-of-charges-and-other-tables-april-2022_v1.3.xlsx,SSEN Hydro,17.0,2022,GREEN,Annex 4 LDNO charges,"23:00-07:00 (all days), all day (weekends) (default)",0.448,22.34,7.62495652173913,1.286,23,p/kWh
dno_data_enhanced/shepd_schedule-of-charges-and-other-tables-april-2022_v1.3.xlsx,SSEN Hydro,17.0,2022,RED,Annex 5 LLFs,16:00-19:00 (weekdays) (default),0.89,1.26,1.005507874015748,1.0,508,p/kWh
dno_data_enhanced/shepd_schedule-of-charges-and-other-tables-april-2022_v1.3.xlsx,SSEN Hydro,17.0,2022,AMBER,Annex 5 LLFs,"07:00-16:00, 19:00-23:00 (weekdays) (default)",0.892,1.266,1.006517716535433,1.001,508,p/kWh
dno_data_enhanced/shepd_schedule-of-charges-and-other-tables-april-2022_v1.3.xlsx,SSEN Hydro,17.0,2022,GREEN,Annex 5 LLFs,"23:00-07:00 (all days), all day (weekends) (default)",0.901,1.347,1.0074527559055118,1.001,508,p/kWh
dno_data_enhanced/shepd_schedule-of-charges-and-other-tables-april-2022_v1.3.xlsx,SSEN Hydro,17.0,2022,RED,Annex 7 Pass-Through Costs,16:00-19:00 (weekdays) (default),0.0252316042748831,0.0252316042748831,0.0252316042748831,0.0252316042748831,8,p/kWh
dno_data_enhanced/shepd_schedule-of-charges-and-other-tables-april-2022_v1.3.xlsx,SSEN Hydro,17.0,2022,AMBER,Annex 7 Pass-Through Costs,"07:00-16:00, 19:00-23:00 (weekdays) (default)",9.847662688723949,9.847662688723949,9.847662688723949,9.847662688723949,8,p/kWh
dno_data_enhanced/shepd_schedule-of-charges-and-other-tables-april-2022_v1.3.xlsx,SSEN Hydro,17.0,2022,GREEN,Annex 7 Pass-Through Costs,"23:00-07:00 (all days), all day (weekends) (default)",0.0496960682104958,0.0496960682104958,0.0496960682104958,0.0496960682104958,158,p/kWh
dno_data_enhanced/SWAE-Schedule of charges and other tables-2022 V.0.1.xlsx,National Grid South Wales,21.0,2022,RED,"Annex 1 LV, HV and UMS charges",16:00-19:00 (weekdays) (default),0.161,9.959,3.750333333333333,1.131,15,p/kWh
dno_data_enhanced/SWAE-Schedule of charges and other tables-2022 V.0.1.xlsx,National Grid South Wales,21.0,2022,GREEN,"Annex 1 LV, HV and UMS charges","23:00-07:00 (all days), all day (weekends) (default)",0.161,16.15,6.7150869565217395,1.131,23,p/kWh
dno_data_enhanced/SWAE-Schedule of charges and other tables-2022 V.0.1.xlsx,National Grid South Wales,21.0,2022,RED,Annex 4 LDNO charges,16:00-19:00 (weekdays) (default),0.107,6.623,2.494,0.752,15,p/kWh
dno_data_enhanced/SWAE-Schedule of charges and other tables-2022 V.0.1.xlsx,National Grid South Wales,21.0,2022,GREEN,Annex 4 LDNO charges,"23:00-07:00 (all days), all day (weekends) (default)",0.107,10.77,4.473434782608695,0.752,23,p/kWh
dno_data_enhanced/SWAE-Schedule of charges and other tables-2022 V.0.1.xlsx,National Grid South Wales,21.0,2022,RED,Nodal prices,16:00-19:00 (weekdays) (default),0.04598833,8.75462947,2.5576022025,0.98637451,4,p/kWh
dno_data_enhanced/shepd_cdcm_v9_20221027_final.xlsx,SSEN Hydro,17.0,2022,RED,Inputs by network level,16:00-19:00 (weekdays) (default),0.071,1.0,0.348165612142208,0.2906666666666667,7,p/kWh
dno_data_enhanced/shepd_cdcm_v9_20221027_final.xlsx,SSEN Hydro,17.0,2022,AMBER,Inputs by network level,"07:00-16:00, 19:00-23:00 (weekdays) (default)",0.006,1.014,0.2443881168177687,0.06611,11,p/kWh
dno_data_enhanced/shepd_cdcm_v9_20221027_final.xlsx,SSEN Hydro,17.0,2022,GREEN,Inputs by network level,"23:00-07:00 (all days), all day (weekends) (default)",0.004,1.027,0.2623159284995456,0.178159284995456,10,p/kWh
dno_data_enhanced/shepd_cdcm_v9_20221027_final.xlsx,SSEN Hydro,17.0,2022,RED,Load & loss characteristics,16:00-19:00 (weekdays) (default),1.093,1.093,1.093,1.093,1,p/kWh
dno_data_enhanced/shepd_cdcm_v9_20221027_final.xlsx,SSEN Hydro,17.0,2022,RED,Customer contributions,16:00-19:00 (weekdays) (default),0.006,0.012,0.0075,0.006,20,p/kWh
dno_data_enhanced/shepd_cdcm_v9_20221027_final.xlsx,SSEN Hydro,17.0,2022,AMBER,Customer contributions,"07:00-16:00, 19:00-23:00 (weekdays) (default)",0.004,0.008,0.005,0.004,20,p/kWh
dno_data_enhanced/shepd_cdcm_v9_20221027_final.xlsx,SSEN Hydro,17.0,2022,GREEN,Customer contributions,"23:00-07:00 (all days), all day (weekends) (default)",0.389,0.425,0.4174210526315789,0.425,19,p/kWh
dno_data_enhanced/shepd_cdcm_v9_20221027_final.xlsx,SSEN Hydro,17.0,2022,GREEN,Pseudo-load coefficients,"23:00-07:00 (all days), all day (weekends) (default)",3.251902937420179,3.251902937420179,3.251902937420179,3.251902937420179,1,p/kWh
dno_data_enhanced/shepd_cdcm_v9_20221027_final.xlsx,SSEN Hydro,17.0,2022,RED,Revenue matching,16:00-19:00 (weekdays) (default),1.0,1.0,1.0,1.0,7,p/kWh
dno_data_enhanced/EMEB-Schedule of charges and other tables-2022 V.0.1.xlsx,National Grid East Midlands,12.0,2022,RED,"Annex 1 LV, HV and UMS charges",16:00-19:00 (weekdays) (default),0.089,11.0,4.083611111111111,1.209,18,p/kWh
dno_data_enhanced/EMEB-Schedule of charges and other tables-2022 V.0.1.xlsx,National Grid East Midlands,12.0,2022,GREEN,"Annex 1 LV, HV and UMS charges","23:00-07:00 (all days), all day (weekends) (default)",0.089,13.33,5.294913043478261,1.209,23,p/kWh
dno_data_enhanced/EMEB-Schedule of charges and other tables-2022 V.0.1.xlsx,National Grid East Midlands,12.0,2022,RED,Annex 4 LDNO charges,16:00-19:00 (weekdays) (default),0.062,4.742,1.8823333333333332,0.843,15,p/kWh
dno_data_enhanced/EMEB-Schedule of charges and other tables-2022 V.0.1.xlsx,National Grid East Midlands,12.0,2022,GREEN,Annex 4 LDNO charges,"23:00-07:00 (all days), all day (weekends) (default)",0.062,9.31,3.695652173913043,0.843,23,p/kWh
dno_data_enhanced/shepd_schedule-of-charges-and-other-tables-embedded-networks-april-2022.xlsx,SSEN Hydro,17.0,2022,RED,"Annex 1 LV, HV & UMS charges_N",16:00-19:00 (weekdays) (default),0.019,8.501,2.916315789473684,0.962,19,p/kWh
dno_data_enhanced/shepd_schedule-of-charges-and-other-tables-embedded-networks-april-2022.xlsx,SSEN Hydro,17.0,2022,GREEN,"Annex 1 LV, HV & UMS charges_N","23:00-07:00 (all days), all day (weekends) (default)",0.019,17.87,6.765695652173912,0.962,23,p/kWh
dno_data_enhanced/shepd_schedule-of-charges-and-other-tables-embedded-networks-april-2022.xlsx,SSEN Hydro,17.0,2022,RED,Annex 4 LDNO charges_N,16:00-19:00 (weekdays) (default),0.012,5.173,1.9233333333333331,0.585,15,p/kWh
dno_data_enhanced/shepd_schedule-of-charges-and-other-tables-embedded-networks-april-2022.xlsx,SSEN Hydro,17.0,2022,GREEN,Annex 4 LDNO charges_N,"23:00-07:00 (all days), all day (weekends) (default)",0.012,10.92,4.129,0.585,23,p/kWh
dno_data_enhanced/shepd_schedule-of-charges-and-other-tables-embedded-networks-april-2022.xlsx,SSEN Hydro,17.0,2022,RED,Nodal prices_N,16:00-19:00 (weekdays) (default),2.0,3.28739163379731,2.643695816898655,3.28739163379731,2,p/kWh
dno_data_enhanced/shepd_schedule-of-charges-and-other-tables-embedded-networks-april-2022.xlsx,SSEN Hydro,17.0,2022,GREEN,Nodal prices_N,"23:00-07:00 (all days), all day (weekends) (default)",3.0,3.0,3.0,3.0,1,p/kWh
dno_data_enhanced/sepd_cdcm_v7_2022-23_pre-release_20201106_final_v1.1.xlsx,SSEN Southern,20.0,2022,RED,Inputs by network level,16:00-19:00 (weekdays) (default),0.0387967337298345,1.0,0.4567408681916511,0.4719379866814095,6,p/kWh
dno_data_enhanced/sepd_cdcm_v7_2022-23_pre-release_20201106_final_v1.1.xlsx,SSEN Southern,20.0,2022,AMBER,Inputs by network level,"07:00-16:00, 19:00-23:00 (weekdays) (default)",0.012370413198693,1.014,0.2612648292534596,0.0691478481473648,11,p/kWh
dno_data_enhanced/sepd_cdcm_v7_2022-23_pre-release_20201106_final_v1.1.xlsx,SSEN Southern,20.0,2022,GREEN,Inputs by network level,"23:00-07:00 (all days), all day (weekends) (default)",0.0134129874322818,1.019,0.2897526837007479,0.2297104887386627,10,p/kWh
dno_data_enhanced/sepd_cdcm_v7_2022-23_pre-release_20201106_final_v1.1.xlsx,SSEN Southern,20.0,2022,RED,Load & loss characteristics,16:00-19:00 (weekdays) (default),1.088,1.088,1.088,1.088,1,p/kWh
dno_data_enhanced/sepd_cdcm_v7_2022-23_pre-release_20201106_final_v1.1.xlsx,SSEN Southern,20.0,2022,RED,Customer contributions,16:00-19:00 (weekdays) (default),0.012370413198693,0.0345307447997926,0.0179104960989679,0.012370413198693,20,p/kWh
dno_data_enhanced/sepd_cdcm_v7_2022-23_pre-release_20201106_final_v1.1.xlsx,SSEN Southern,20.0,2022,AMBER,Customer contributions,"07:00-16:00, 19:00-23:00 (weekdays) (default)",0.0244009259838578,0.0663810136980219,0.0348959479123988,0.0244009259838578,20,p/kWh
dno_data_enhanced/sepd_cdcm_v7_2022-23_pre-release_20201106_final_v1.1.xlsx,SSEN Southern,20.0,2022,GREEN,Customer contributions,"23:00-07:00 (all days), all day (weekends) (default)",0.343799317773253,0.383232676781521,0.3521010775644673,0.343799317773253,19,p/kWh
dno_data_enhanced/sepd_cdcm_v7_2022-23_pre-release_20201106_final_v1.1.xlsx,SSEN Southern,20.0,2022,RED,Pseudo-load coefficients,16:00-19:00 (weekdays) (default),8.268327646798245,8.268327646798245,8.268327646798245,8.268327646798245,1,p/kWh
dno_data_enhanced/sepd_cdcm_v7_2022-23_pre-release_20201106_final_v1.1.xlsx,SSEN Southern,20.0,2022,GREEN,Pseudo-load coefficients,"23:00-07:00 (all days), all day (weekends) (default)",9.521372469849393,9.521372469849393,9.521372469849393,9.521372469849393,1,p/kWh
dno_data_enhanced/sepd_cdcm_v7_2022-23_pre-release_20201106_final_v1.1.xlsx,SSEN Southern,20.0,2022,RED,Revenue matching,16:00-19:00 (weekdays) (default),1.0,1.0,1.0,1.0,7,p/kWh
dno_data_enhanced/sepd_arp_v7_2022-23_pre-release_20201106.xlsx,SSEN Southern,20.0,2022,RED,ARP_Load characteristics,16:00-19:00 (weekdays) (default),0.4145355181707716,0.9205195085478975,0.6535763366510251,0.8392126245893381,8,p/kWh
dno_data_enhanced/sepd_arp_v7_2022-23_pre-release_20201106.xlsx,SSEN Southern,20.0,2022,AMBER,ARP_Load characteristics,"07:00-16:00, 19:00-23:00 (weekdays) (default)",0.0534550617607938,0.0971485708239393,0.0683719343339817,0.0683719343339817,4,p/kWh
dno_data_enhanced/sepd_arp_v7_2022-23_pre-release_20201106.xlsx,SSEN Southern,20.0,2022,GREEN,ARP_Load characteristics,"23:00-07:00 (all days), all day (weekends) (default)",0.3499531760386655,0.706530400130214,0.5309675799946404,0.5990991322472152,8,p/kWh
dno_data_enhanced/sepd_arp_v7_2022-23_pre-release_20201106.xlsx,SSEN Southern,20.0,2022,RED,ARP_Peaking probabilities,16:00-19:00 (weekdays) (default),0.1118491770725072,0.8881508229274927,0.4906459955604698,0.4978045813289006,12,p/kWh
dno_data_enhanced/sepd_arp_v7_2022-23_pre-release_20201106.xlsx,SSEN Southern,20.0,2022,AMBER,ARP_Peaking probabilities,"07:00-16:00, 19:00-23:00 (weekdays) (default)",0.0003252766742631,0.7571483804067973,0.3860645519099286,0.2736158036399433,16,p/kWh
dno_data_enhanced/sepd_arp_v7_2022-23_pre-release_20201106.xlsx,SSEN Southern,20.0,2022,GREEN,ARP_Peaking probabilities,"23:00-07:00 (all days), all day (weekends) (default)",0.0003252766742631,0.7571483804067973,0.3860645519099286,0.2736158036399433,16,p/kWh
dno_data_enhanced/sepd_arp_v7_2022-23_pre-release_20201106.xlsx,SSEN Southern,20.0,2022,RED,ARP_Inputs by network level,16:00-19:00 (weekdays) (default),0.0041228615705776,1.088,0.3850082326791251,0.343799317773253,65,p/kWh
dno_data_enhanced/sepd_arp_v7_2022-23_pre-release_20201106.xlsx,SSEN Southern,20.0,2022,AMBER,ARP_Inputs by network level,"07:00-16:00, 19:00-23:00 (weekdays) (default)",0.012370413198693,1.079,0.4000292932959341,0.3247837971723195,65,p/kWh
dno_data_enhanced/sepd_arp_v7_2022-23_pre-release_20201106.xlsx,SSEN Southern,20.0,2022,GREEN,ARP_Inputs by network level,"23:00-07:00 (all days), all day (weekends) (default)",0.0025650962408412,1.089,0.3888448017741733,0.3393962715835692,65,p/kWh
dno_data_enhanced/sepd_arp_v7_2022-23_pre-release_20201106.xlsx,SSEN Southern,20.0,2022,RED,Inputs by network level,16:00-19:00 (weekdays) (default),0.0387967337298345,1.0,0.4567408681916511,0.4719379866814095,6,p/kWh
dno_data_enhanced/sepd_arp_v7_2022-23_pre-release_20201106.xlsx,SSEN Southern,20.0,2022,AMBER,Inputs by network level,"07:00-16:00, 19:00-23:00 (weekdays) (default)",0.012370413198693,1.014,0.2612648292534596,0.0691478481473648,11,p/kWh
dno_data_enhanced/sepd_arp_v7_2022-23_pre-release_20201106.xlsx,SSEN Southern,20.0,2022,GREEN,Inputs by network level,"23:00-07:00 (all days), all day (weekends) (default)",0.0134129874322818,1.019,0.2897526837007479,0.2297104887386627,10,p/kWh
dno_data_enhanced/sepd_arp_v7_2022-23_pre-release_20201106.xlsx,SSEN Southern,20.0,2022,RED,Load & loss characteristics,16:00-19:00 (weekdays) (default),1.088,1.088,1.088,1.088,1,p/kWh
dno_data_enhanced/sepd_arp_v7_2022-23_pre-release_20201106.xlsx,SSEN Southern,20.0,2022,RED,Customer contributions,16:00-19:00 (weekdays) (default),0.012370413198693,0.0345307447997926,0.0179104960989679,0.012370413198693,20,p/kWh
dno_data_enhanced/sepd_arp_v7_2022-23_pre-release_20201106.xlsx,SSEN Southern,20.0,2022,AMBER,Customer contributions,"07:00-16:00, 19:00-23:00 (weekdays) (default)",0.0244009259838578,0.0663810136980219,0.0348959479123988,0.0244009259838578,20,p/kWh
dno_data_enhanced/sepd_arp_v7_2022-23_pre-release_20201106.xlsx,SSEN Southern,20.0,2022,GREEN,Customer contributions,"23:00-07:00 (all days), all day (weekends) (default)",0.343799317773253,0.383232676781521,0.3521010775644673,0.343799317773253,19,p/kWh
dno_data_enhanced/sepd_arp_v7_2022-23_pre-release_20201106.xlsx,SSEN Southern,20.0,2022,RED,Pseudo-load coefficients,16:00-19:00 (weekdays) (default),8.268327646798245,8.268327646798245,8.268327646798245,8.268327646798245,1,p/kWh
dno_data_enhanced/sepd_arp_v7_2022-23_pre-release_20201106.xlsx,SSEN Southern,20.0,2022,GREEN,Pseudo-load coefficients,"23:00-07:00 (all days), all day (weekends) (default)",9.521372469849393,9.521372469849393,9.521372469849393,9.521372469849393,1,p/kWh
dno_data_enhanced/sepd_arp_v7_2022-23_pre-release_20201106.xlsx,SSEN Southern,20.0,2022,RED,Revenue matching,16:00-19:00 (weekdays) (default),1.0,1.0,1.0,1.0,7,p/kWh
dno_data_enhanced/MIDE-Schedule of charges and other tables-2022 V.0.1.xlsx,National Grid East Midlands,12.0,2022,RED,"Annex 1 LV, HV and UMS charges",16:00-19:00 (weekdays) (default),0.09,34.0,7.628611111111111,0.951,18,p/kWh
dno_data_enhanced/MIDE-Schedule of charges and other tables-2022 V.0.1.xlsx,National Grid East Midlands,12.0,2022,GREEN,"Annex 1 LV, HV and UMS charges","23:00-07:00 (all days), all day (weekends) (default)",0.09,16.39,5.856347826086957,0.951,23,p/kWh
dno_data_enhanced/MIDE-Schedule of charges and other tables-2022 V.0.1.xlsx,National Grid East Midlands,12.0,2022,RED,Annex 4 LDNO charges,16:00-19:00 (weekdays) (default),0.059,3.99,1.5596666666666663,0.63,15,p/kWh
dno_data_enhanced/MIDE-Schedule of charges and other tables-2022 V.0.1.xlsx,National Grid East Midlands,12.0,2022,GREEN,Annex 4 LDNO charges,"23:00-07:00 (all days), all day (weekends) (default)",0.059,10.89,3.888,0.63,23,p/kWh
dno_data_enhanced/sepd_pcdm_v4_2022-23_pre-release_20201106_final.xlsx,SSEN Southern,20.0,2022,RED,Fixed inputs,16:00-19:00 (weekdays) (default),1.0,1.0,1.0,1.0,7,p/kWh
dno_data_enhanced/sepd_pcdm_v4_2022-23_pre-release_20201106_final.xlsx,SSEN Southern,20.0,2022,AMBER,Fixed inputs,"07:00-16:00, 19:00-23:00 (weekdays) (default)",1.0,1.0,1.0,1.0,6,p/kWh
dno_data_enhanced/sepd_pcdm_v4_2022-23_pre-release_20201106_final.xlsx,SSEN Southern,20.0,2022,GREEN,Fixed inputs,"23:00-07:00 (all days), all day (weekends) (default)",1.0,1.0,1.0,1.0,5,p/kWh
dno_data_enhanced/sepd_pcdm_v4_2022-23_pre-release_20201106_final.xlsx,SSEN Southern,20.0,2022,RED,MEAV,16:00-19:00 (weekdays) (default),0.8458726911329552,0.8458726911329552,0.8458726911329552,0.8458726911329552,1,p/kWh
dno_data_enhanced/sepd_pcdm_v4_2022-23_pre-release_20201106_final.xlsx,SSEN Southern,20.0,2022,RED,Capitalised,16:00-19:00 (weekdays) (default),0.8458726911329552,0.8458726911329552,0.8458726911329552,0.8458726911329552,1,p/kWh
dno_data_enhanced/sepd_pcdm_v4_2022-23_pre-release_20201106_final.xlsx,SSEN Southern,20.0,2022,RED,Rev allocation,16:00-19:00 (weekdays) (default),0.0333060210236283,1.0,0.3293204070428574,0.2297369975979471,32,p/kWh
dno_data_enhanced/sepd_pcdm_v4_2022-23_pre-release_20201106_final.xlsx,SSEN Southern,20.0,2022,AMBER,Rev allocation,"07:00-16:00, 19:00-23:00 (weekdays) (default)",0.2203677035382389,1.0,0.4517854566417287,0.2713138538304829,11,p/kWh
dno_data_enhanced/sepd_pcdm_v4_2022-23_pre-release_20201106_final.xlsx,SSEN Southern,20.0,2022,GREEN,Rev allocation,"23:00-07:00 (all days), all day (weekends) (default)",0.1619932812999745,1.0,0.5305999740438586,0.4087800322284658,12,p/kWh
dno_data_enhanced/sepd_pcdm_v4_2022-23_pre-release_20201106_final.xlsx,SSEN Southern,20.0,2022,RED,EDCM discounts,16:00-19:00 (weekdays) (default),0.0131924474180949,1.0,0.347547057599561,0.1208410084037978,14,p/kWh
dno_data_enhanced/sepd_pcdm_v4_2022-23_pre-release_20201106_final.xlsx,SSEN Southern,20.0,2022,AMBER,EDCM discounts,"07:00-16:00, 19:00-23:00 (weekdays) (default)",0.6669795982883451,1.0,0.8768363336015458,0.9614953320173256,24,p/kWh
dno_data_enhanced/sepd_pcdm_v4_2022-23_pre-release_20201106_final.xlsx,SSEN Southern,20.0,2022,GREEN,EDCM discounts,"23:00-07:00 (all days), all day (weekends) (default)",0.3059961490477728,1.0,0.7300898199066495,0.6985184543637448,23,p/kWh
dno_data_enhanced/enwl-schedule_of_charges_and_other_tables-2022v7_final.xlsx,Electricity North West,16.0,2022,RED,"Annex 1 LV, HV and UMS charges",16:00-19:00 (weekdays) (default),0.214,8.351,3.360666666666667,1.517,15,p/kWh
dno_data_enhanced/enwl-schedule_of_charges_and_other_tables-2022v7_final.xlsx,Electricity North West,16.0,2022,GREEN,"Annex 1 LV, HV and UMS charges","23:00-07:00 (all days), all day (weekends) (default)",0.214,20.25,7.549608695652173,1.517,23,p/kWh
dno_data_enhanced/enwl-schedule_of_charges_and_other_tables-2022v7_final.xlsx,Electricity North West,16.0,2022,RED,Annex 4 LDNO charges,16:00-19:00 (weekdays) (default),0.139,5.44,2.189,0.988,15,p/kWh
dno_data_enhanced/enwl-schedule_of_charges_and_other_tables-2022v7_final.xlsx,Electricity North West,16.0,2022,GREEN,Annex 4 LDNO charges,"23:00-07:00 (all days), all day (weekends) (default)",0.139,16.49,5.778347826086956,0.988,23,p/kWh
dno_data_enhanced/enwl-schedule_of_charges_and_other_tables-2022v7_final.xlsx,Electricity North West,16.0,2022,RED,Annex 5 LLFs,16:00-19:00 (weekdays) (default),0.976,1.093,1.0022426035502958,1.0,169,p/kWh
dno_data_enhanced/enwl-schedule_of_charges_and_other_tables-2022v7_final.xlsx,Electricity North West,16.0,2022,AMBER,Annex 5 LLFs,"07:00-16:00, 19:00-23:00 (weekdays) (default)",0.976,1.085,1.0021538461538462,1.0,169,p/kWh
dno_data_enhanced/enwl-schedule_of_charges_and_other_tables-2022v7_final.xlsx,Electricity North West,16.0,2022,GREEN,Annex 5 LLFs,"23:00-07:00 (all days), all day (weekends) (default)",0.976,1.073,1.002,1.0,169,p/kWh
dno_data_enhanced/enwl-schedule_of_charges_and_other_tables-2022v7_final.xlsx,Electricity North West,16.0,2022,RED,Annex 7 Pass-Through Costs,16:00-19:00 (weekdays) (default),0.069553035014731,0.069553035014731,0.069553035014731,0.069553035014731,8,p/kWh
dno_data_enhanced/enwl-schedule_of_charges_and_other_tables-2022v7_final.xlsx,Electricity North West,16.0,2022,AMBER,Annex 7 Pass-Through Costs,"07:00-16:00, 19:00-23:00 (weekdays) (default)",9.349999999999998,9.36,9.3525,9.35,8,p/kWh
dno_data_enhanced/enwl-schedule_of_charges_and_other_tables-2022v7_final.xlsx,Electricity North West,16.0,2022,GREEN,Annex 7 Pass-Through Costs,"23:00-07:00 (all days), all day (weekends) (default)",0.0388799278328753,0.0388799278328753,0.0388799278328753,0.0388799278328753,158,p/kWh
dno_data_enhanced/enwl-schedule_of_charges_and_other_tables-2022v7_final.xlsx,Electricity North West,16.0,2022,RED,Nodal prices,16:00-19:00 (weekdays) (default),0.08,7.64,2.382222222222222,1.77,54,p/kWh
dno_data_enhanced/enwl-schedule_of_charges_and_other_tables-2022v7_final.xlsx,Electricity North West,16.0,2022,AMBER,Nodal prices,"07:00-16:00, 19:00-23:00 (weekdays) (default)",0.72,12.24,2.735238095238095,2.12,21,p/kWh
dno_data_enhanced/enwl-schedule_of_charges_and_other_tables-2022v7_final.xlsx,Electricity North West,16.0,2022,GREEN,Nodal prices,"23:00-07:00 (all days), all day (weekends) (default)",0.72,10.65,4.267222222222222,3.54,72,p/kWh
dno_data_enhanced/shepd---arp_v7_2022-23_pre-release_20201106.xlsx,SSEN Hydro,17.0,2022,RED,ARP_Load characteristics,16:00-19:00 (weekdays) (default),0.4265539202012754,0.8668396000657262,0.6217052186543788,0.7183166235328212,8,p/kWh
dno_data_enhanced/shepd---arp_v7_2022-23_pre-release_20201106.xlsx,SSEN Hydro,17.0,2022,AMBER,ARP_Load characteristics,"07:00-16:00, 19:00-23:00 (weekdays) (default)",0.123478523085507,0.1935626446771114,0.1655793141788752,0.1796967747740071,4,p/kWh
dno_data_enhanced/shepd---arp_v7_2022-23_pre-release_20201106.xlsx,SSEN Hydro,17.0,2022,GREEN,ARP_Load characteristics,"23:00-07:00 (all days), all day (weekends) (default)",0.3981568755556073,0.7803892767695262,0.5744452845350306,0.6975467931256519,8,p/kWh
dno_data_enhanced/shepd---arp_v7_2022-23_pre-release_20201106.xlsx,SSEN Hydro,17.0,2022,RED,ARP_Peaking probabilities,16:00-19:00 (weekdays) (default),0.1515,0.4848,0.3415833333333333,0.3571,16,p/kWh
dno_data_enhanced/shepd---arp_v7_2022-23_pre-release_20201106.xlsx,SSEN Hydro,17.0,2022,AMBER,ARP_Peaking probabilities,"07:00-16:00, 19:00-23:00 (weekdays) (default)",0.05,0.533,0.3325666666666667,0.3571,16,p/kWh
dno_data_enhanced/shepd---arp_v7_2022-23_pre-release_20201106.xlsx,SSEN Hydro,17.0,2022,GREEN,ARP_Peaking probabilities,"23:00-07:00 (all days), all day (weekends) (default)",0.05,0.533,0.3325666666666667,0.3571,16,p/kWh
dno_data_enhanced/shepd---arp_v7_2022-23_pre-release_20201106.xlsx,SSEN Hydro,17.0,2022,RED,ARP_Inputs by network level,16:00-19:00 (weekdays) (default),0.0041617122473246,1.099,0.3962793282170468,0.3562,55,p/kWh
dno_data_enhanced/shepd---arp_v7_2022-23_pre-release_20201106.xlsx,SSEN Hydro,17.0,2022,AMBER,ARP_Inputs by network level,"07:00-16:00, 19:00-23:00 (weekdays) (default)",0.0041617122473246,1.096,0.3970854997406904,0.3776666666666666,55,p/kWh
dno_data_enhanced/shepd---arp_v7_2022-23_pre-release_20201106.xlsx,SSEN Hydro,17.0,2022,GREEN,ARP_Inputs by network level,"23:00-07:00 (all days), all day (weekends) (default)",0.0041617122473246,1.09,0.3988253888231074,0.33,55,p/kWh
dno_data_enhanced/shepd---arp_v7_2022-23_pre-release_20201106.xlsx,SSEN Hydro,17.0,2022,RED,Inputs by network level,16:00-19:00 (weekdays) (default),0.068,1.0,0.3734666666666666,0.3562,7,p/kWh
dno_data_enhanced/shepd---arp_v7_2022-23_pre-release_20201106.xlsx,SSEN Hydro,17.0,2022,AMBER,Inputs by network level,"07:00-16:00, 19:00-23:00 (weekdays) (default)",0.0064338235294117,1.015,0.2396421244530869,0.15,11,p/kWh
dno_data_enhanced/shepd---arp_v7_2022-23_pre-release_20201106.xlsx,SSEN Hydro,17.0,2022,GREEN,Inputs by network level,"23:00-07:00 (all days), all day (weekends) (default)",0.0041617122473246,1.028,0.256125692357583,0.18,10,p/kWh
dno_data_enhanced/shepd---arp_v7_2022-23_pre-release_20201106.xlsx,SSEN Hydro,17.0,2022,RED,Load & loss characteristics,16:00-19:00 (weekdays) (default),1.099,1.099,1.099,1.099,1,p/kWh
dno_data_enhanced/shepd---arp_v7_2022-23_pre-release_20201106.xlsx,SSEN Hydro,17.0,2022,RED,Customer contributions,16:00-19:00 (weekdays) (default),0.0064338235294117,0.0116978609625668,0.0077498328877005,0.0064338235294117,20,p/kWh
dno_data_enhanced/shepd---arp_v7_2022-23_pre-release_20201106.xlsx,SSEN Hydro,17.0,2022,AMBER,Customer contributions,"07:00-16:00, 19:00-23:00 (weekdays) (default)",0.0041617122473246,0.0075667495405902,0.005012971570641,0.0041617122473246,20,p/kWh
dno_data_enhanced/shepd---arp_v7_2022-23_pre-release_20201106.xlsx,SSEN Hydro,17.0,2022,GREEN,Customer contributions,"23:00-07:00 (all days), all day (weekends) (default)",0.388968842196157,0.42522380337704,0.4175911799705383,0.42522380337704,19,p/kWh
dno_data_enhanced/shepd---arp_v7_2022-23_pre-release_20201106.xlsx,SSEN Hydro,17.0,2022,GREEN,Pseudo-load coefficients,"23:00-07:00 (all days), all day (weekends) (default)",5.216842911877395,5.216842911877395,5.216842911877395,5.216842911877395,1,p/kWh
dno_data_enhanced/shepd---arp_v7_2022-23_pre-release_20201106.xlsx,SSEN Hydro,17.0,2022,RED,Revenue matching,16:00-19:00 (weekdays) (default),1.0,1.0,1.0,1.0,7,p/kWh
dno_data_enhanced/sepd_pcdm_v5_20221027_final.xlsx,SSEN Southern,20.0,2022,RED,Fixed inputs,16:00-19:00 (weekdays) (default),1.0,1.0,1.0,1.0,7,p/kWh
dno_data_enhanced/sepd_pcdm_v5_20221027_final.xlsx,SSEN Southern,20.0,2022,AMBER,Fixed inputs,"07:00-16:00, 19:00-23:00 (weekdays) (default)",1.0,1.0,1.0,1.0,6,p/kWh
dno_data_enhanced/sepd_pcdm_v5_20221027_final.xlsx,SSEN Southern,20.0,2022,GREEN,Fixed inputs,"23:00-07:00 (all days), all day (weekends) (default)",1.0,1.0,1.0,1.0,5,p/kWh
dno_data_enhanced/sepd_pcdm_v5_20221027_final.xlsx,SSEN Southern,20.0,2022,RED,MEAV,16:00-19:00 (weekdays) (default),0.8209667421610332,0.8209667421610332,0.8209667421610332,0.8209667421610332,1,p/kWh
dno_data_enhanced/sepd_pcdm_v5_20221027_final.xlsx,SSEN Southern,20.0,2022,RED,Capitalised,16:00-19:00 (weekdays) (default),0.8209667421610332,0.8209667421610332,0.8209667421610332,0.8209667421610332,1,p/kWh
dno_data_enhanced/sepd_pcdm_v5_20221027_final.xlsx,SSEN Southern,20.0,2022,RED,Rev allocation,16:00-19:00 (weekdays) (default),0.0329154854990253,1.0,0.3293166592622801,0.2253270871868659,32,p/kWh
dno_data_enhanced/sepd_pcdm_v5_20221027_final.xlsx,SSEN Southern,20.0,2022,AMBER,Rev allocation,"07:00-16:00, 19:00-23:00 (weekdays) (default)",0.2071052291217156,1.0,0.4486127119562944,0.2699005998929483,11,p/kWh
dno_data_enhanced/sepd_pcdm_v5_20221027_final.xlsx,SSEN Southern,20.0,2022,GREEN,Rev allocation,"23:00-07:00 (all days), all day (weekends) (default)",0.1501886817385608,1.0,0.5262106299203347,0.4015773242876743,12,p/kWh
dno_data_enhanced/sepd_pcdm_v5_20221027_final.xlsx,SSEN Southern,20.0,2022,RED,EDCM discounts,16:00-19:00 (weekdays) (default),0.0130377570883924,1.0,0.3475190239869957,0.119424066206558,14,p/kWh
dno_data_enhanced/sepd_pcdm_v5_20221027_final.xlsx,SSEN Southern,20.0,2022,AMBER,EDCM discounts,"07:00-16:00, 19:00-23:00 (weekdays) (default)",0.6705135468000383,1.0,0.8780332172261195,0.9615758852256864,24,p/kWh
dno_data_enhanced/sepd_pcdm_v5_20221027_final.xlsx,SSEN Southern,20.0,2022,GREEN,EDCM discounts,"23:00-07:00 (all days), all day (weekends) (default)",0.2996368357025302,1.0,0.7271835213050963,0.6967785649571404,23,p/kWh
dno_data_enhanced/shepd_cdcm_v7_2022-23_pre-release_20201106_final_v1.1.xlsx,SSEN Hydro,17.0,2022,RED,Inputs by network level,16:00-19:00 (weekdays) (default),0.068,1.0,0.3734666666666666,0.3562,7,p/kWh
dno_data_enhanced/shepd_cdcm_v7_2022-23_pre-release_20201106_final_v1.1.xlsx,SSEN Hydro,17.0,2022,AMBER,Inputs by network level,"07:00-16:00, 19:00-23:00 (weekdays) (default)",0.0064338235294117,1.015,0.2396421244530869,0.15,11,p/kWh
dno_data_enhanced/shepd_cdcm_v7_2022-23_pre-release_20201106_final_v1.1.xlsx,SSEN Hydro,17.0,2022,GREEN,Inputs by network level,"23:00-07:00 (all days), all day (weekends) (default)",0.0041617122473246,1.028,0.256125692357583,0.18,10,p/kWh
dno_data_enhanced/shepd_cdcm_v7_2022-23_pre-release_20201106_final_v1.1.xlsx,SSEN Hydro,17.0,2022,RED,Load & loss characteristics,16:00-19:00 (weekdays) (default),1.099,1.099,1.099,1.099,1,p/kWh
dno_data_enhanced/shepd_cdcm_v7_2022-23_pre-release_20201106_final_v1.1.xlsx,SSEN Hydro,17.0,2022,RED,Customer contributions,16:00-19:00 (weekdays) (default),0.0064338235294117,0.0116978609625668,0.0077498328877005,0.0064338235294117,20,p/kWh
dno_data_enhanced/shepd_cdcm_v7_2022-23_pre-release_20201106_final_v1.1.xlsx,SSEN Hydro,17.0,2022,AMBER,Customer contributions,"07:00-16:00, 19:00-23:00 (weekdays) (default)",0.0041617122473246,0.0075667495405902,0.005012971570641,0.0041617122473246,20,p/kWh
dno_data_enhanced/shepd_cdcm_v7_2022-23_pre-release_20201106_final_v1.1.xlsx,SSEN Hydro,17.0,2022,GREEN,Customer contributions,"23:00-07:00 (all days), all day (weekends) (default)",0.388968842196157,0.42522380337704,0.4175911799705383,0.42522380337704,19,p/kWh
dno_data_enhanced/shepd_cdcm_v7_2022-23_pre-release_20201106_final_v1.1.xlsx,SSEN Hydro,17.0,2022,GREEN,Pseudo-load coefficients,"23:00-07:00 (all days), all day (weekends) (default)",5.216842911877395,5.216842911877395,5.216842911877395,5.216842911877395,1,p/kWh
dno_data_enhanced/shepd_cdcm_v7_2022-23_pre-release_20201106_final_v1.1.xlsx,SSEN Hydro,17.0,2022,RED,Revenue matching,16:00-19:00 (weekdays) (default),1.0,1.0,1.0,1.0,7,p/kWh
dno_data_enhanced/shepd_pcdm_v5_20221027_final.xlsx,SSEN Hydro,17.0,2022,RED,Fixed inputs,16:00-19:00 (weekdays) (default),1.0,1.0,1.0,1.0,7,p/kWh
dno_data_enhanced/shepd_pcdm_v5_20221027_final.xlsx,SSEN Hydro,17.0,2022,AMBER,Fixed inputs,"07:00-16:00, 19:00-23:00 (weekdays) (default)",1.0,1.0,1.0,1.0,6,p/kWh
dno_data_enhanced/shepd_pcdm_v5_20221027_final.xlsx,SSEN Hydro,17.0,2022,GREEN,Fixed inputs,"23:00-07:00 (all days), all day (weekends) (default)",1.0,1.0,1.0,1.0,5,p/kWh
dno_data_enhanced/shepd_pcdm_v5_20221027_final.xlsx,SSEN Hydro,17.0,2022,RED,MEAV,16:00-19:00 (weekdays) (default),0.6488698670126777,0.6488698670126777,0.6488698670126777,0.6488698670126777,1,p/kWh
dno_data_enhanced/shepd_pcdm_v5_20221027_final.xlsx,SSEN Hydro,17.0,2022,RED,Capitalised,16:00-19:00 (weekdays) (default),0.6488698670126777,0.6488698670126777,0.6488698670126777,0.6488698670126777,1,p/kWh
dno_data_enhanced/shepd_pcdm_v5_20221027_final.xlsx,SSEN Hydro,17.0,2022,RED,Rev allocation,16:00-19:00 (weekdays) (default),0.0107463547523384,1.0,0.3641219099112104,0.2945039378380181,29,p/kWh
dno_data_enhanced/shepd_pcdm_v5_20221027_final.xlsx,SSEN Hydro,17.0,2022,AMBER,Rev allocation,"07:00-16:00, 19:00-23:00 (weekdays) (default)",0.3379090454556433,1.0,0.5558811861426098,0.4201154248905947,11,p/kWh
dno_data_enhanced/shepd_pcdm_v5_20221027_final.xlsx,SSEN Hydro,17.0,2022,GREEN,Rev allocation,"23:00-07:00 (all days), all day (weekends) (default)",0.1166273100900771,1.0,0.4709715196197193,0.2821688004133141,12,p/kWh
dno_data_enhanced/shepd_pcdm_v5_20221027_final.xlsx,SSEN Hydro,17.0,2022,RED,EDCM discounts,16:00-19:00 (weekdays) (default),0.0107463547523384,1.0,0.3982280979765252,0.2945039378380181,12,p/kWh
dno_data_enhanced/shepd_pcdm_v5_20221027_final.xlsx,SSEN Hydro,17.0,2022,AMBER,EDCM discounts,"07:00-16:00, 19:00-23:00 (weekdays) (default)",0.6997231163371487,1.0,0.9111676069372288,0.9400508943030484,24,p/kWh
dno_data_enhanced/shepd_pcdm_v5_20221027_final.xlsx,SSEN Hydro,17.0,2022,GREEN,EDCM discounts,"23:00-07:00 (all days), all day (weekends) (default)",0.4052191784991305,1.0,0.8059037521274992,0.8997932600323172,23,p/kWh
dno_data_enhanced/sepd_schedule-of-charges-and-other-tables-april-2022_v1.3.xlsx,SSEN Southern,20.0,2022,RED,"Annex 1 LV, HV and UMS charges",16:00-19:00 (weekdays) (default),0.045,7.833,2.740789473684211,0.937,19,p/kWh
dno_data_enhanced/sepd_schedule-of-charges-and-other-tables-april-2022_v1.3.xlsx,SSEN Southern,20.0,2022,GREEN,"Annex 1 LV, HV and UMS charges","23:00-07:00 (all days), all day (weekends) (default)",0.045,21.32,7.520739130434783,0.937,23,p/kWh
dno_data_enhanced/sepd_schedule-of-charges-and-other-tables-april-2022_v1.3.xlsx,SSEN Southern,20.0,2022,RED,Annex 3 Preserved charges,16:00-19:00 (weekdays) (default),0.045,7.833,2.9383333333333335,0.937,9,p/kWh
dno_data_enhanced/sepd_schedule-of-charges-and-other-tables-april-2022_v1.3.xlsx,SSEN Southern,20.0,2022,GREEN,Annex 3 Preserved charges,"23:00-07:00 (all days), all day (weekends) (default)",0.045,21.32,7.53375,7.833,12,p/kWh
dno_data_enhanced/sepd_schedule-of-charges-and-other-tables-april-2022_v1.3.xlsx,SSEN Southern,20.0,2022,RED,Annex 4 LDNO charges,16:00-19:00 (weekdays) (default),0.029,5.073,1.9234210526315791,0.607,19,p/kWh
dno_data_enhanced/sepd_schedule-of-charges-and-other-tables-april-2022_v1.3.xlsx,SSEN Southern,20.0,2022,GREEN,Annex 4 LDNO charges,"23:00-07:00 (all days), all day (weekends) (default)",0.029,17.13,5.737434782608695,0.607,23,p/kWh
dno_data_enhanced/sepd_schedule-of-charges-and-other-tables-april-2022_v1.3.xlsx,SSEN Southern,20.0,2022,RED,Annex 5 LLFs,16:00-19:00 (weekdays) (default),0.987,1.093,1.0188406909788867,1.016,521,p/kWh
dno_data_enhanced/sepd_schedule-of-charges-and-other-tables-april-2022_v1.3.xlsx,SSEN Southern,20.0,2022,AMBER,Annex 5 LLFs,"07:00-16:00, 19:00-23:00 (weekdays) (default)",0.978,1.117,1.016462571976967,1.013,521,p/kWh
dno_data_enhanced/sepd_schedule-of-charges-and-other-tables-april-2022_v1.3.xlsx,SSEN Southern,20.0,2022,GREEN,Annex 5 LLFs,"23:00-07:00 (all days), all day (weekends) (default)",0.964,1.118,1.0168886756238005,1.014,521,p/kWh
dno_data_enhanced/sepd_schedule-of-charges-and-other-tables-april-2022_v1.3.xlsx,SSEN Southern,20.0,2022,RED,Annex 7 Pass-Through Costs,16:00-19:00 (weekdays) (default),0.0358487340607103,0.04,0.0394810917575888,0.04,8,p/kWh
dno_data_enhanced/sepd_schedule-of-charges-and-other-tables-april-2022_v1.3.xlsx,SSEN Southern,20.0,2022,AMBER,Annex 7 Pass-Through Costs,"07:00-16:00, 19:00-23:00 (weekdays) (default)",9.32587570010004,9.32587570010004,9.32587570010004,9.32587570010004,8,p/kWh
dno_data_enhanced/sepd_schedule-of-charges-and-other-tables-april-2022_v1.3.xlsx,SSEN Southern,20.0,2022,GREEN,Annex 7 Pass-Through Costs,"23:00-07:00 (all days), all day (weekends) (default)",0.0525798888076089,0.0525798888076089,0.0525798888076089,0.0525798888076089,158,p/kWh
dno_data_enhanced/sepd_schedule-of-charges-and-other-tables-april-2022_v1.3.xlsx,SSEN Southern,20.0,2022,AMBER,Nodal prices,"07:00-16:00, 19:00-23:00 (weekdays) (default)",3.46012785002733,3.46012785002733,3.46012785002733,3.46012785002733,2,p/kWh
dno_data_enhanced/shepd_pcdm_v4_2022-23_pre-release_20201106_final.xlsx,SSEN Hydro,17.0,2022,RED,Fixed inputs,16:00-19:00 (weekdays) (default),1.0,1.0,1.0,1.0,7,p/kWh
dno_data_enhanced/shepd_pcdm_v4_2022-23_pre-release_20201106_final.xlsx,SSEN Hydro,17.0,2022,AMBER,Fixed inputs,"07:00-16:00, 19:00-23:00 (weekdays) (default)",1.0,1.0,1.0,1.0,6,p/kWh
dno_data_enhanced/shepd_pcdm_v4_2022-23_pre-release_20201106_final.xlsx,SSEN Hydro,17.0,2022,GREEN,Fixed inputs,"23:00-07:00 (all days), all day (weekends) (default)",1.0,1.0,1.0,1.0,5,p/kWh
dno_data_enhanced/shepd_pcdm_v4_2022-23_pre-release_20201106_final.xlsx,SSEN Hydro,17.0,2022,RED,MEAV,16:00-19:00 (weekdays) (default),0.6996835408424757,0.6996835408424757,0.6996835408424757,0.6996835408424757,1,p/kWh
dno_data_enhanced/shepd_pcdm_v4_2022-23_pre-release_20201106_final.xlsx,SSEN Hydro,17.0,2022,RED,Capitalised,16:00-19:00 (weekdays) (default),0.6996835408424757,0.6996835408424757,0.6996835408424757,0.6996835408424757,1,p/kWh
dno_data_enhanced/shepd_pcdm_v4_2022-23_pre-release_20201106_final.xlsx,SSEN Hydro,17.0,2022,RED,Rev allocation,16:00-19:00 (weekdays) (default),0.0108362566837464,1.0,0.3641264436688392,0.2868401109961562,29,p/kWh
dno_data_enhanced/shepd_pcdm_v4_2022-23_pre-release_20201106_final.xlsx,SSEN Hydro,17.0,2022,AMBER,Rev allocation,"07:00-16:00, 19:00-23:00 (weekdays) (default)",0.3518253334897677,1.0,0.5578554908629445,0.4201154248905947,11,p/kWh
dno_data_enhanced/shepd_pcdm_v4_2022-23_pre-release_20201106_final.xlsx,SSEN Hydro,17.0,2022,GREEN,Rev allocation,"23:00-07:00 (all days), all day (weekends) (default)",0.1270504546698425,1.0,0.4759483153074147,0.2840354967171939,12,p/kWh
dno_data_enhanced/shepd_pcdm_v4_2022-23_pre-release_20201106_final.xlsx,SSEN Hydro,17.0,2022,RED,EDCM discounts,16:00-19:00 (weekdays) (default),0.0108362566837464,1.0,0.3982567116929105,0.2868401109961562,12,p/kWh
dno_data_enhanced/shepd_pcdm_v4_2022-23_pre-release_20201106_final.xlsx,SSEN Hydro,17.0,2022,AMBER,EDCM discounts,"07:00-16:00, 19:00-23:00 (weekdays) (default)",0.6976427338320053,1.0,0.9107122362648202,0.9399810476408084,24,p/kWh
dno_data_enhanced/shepd_pcdm_v4_2022-23_pre-release_20201106_final.xlsx,SSEN Hydro,17.0,2022,GREEN,EDCM discounts,"23:00-07:00 (all days), all day (weekends) (default)",0.410802622835849,1.0,0.8082019566290807,0.9006461101704555,23,p/kWh
dno_data_enhanced/SWEB-Schedule of charges and other tables-2022 V.0.1.xlsx,National Grid South West,22.0,2022,RED,"Annex 1 LV, HV and UMS charges",16:00-19:00 (weekdays) (default),0.069,14.405,5.066,0.724,15,p/kWh
dno_data_enhanced/SWEB-Schedule of charges and other tables-2022 V.0.1.xlsx,National Grid South West,22.0,2022,GREEN,"Annex 1 LV, HV and UMS charges","23:00-07:00 (all days), all day (weekends) (default)",0.069,19.44,8.409695652173912,0.724,23,p/kWh
dno_data_enhanced/SWEB-Schedule of charges and other tables-2022 V.0.1.xlsx,National Grid South West,22.0,2022,RED,Annex 4 LDNO charges,16:00-19:00 (weekdays) (default),0.043,8.918,3.136333333333333,0.448,15,p/kWh
dno_data_enhanced/SWEB-Schedule of charges and other tables-2022 V.0.1.xlsx,National Grid South West,22.0,2022,GREEN,Annex 4 LDNO charges,"23:00-07:00 (all days), all day (weekends) (default)",0.043,12.08,5.218086956521739,0.448,23,p/kWh
dno_data_enhanced/SWEB-Schedule of charges and other tables-2022 V.0.1.xlsx,National Grid South West,22.0,2022,RED,Nodal prices,16:00-19:00 (weekdays) (default),0.3489256997509984,19.170008252728213,7.156858510060408,1.1867893752347696,5,p/kWh
