file_path,dno_name,mpan_code,year,band,sheet_name,time_period,min_rate,max_rate,mean_rate,median_rate,count,unit
dno_data_enhanced/Northern Powergrid (Northeast) - 2025-26 PCDM Model v0.1.xlsx,Northern Powergrid Northeast,23.0,2025,RED,Fixed inputs,16:00-19:00 (weekdays) (default),1.0,1.0,1.0,1.0,7,p/kWh
dno_data_enhanced/Northern Powergrid (Northeast) - 2025-26 PCDM Model v0.1.xlsx,Northern Powergrid Northeast,23.0,2025,AMBER,Fixed inputs,"07:00-16:00, 19:00-23:00 (weekdays) (default)",1.0,1.0,1.0,1.0,6,p/kWh
dno_data_enhanced/Northern Powergrid (Northeast) - 2025-26 PCDM Model v0.1.xlsx,Northern Powergrid Northeast,23.0,2025,GREEN,Fixed inputs,"23:00-07:00 (all days), all day (weekends) (default)",1.0,1.0,1.0,1.0,5,p/kWh
dno_data_enhanced/Northern Powergrid (Northeast) - 2025-26 PCDM Model v0.1.xlsx,Northern Powergrid Northeast,23.0,2025,RED,DNO inputs,16:00-19:00 (weekdays) (default),7.432,8.4,7.916,8.4,2,p/kWh
dno_data_enhanced/Northern Powergrid (Northeast) - 2025-26 PCDM Model v0.1.xlsx,Northern Powergrid Northeast,23.0,2025,RED,MEAV,16:00-19:00 (weekdays) (default),0.8849588694823903,0.8849588694823903,0.8849588694823903,0.8849588694823903,1,p/kWh
dno_data_enhanced/Northern Powergrid (Northeast) - 2025-26 PCDM Model v0.1.xlsx,Northern Powergrid Northeast,23.0,2025,RED,Capitalised,16:00-19:00 (weekdays) (default),0.8849588694823903,0.8849588694823903,0.8849588694823903,0.8849588694823903,1,p/kWh
dno_data_enhanced/Northern Powergrid (Northeast) - 2025-26 PCDM Model v0.1.xlsx,Northern Powergrid Northeast,23.0,2025,RED,Rev allocation,16:00-19:00 (weekdays) (default),0.0201370692947085,1.0,0.3287542834154596,0.2160349265024103,32,p/kWh
dno_data_enhanced/Northern Powergrid (Northeast) - 2025-26 PCDM Model v0.1.xlsx,Northern Powergrid Northeast,23.0,2025,AMBER,Rev allocation,"07:00-16:00, 19:00-23:00 (weekdays) (default)",0.2135683667826878,1.0,0.4400311492019062,0.2382600734485183,11,p/kWh
dno_data_enhanced/Northern Powergrid (Northeast) - 2025-26 PCDM Model v0.1.xlsx,Northern Powergrid Northeast,23.0,2025,GREEN,Rev allocation,"23:00-07:00 (all days), all day (weekends) (default)",0.1249577932781994,1.0,0.5127367255448104,0.4069195176429565,12,p/kWh
dno_data_enhanced/Northern Powergrid (Northeast) - 2025-26 PCDM Model v0.1.xlsx,Northern Powergrid Northeast,23.0,2025,RED,EDCM discounts,16:00-19:00 (weekdays) (default),0.007236402970938,1.0,0.3483397621218627,0.1056603447212433,14,p/kWh
dno_data_enhanced/Northern Powergrid (Northeast) - 2025-26 PCDM Model v0.1.xlsx,Northern Powergrid Northeast,23.0,2025,AMBER,EDCM discounts,"07:00-16:00, 19:00-23:00 (weekdays) (default)",0.7254501626923034,1.0,0.9138514368118352,0.9797496993602794,24,p/kWh
dno_data_enhanced/Northern Powergrid (Northeast) - 2025-26 PCDM Model v0.1.xlsx,Northern Powergrid Northeast,23.0,2025,GREEN,EDCM discounts,"23:00-07:00 (all days), all day (weekends) (default)",0.3192287115039312,1.0,0.7638903321684983,0.7869756817773566,23,p/kWh
dno_data_enhanced/enwl---schedule-of-charges-and-other-tables--2025-v2_0.xlsx,Electricity North West,16.0,2025,RED,"Annex 1 LV, HV and UMS charges",16:00-19:00 (weekdays) (default),0.14,18.089,7.151,3.224,15,p/kWh
dno_data_enhanced/enwl---schedule-of-charges-and-other-tables--2025-v2_0.xlsx,Electricity North West,16.0,2025,GREEN,"Annex 1 LV, HV and UMS charges","23:00-07:00 (all days), all day (weekends) (default)",0.14,18.089,7.473434782608696,3.224,23,p/kWh
dno_data_enhanced/enwl---schedule-of-charges-and-other-tables--2025-v2_0.xlsx,Electricity North West,16.0,2025,RED,Annex 4 LDNO charges,16:00-19:00 (weekdays) (default),0.09,11.542,4.023421052631579,2.057,19,p/kWh
dno_data_enhanced/enwl---schedule-of-charges-and-other-tables--2025-v2_0.xlsx,Electricity North West,16.0,2025,GREEN,Annex 4 LDNO charges,"23:00-07:00 (all days), all day (weekends) (default)",0.09,11.542,4.770086956521738,2.057,23,p/kWh
dno_data_enhanced/enwl---schedule-of-charges-and-other-tables--2025-v2_0.xlsx,Electricity North West,16.0,2025,RED,Annex 5 LLFs,16:00-19:00 (weekdays) (default),0.932,1.115,1.0038148148148147,1.0,243,p/kWh
dno_data_enhanced/enwl---schedule-of-charges-and-other-tables--2025-v2_0.xlsx,Electricity North West,16.0,2025,AMBER,Annex 5 LLFs,"07:00-16:00, 19:00-23:00 (weekdays) (default)",0.932,1.104,1.003567901234568,1.0,243,p/kWh
dno_data_enhanced/enwl---schedule-of-charges-and-other-tables--2025-v2_0.xlsx,Electricity North West,16.0,2025,GREEN,Annex 5 LLFs,"23:00-07:00 (all days), all day (weekends) (default)",0.932,1.097,1.0029465020576132,1.0,243,p/kWh
dno_data_enhanced/enwl---schedule-of-charges-and-other-tables--2025-v2_0.xlsx,Electricity North West,16.0,2025,RED,Nodal prices,16:00-19:00 (weekdays) (default),0.21,12.46,4.806661929678198,3.1652525432272625,66,p/kWh
dno_data_enhanced/enwl---schedule-of-charges-and-other-tables--2025-v2_0.xlsx,Electricity North West,16.0,2025,AMBER,Nodal prices,"07:00-16:00, 19:00-23:00 (weekdays) (default)",1.2157923675972264,5.6702040592249965,3.052582129850795,2.704089921035211,16,p/kWh
dno_data_enhanced/enwl---schedule-of-charges-and-other-tables--2025-v2_0.xlsx,Electricity North West,16.0,2025,GREEN,Nodal prices,"23:00-07:00 (all days), all day (weekends) (default)",0.3877958413887705,10.816359684140844,3.977571942558445,3.741705820967326,102,p/kWh
dno_data_enhanced/Northern Powergrid (Yorkshire) - 2025-26 PCDM Model v0.1.xlsx,Northern Powergrid Yorkshire,15.0,2025,RED,Fixed inputs,16:00-19:00 (weekdays) (default),1.0,1.0,1.0,1.0,7,p/kWh
dno_data_enhanced/Northern Powergrid (Yorkshire) - 2025-26 PCDM Model v0.1.xlsx,Northern Powergrid Yorkshire,15.0,2025,AMBER,Fixed inputs,"07:00-16:00, 19:00-23:00 (weekdays) (default)",1.0,1.0,1.0,1.0,6,p/kWh
dno_data_enhanced/Northern Powergrid (Yorkshire) - 2025-26 PCDM Model v0.1.xlsx,Northern Powergrid Yorkshire,15.0,2025,GREEN,Fixed inputs,"23:00-07:00 (all days), all day (weekends) (default)",1.0,1.0,1.0,1.0,5,p/kWh
dno_data_enhanced/Northern Powergrid (Yorkshire) - 2025-26 PCDM Model v0.1.xlsx,Northern Powergrid Yorkshire,15.0,2025,RED,MEAV,16:00-19:00 (weekdays) (default),0.8936346597538318,0.8936346597538318,0.8936346597538318,0.8936346597538318,1,p/kWh
dno_data_enhanced/Northern Powergrid (Yorkshire) - 2025-26 PCDM Model v0.1.xlsx,Northern Powergrid Yorkshire,15.0,2025,RED,Capitalised,16:00-19:00 (weekdays) (default),0.8936346597538318,0.8936346597538318,0.8936346597538318,0.8936346597538318,1,p/kWh
dno_data_enhanced/Northern Powergrid (Yorkshire) - 2025-26 PCDM Model v0.1.xlsx,Northern Powergrid Yorkshire,15.0,2025,RED,Rev allocation,16:00-19:00 (weekdays) (default),0.0277541303765591,1.0,0.3289923165742675,0.2094777661909504,32,p/kWh
dno_data_enhanced/Northern Powergrid (Yorkshire) - 2025-26 PCDM Model v0.1.xlsx,Northern Powergrid Yorkshire,15.0,2025,AMBER,Rev allocation,"07:00-16:00, 19:00-23:00 (weekdays) (default)",0.2013272824484832,1.0,0.4402018465173947,0.2575565773703093,11,p/kWh
dno_data_enhanced/Northern Powergrid (Yorkshire) - 2025-26 PCDM Model v0.1.xlsx,Northern Powergrid Yorkshire,15.0,2025,GREEN,Rev allocation,"23:00-07:00 (all days), all day (weekends) (default)",0.1501491106686862,1.0,0.5142170263491445,0.3926891169212574,12,p/kWh
dno_data_enhanced/Northern Powergrid (Yorkshire) - 2025-26 PCDM Model v0.1.xlsx,Northern Powergrid Yorkshire,15.0,2025,RED,EDCM discounts,16:00-19:00 (weekdays) (default),0.0101151388948648,1.0,0.3446266377539975,0.1155907209951265,14,p/kWh
dno_data_enhanced/Northern Powergrid (Yorkshire) - 2025-26 PCDM Model v0.1.xlsx,Northern Powergrid Yorkshire,15.0,2025,AMBER,EDCM discounts,"07:00-16:00, 19:00-23:00 (weekdays) (default)",0.7185125800980855,1.0,0.909802424892304,0.9721024313914156,24,p/kWh
dno_data_enhanced/Northern Powergrid (Yorkshire) - 2025-26 PCDM Model v0.1.xlsx,Northern Powergrid Yorkshire,15.0,2025,GREEN,EDCM discounts,"23:00-07:00 (all days), all day (weekends) (default)",0.3170965474558803,1.0,0.7601364731446446,0.7807448204112789,23,p/kWh
dno_data_enhanced/Northern Powergrid (Yorkshire) - 2025-26 Schedule of charges and other tables v0.2.xlsx,Northern Powergrid Yorkshire,15.0,2025,RED,"Annex 1 LV, HV and UMS charges",16:00-19:00 (weekdays) (default),0.257,5.294,2.34,1.741,19,p/kWh
dno_data_enhanced/Northern Powergrid (Yorkshire) - 2025-26 Schedule of charges and other tables v0.2.xlsx,Northern Powergrid Yorkshire,15.0,2025,GREEN,"Annex 1 LV, HV and UMS charges","23:00-07:00 (all days), all day (weekends) (default)",0.257,16.99,6.104260869565217,1.741,23,p/kWh
dno_data_enhanced/Northern Powergrid (Yorkshire) - 2025-26 Schedule of charges and other tables v0.2.xlsx,Northern Powergrid Yorkshire,15.0,2025,RED,Annex 4 LDNO charges,16:00-19:00 (weekdays) (default),0.153,3.144,1.5607894736842105,1.034,19,p/kWh
dno_data_enhanced/Northern Powergrid (Yorkshire) - 2025-26 Schedule of charges and other tables v0.2.xlsx,Northern Powergrid Yorkshire,15.0,2025,GREEN,Annex 4 LDNO charges,"23:00-07:00 (all days), all day (weekends) (default)",0.153,10.09,3.6253043478260873,1.034,23,p/kWh
dno_data_enhanced/Northern Powergrid (Yorkshire) - 2025-26 Schedule of charges and other tables v0.2.xlsx,Northern Powergrid Yorkshire,15.0,2025,RED,Annex 5 LLFs,16:00-19:00 (weekdays) (default),0.947,1.524,1.0192401960784312,1.005,204,p/kWh
dno_data_enhanced/Northern Powergrid (Yorkshire) - 2025-26 Schedule of charges and other tables v0.2.xlsx,Northern Powergrid Yorkshire,15.0,2025,AMBER,Annex 5 LLFs,"07:00-16:00, 19:00-23:00 (weekdays) (default)",0.902,1.347,1.015470588235294,1.005,204,p/kWh
dno_data_enhanced/Northern Powergrid (Yorkshire) - 2025-26 Schedule of charges and other tables v0.2.xlsx,Northern Powergrid Yorkshire,15.0,2025,GREEN,Annex 5 LLFs,"23:00-07:00 (all days), all day (weekends) (default)",0.966,1.28,1.0134999999999998,1.004,204,p/kWh
dno_data_enhanced/Northern Powergrid (Yorkshire) - 2025-26 Schedule of charges and other tables v0.2.xlsx,Northern Powergrid Yorkshire,15.0,2025,RED,Nodal prices,16:00-19:00 (weekdays) (default),0.333185221368,2.96313037429,1.30491180871125,1.58445477999,4,p/kWh
dno_data_enhanced/Northern Powergrid (Yorkshire) - 2025-26 Schedule of charges and other tables v0.2.xlsx,Northern Powergrid Yorkshire,15.0,2025,GREEN,Nodal prices,"23:00-07:00 (all days), all day (weekends) (default)",0.0019081144108,1.28588591025,0.342385433602105,0.317602571351,12,p/kWh
dno_data_enhanced/Northern Powergrid (Northeast) - 2025-26 CDCM Model v0.1.xlsx,Northern Powergrid Northeast,23.0,2025,RED,Inputs by network level,16:00-19:00 (weekdays) (default),0.0171829357833725,1.0,0.4553001666465229,0.2240166126937786,7,p/kWh
dno_data_enhanced/Northern Powergrid (Northeast) - 2025-26 CDCM Model v0.1.xlsx,Northern Powergrid Northeast,23.0,2025,AMBER,Inputs by network level,"07:00-16:00, 19:00-23:00 (weekdays) (default)",0.1209786108303744,1.021,0.4287561674999246,0.34,7,p/kWh
dno_data_enhanced/Northern Powergrid (Northeast) - 2025-26 CDCM Model v0.1.xlsx,Northern Powergrid Northeast,23.0,2025,GREEN,Inputs by network level,"23:00-07:00 (all days), all day (weekends) (default)",0.1209786108303744,1.036,0.4460488620832454,0.5185685915808262,6,p/kWh
dno_data_enhanced/Northern Powergrid (Northeast) - 2025-26 CDCM Model v0.1.xlsx,Northern Powergrid Northeast,23.0,2025,RED,Load & loss characteristics,16:00-19:00 (weekdays) (default),1.072,1.072,1.072,1.072,1,p/kWh
dno_data_enhanced/Northern Powergrid (Northeast) - 2025-26 CDCM Model v0.1.xlsx,Northern Powergrid Northeast,23.0,2025,RED,Pseudo-load coefficients,16:00-19:00 (weekdays) (default),5.927686038136387,5.927686038136387,5.927686038136387,5.927686038136387,1,p/kWh
dno_data_enhanced/Northern Powergrid (Northeast) - 2025-26 CDCM Model v0.1.xlsx,Northern Powergrid Northeast,23.0,2025,GREEN,Pseudo-load coefficients,"23:00-07:00 (all days), all day (weekends) (default)",8.494093093147457,8.494093093147457,8.494093093147457,8.494093093147457,1,p/kWh
dno_data_enhanced/Northern Powergrid (Northeast) - 2025-26 CDCM Model v0.1.xlsx,Northern Powergrid Northeast,23.0,2025,RED,Revenue matching,16:00-19:00 (weekdays) (default),1.0,1.0,1.0,1.0,7,p/kWh
dno_data_enhanced/Northern Powergrid (Yorkshire) - 2025-26 CDCM Model v0.1.xlsx,Northern Powergrid Yorkshire,15.0,2025,RED,Inputs by network level,16:00-19:00 (weekdays) (default),0.0580323516740149,1.0,0.4093686954371135,0.319388132651601,7,p/kWh
dno_data_enhanced/Northern Powergrid (Yorkshire) - 2025-26 CDCM Model v0.1.xlsx,Northern Powergrid Yorkshire,15.0,2025,AMBER,Inputs by network level,"07:00-16:00, 19:00-23:00 (weekdays) (default)",0.1260844971520341,1.029,0.408333032046707,0.3632467271749153,7,p/kWh
dno_data_enhanced/Northern Powergrid (Yorkshire) - 2025-26 CDCM Model v0.1.xlsx,Northern Powergrid Yorkshire,15.0,2025,GREEN,Inputs by network level,"23:00-07:00 (all days), all day (weekends) (default)",0.1260844971520341,1.044,0.4222218707211582,0.4052726139004436,6,p/kWh
dno_data_enhanced/Northern Powergrid (Yorkshire) - 2025-26 CDCM Model v0.1.xlsx,Northern Powergrid Yorkshire,15.0,2025,RED,Load & loss characteristics,16:00-19:00 (weekdays) (default),1.138,1.138,1.138,1.138,1,p/kWh
dno_data_enhanced/Northern Powergrid (Yorkshire) - 2025-26 CDCM Model v0.1.xlsx,Northern Powergrid Yorkshire,15.0,2025,RED,Pseudo-load coefficients,16:00-19:00 (weekdays) (default),4.8517913527564795,4.8517913527564795,4.8517913527564795,4.8517913527564795,1,p/kWh
dno_data_enhanced/Northern Powergrid (Yorkshire) - 2025-26 CDCM Model v0.1.xlsx,Northern Powergrid Yorkshire,15.0,2025,GREEN,Pseudo-load coefficients,"23:00-07:00 (all days), all day (weekends) (default)",5.970220642920203,5.970220642920203,5.970220642920203,5.970220642920203,1,p/kWh
dno_data_enhanced/Northern Powergrid (Yorkshire) - 2025-26 CDCM Model v0.1.xlsx,Northern Powergrid Yorkshire,15.0,2025,RED,Revenue matching,16:00-19:00 (weekdays) (default),1.0,1.0,1.0,1.0,7,p/kWh
dno_data_enhanced/shepd---schedule-of-charges-and-other-tables---april-2025-v0.2.xlsx,SSEN Hydro,17.0,2025,RED,"Annex 1 LV, HV and UMS charges",16:00-19:00 (weekdays) (default),0.836,11.552,4.767631578947368,4.129,19,p/kWh
dno_data_enhanced/shepd---schedule-of-charges-and-other-tables---april-2025-v0.2.xlsx,SSEN Hydro,17.0,2025,GREEN,"Annex 1 LV, HV and UMS charges","23:00-07:00 (all days), all day (weekends) (default)",0.836,19.02,8.768260869565216,4.129,23,p/kWh
dno_data_enhanced/shepd---schedule-of-charges-and-other-tables---april-2025-v0.2.xlsx,SSEN Hydro,17.0,2025,RED,Annex 3 Preserved charges,16:00-19:00 (weekdays) (default),0.934,21.99,10.108,12.898,12,p/kWh
dno_data_enhanced/shepd---schedule-of-charges-and-other-tables---april-2025-v0.2.xlsx,SSEN Hydro,17.0,2025,GREEN,Annex 3 Preserved charges,"23:00-07:00 (all days), all day (weekends) (default)",0.836,11.552,4.62925,4.129,12,p/kWh
dno_data_enhanced/shepd---schedule-of-charges-and-other-tables---april-2025-v0.2.xlsx,SSEN Hydro,17.0,2025,RED,Annex 4 LDNO charges,16:00-19:00 (weekdays) (default),0.583,8.05,3.4499999999999997,2.877,19,p/kWh
dno_data_enhanced/shepd---schedule-of-charges-and-other-tables---april-2025-v0.2.xlsx,SSEN Hydro,17.0,2025,GREEN,Annex 4 LDNO charges,"23:00-07:00 (all days), all day (weekends) (default)",0.583,13.26,6.111739130434782,2.877,23,p/kWh
dno_data_enhanced/shepd---schedule-of-charges-and-other-tables---april-2025-v0.2.xlsx,SSEN Hydro,17.0,2025,RED,Annex 5 LLFs,16:00-19:00 (weekdays) (default),0.892,1.21,1.0066875,1.001,528,p/kWh
dno_data_enhanced/shepd---schedule-of-charges-and-other-tables---april-2025-v0.2.xlsx,SSEN Hydro,17.0,2025,AMBER,Annex 5 LLFs,"07:00-16:00, 19:00-23:00 (weekdays) (default)",0.89,1.241,1.0073219696969695,1.001,528,p/kWh
dno_data_enhanced/shepd---schedule-of-charges-and-other-tables---april-2025-v0.2.xlsx,SSEN Hydro,17.0,2025,GREEN,Annex 5 LLFs,"23:00-07:00 (all days), all day (weekends) (default)",0.889,1.347,1.0088181818181816,1.002,528,p/kWh
dno_data_enhanced/shepd---schedule-of-charges-and-other-tables---april-2025-v0.2.xlsx,SSEN Hydro,17.0,2025,GREEN,Charge Calculator,"23:00-07:00 (all days), all day (weekends) (default)",4.27,4.27,4.27,4.27,1,p/kWh
dno_data_enhanced/MIDE - Schedule of charges and other tables- 2025 V.0.1 for publishing.xlsx,National Grid East Midlands,12.0,2025,RED,"Annex 1 LV, HV and UMS charges",16:00-19:00 (weekdays) (default),0.242,34.0,8.934722222222222,1.63,18,p/kWh
dno_data_enhanced/MIDE - Schedule of charges and other tables- 2025 V.0.1 for publishing.xlsx,National Grid East Midlands,12.0,2025,GREEN,"Annex 1 LV, HV and UMS charges","23:00-07:00 (all days), all day (weekends) (default)",0.242,11.93,5.751173913043478,1.63,23,p/kWh
dno_data_enhanced/MIDE - Schedule of charges and other tables- 2025 V.0.1 for publishing.xlsx,National Grid East Midlands,12.0,2025,RED,Annex 4 LDNO charges,16:00-19:00 (weekdays) (default),0.159,6.506,2.579,1.072,15,p/kWh
dno_data_enhanced/MIDE - Schedule of charges and other tables- 2025 V.0.1 for publishing.xlsx,National Grid East Midlands,12.0,2025,GREEN,Annex 4 LDNO charges,"23:00-07:00 (all days), all day (weekends) (default)",0.159,7.84,3.7806956521739137,1.072,23,p/kWh
dno_data_enhanced/Northern Powergrid (Northeast) - 2025-26 Schedule of charges and other tables v0.2.xlsx,Northern Powergrid Northeast,23.0,2025,RED,"Annex 1 LV, HV and UMS charges",16:00-19:00 (weekdays) (default),0.311,9.568,3.4392105263157893,1.59,19,p/kWh
dno_data_enhanced/Northern Powergrid (Northeast) - 2025-26 Schedule of charges and other tables v0.2.xlsx,Northern Powergrid Northeast,23.0,2025,GREEN,"Annex 1 LV, HV and UMS charges","23:00-07:00 (all days), all day (weekends) (default)",0.311,18.12,7.302869565217391,1.59,23,p/kWh
dno_data_enhanced/Northern Powergrid (Northeast) - 2025-26 Schedule of charges and other tables v0.2.xlsx,Northern Powergrid Northeast,23.0,2025,RED,Annex 4 LDNO charges,16:00-19:00 (weekdays) (default),0.183,5.635,2.198421052631579,0.936,19,p/kWh
dno_data_enhanced/Northern Powergrid (Northeast) - 2025-26 Schedule of charges and other tables v0.2.xlsx,Northern Powergrid Northeast,23.0,2025,GREEN,Annex 4 LDNO charges,"23:00-07:00 (all days), all day (weekends) (default)",0.183,10.67,4.3003913043478255,0.936,23,p/kWh
dno_data_enhanced/Northern Powergrid (Northeast) - 2025-26 Schedule of charges and other tables v0.2.xlsx,Northern Powergrid Northeast,23.0,2025,RED,Annex 5 LLFs,16:00-19:00 (weekdays) (default),0.945,1.234,1.0202123893805308,1.01,113,p/kWh
dno_data_enhanced/Northern Powergrid (Northeast) - 2025-26 Schedule of charges and other tables v0.2.xlsx,Northern Powergrid Northeast,23.0,2025,AMBER,Annex 5 LLFs,"07:00-16:00, 19:00-23:00 (weekdays) (default)",0.95,1.197,1.0163805309734513,1.009,113,p/kWh
dno_data_enhanced/Northern Powergrid (Northeast) - 2025-26 Schedule of charges and other tables v0.2.xlsx,Northern Powergrid Northeast,23.0,2025,GREEN,Annex 5 LLFs,"23:00-07:00 (all days), all day (weekends) (default)",0.957,1.145,1.0160442477876106,1.007,113,p/kWh
dno_data_enhanced/Northern Powergrid (Northeast) - 2025-26 Schedule of charges and other tables v0.2.xlsx,Northern Powergrid Northeast,23.0,2025,RED,Nodal prices,16:00-19:00 (weekdays) (default),0.143846304156,0.392229431017,0.2680378675865,0.392229431017,2,p/kWh
dno_data_enhanced/Northern Powergrid (Northeast) - 2025-26 Schedule of charges and other tables v0.2.xlsx,Northern Powergrid Northeast,23.0,2025,AMBER,Nodal prices,"07:00-16:00, 19:00-23:00 (weekdays) (default)",0.122955710411,0.15745271273,0.1402042115705,0.15745271273,2,p/kWh
dno_data_enhanced/Northern Powergrid (Northeast) - 2025-26 Schedule of charges and other tables v0.2.xlsx,Northern Powergrid Northeast,23.0,2025,GREEN,Nodal prices,"23:00-07:00 (all days), all day (weekends) (default)",0.0673990798266,1.96336129494,0.5988844044071501,0.243613174082,4,p/kWh
dno_data_enhanced/EMEB - Schedule of charges and other tables- 2025 V.0.2 for publishing.xlsx,National Grid East Midlands,12.0,2025,RED,"Annex 1 LV, HV and UMS charges",16:00-19:00 (weekdays) (default),0.142,11.0,5.265555555555555,1.943,18,p/kWh
dno_data_enhanced/EMEB - Schedule of charges and other tables- 2025 V.0.2 for publishing.xlsx,National Grid East Midlands,12.0,2025,GREEN,"Annex 1 LV, HV and UMS charges","23:00-07:00 (all days), all day (weekends) (default)",0.142,10.271,5.020217391304348,1.943,23,p/kWh
dno_data_enhanced/EMEB - Schedule of charges and other tables- 2025 V.0.2 for publishing.xlsx,National Grid East Midlands,12.0,2025,RED,Annex 4 LDNO charges,16:00-19:00 (weekdays) (default),0.098,7.101,2.8473333333333333,1.343,15,p/kWh
dno_data_enhanced/EMEB - Schedule of charges and other tables- 2025 V.0.2 for publishing.xlsx,National Grid East Midlands,12.0,2025,GREEN,Annex 4 LDNO charges,"23:00-07:00 (all days), all day (weekends) (default)",0.098,7.101,3.469173913043478,1.343,23,p/kWh
dno_data_enhanced/SWAE - Schedule of charges and other tables- 2025 V.0.1 for publishing.xlsx,National Grid South Wales,21.0,2025,RED,"Annex 1 LV, HV and UMS charges",16:00-19:00 (weekdays) (default),0.267,19.258,6.992666666666667,1.453,15,p/kWh
dno_data_enhanced/SWAE - Schedule of charges and other tables- 2025 V.0.1 for publishing.xlsx,National Grid South Wales,21.0,2025,GREEN,"Annex 1 LV, HV and UMS charges","23:00-07:00 (all days), all day (weekends) (default)",0.267,19.258,7.392608695652174,1.453,23,p/kWh
dno_data_enhanced/SWAE - Schedule of charges and other tables- 2025 V.0.1 for publishing.xlsx,National Grid South Wales,21.0,2025,RED,Annex 4 LDNO charges,16:00-19:00 (weekdays) (default),0.177,12.788,4.6433333333333335,0.965,15,p/kWh
dno_data_enhanced/SWAE - Schedule of charges and other tables- 2025 V.0.1 for publishing.xlsx,National Grid South Wales,21.0,2025,GREEN,Annex 4 LDNO charges,"23:00-07:00 (all days), all day (weekends) (default)",0.177,12.788,4.909217391304347,0.965,23,p/kWh
dno_data_enhanced/SWAE - Schedule of charges and other tables- 2025 V.0.1 for publishing.xlsx,National Grid South Wales,21.0,2025,RED,Nodal prices,16:00-19:00 (weekdays) (default),0.0974305085920311,7.29077420744636,2.6299064439315627,2.5675239059199284,4,p/kWh
dno_data_enhanced/sepd---schedule-of-charges-and-other-tables---april-2025-v0.2.xlsx,SSEN Southern,20.0,2025,RED,"Annex 1 LV, HV and UMS charges",16:00-19:00 (weekdays) (default),0.084,12.227,4.092894736842105,1.642,19,p/kWh
dno_data_enhanced/sepd---schedule-of-charges-and-other-tables---april-2025-v0.2.xlsx,SSEN Southern,20.0,2025,GREEN,"Annex 1 LV, HV and UMS charges","23:00-07:00 (all days), all day (weekends) (default)",0.084,12.227,4.3787391304347825,1.642,23,p/kWh
dno_data_enhanced/sepd---schedule-of-charges-and-other-tables---april-2025-v0.2.xlsx,SSEN Southern,20.0,2025,RED,Annex 3 Preserved charges,16:00-19:00 (weekdays) (default),0.084,12.227,3.98825,2.0,12,p/kWh
dno_data_enhanced/sepd---schedule-of-charges-and-other-tables---april-2025-v0.2.xlsx,SSEN Southern,20.0,2025,GREEN,Annex 3 Preserved charges,"23:00-07:00 (all days), all day (weekends) (default)",0.084,12.227,4.70575,4.87,12,p/kWh
dno_data_enhanced/sepd---schedule-of-charges-and-other-tables---april-2025-v0.2.xlsx,SSEN Southern,20.0,2025,RED,Annex 4 LDNO charges,16:00-19:00 (weekdays) (default),0.054,7.763,2.7526315789473683,1.043,19,p/kWh
dno_data_enhanced/sepd---schedule-of-charges-and-other-tables---april-2025-v0.2.xlsx,SSEN Southern,20.0,2025,GREEN,Annex 4 LDNO charges,"23:00-07:00 (all days), all day (weekends) (default)",0.054,7.763,2.7798695652173913,1.043,23,p/kWh
dno_data_enhanced/sepd---schedule-of-charges-and-other-tables---april-2025-v0.2.xlsx,SSEN Southern,20.0,2025,RED,Annex 5 LLFs,16:00-19:00 (weekdays) (default),0.976,1.072,1.0166502732240437,1.012,549,p/kWh
dno_data_enhanced/sepd---schedule-of-charges-and-other-tables---april-2025-v0.2.xlsx,SSEN Southern,20.0,2025,AMBER,Annex 5 LLFs,"07:00-16:00, 19:00-23:00 (weekdays) (default)",0.971,1.085,1.0137613843351547,1.012,549,p/kWh
dno_data_enhanced/sepd---schedule-of-charges-and-other-tables---april-2025-v0.2.xlsx,SSEN Southern,20.0,2025,GREEN,Annex 5 LLFs,"23:00-07:00 (all days), all day (weekends) (default)",0.957,1.086,1.0130346083788706,1.011,549,p/kWh
dno_data_enhanced/sepd---schedule-of-charges-and-other-tables---april-2025-v0.2.xlsx,SSEN Southern,20.0,2025,AMBER,Nodal prices,"07:00-16:00, 19:00-23:00 (weekdays) (default)",1.783,2.167,2.0389999999999997,2.167,3,p/kWh
dno_data_enhanced/sepd---schedule-of-charges-and-other-tables---april-2025-v0.2.xlsx,SSEN Southern,20.0,2025,GREEN,Charge Calculator,"23:00-07:00 (all days), all day (weekends) (default)",0.79,3.18,2.3833333333333333,3.18,3,p/kWh
dno_data_enhanced/sepd---schedule-of-charges-and-other-tables--embedded-networks-april-2025-v.0.2.xlsx,SSEN Southern,20.0,2025,RED,"Annex 1 LV, HV & UMS charges_A",16:00-19:00 (weekdays) (default),0.277,14.459,5.461666666666667,1.649,15,p/kWh
dno_data_enhanced/sepd---schedule-of-charges-and-other-tables--embedded-networks-april-2025-v.0.2.xlsx,SSEN Southern,20.0,2025,GREEN,"Annex 1 LV, HV & UMS charges_A","23:00-07:00 (all days), all day (weekends) (default)",0.277,14.459,5.756130434782608,1.649,23,p/kWh
dno_data_enhanced/sepd---schedule-of-charges-and-other-tables--embedded-networks-april-2025-v.0.2.xlsx,SSEN Southern,20.0,2025,RED,"Annex 1 LV, HV & UMS charges_B",16:00-19:00 (weekdays) (default),0.142,10.271,4.118666666666667,1.943,15,p/kWh
dno_data_enhanced/sepd---schedule-of-charges-and-other-tables--embedded-networks-april-2025-v.0.2.xlsx,SSEN Southern,20.0,2025,GREEN,"Annex 1 LV, HV & UMS charges_B","23:00-07:00 (all days), all day (weekends) (default)",0.142,10.271,5.020217391304348,1.943,23,p/kWh
dno_data_enhanced/sepd---schedule-of-charges-and-other-tables--embedded-networks-april-2025-v.0.2.xlsx,SSEN Southern,20.0,2025,RED,"Annex 1 LV, HV & UMS charges_C",16:00-19:00 (weekdays) (default),0.09,6.353,2.262333333333333,0.344,15,p/kWh
dno_data_enhanced/sepd---schedule-of-charges-and-other-tables--embedded-networks-april-2025-v.0.2.xlsx,SSEN Southern,20.0,2025,GREEN,"Annex 1 LV, HV & UMS charges_C","23:00-07:00 (all days), all day (weekends) (default)",0.09,6.353,2.848217391304348,0.344,23,p/kWh
dno_data_enhanced/sepd---schedule-of-charges-and-other-tables--embedded-networks-april-2025-v.0.2.xlsx,SSEN Southern,20.0,2025,RED,"Annex 1 LV, HV & UMS charges_D",16:00-19:00 (weekdays) (default),0.402,13.575,5.861666666666666,3.608,15,p/kWh
dno_data_enhanced/sepd---schedule-of-charges-and-other-tables--embedded-networks-april-2025-v.0.2.xlsx,SSEN Southern,20.0,2025,GREEN,"Annex 1 LV, HV & UMS charges_D","23:00-07:00 (all days), all day (weekends) (default)",0.402,26.88,11.009347826086955,3.608,23,p/kWh
dno_data_enhanced/sepd---schedule-of-charges-and-other-tables--embedded-networks-april-2025-v.0.2.xlsx,SSEN Southern,20.0,2025,RED,"Annex 1 LV, HV & UMS charges_E",16:00-19:00 (weekdays) (default),0.242,9.893,3.921666666666667,1.63,15,p/kWh
dno_data_enhanced/sepd---schedule-of-charges-and-other-tables--embedded-networks-april-2025-v.0.2.xlsx,SSEN Southern,20.0,2025,GREEN,"Annex 1 LV, HV & UMS charges_E","23:00-07:00 (all days), all day (weekends) (default)",0.242,11.93,5.751173913043478,1.63,23,p/kWh
dno_data_enhanced/sepd---schedule-of-charges-and-other-tables--embedded-networks-april-2025-v.0.2.xlsx,SSEN Southern,20.0,2025,RED,"Annex 1 LV, HV & UMS charges_F",16:00-19:00 (weekdays) (default),0.311,9.568,3.823,1.59,15,p/kWh
dno_data_enhanced/sepd---schedule-of-charges-and-other-tables--embedded-networks-april-2025-v.0.2.xlsx,SSEN Southern,20.0,2025,GREEN,"Annex 1 LV, HV & UMS charges_F","23:00-07:00 (all days), all day (weekends) (default)",0.311,18.12,7.302869565217391,1.59,23,p/kWh
dno_data_enhanced/sepd---schedule-of-charges-and-other-tables--embedded-networks-april-2025-v.0.2.xlsx,SSEN Southern,20.0,2025,RED,"Annex 1 LV, HV & UMS charges_G",16:00-19:00 (weekdays) (default),0.14,18.089,7.151,3.224,15,p/kWh
dno_data_enhanced/sepd---schedule-of-charges-and-other-tables--embedded-networks-april-2025-v.0.2.xlsx,SSEN Southern,20.0,2025,GREEN,"Annex 1 LV, HV & UMS charges_G","23:00-07:00 (all days), all day (weekends) (default)",0.14,18.089,7.473434782608696,3.224,23,p/kWh
dno_data_enhanced/sepd---schedule-of-charges-and-other-tables--embedded-networks-april-2025-v.0.2.xlsx,SSEN Southern,20.0,2025,RED,"Annex 1 LV, HV & UMS charges_J",16:00-19:00 (weekdays) (default),0.324,20.274,7.105666666666667,0.719,15,p/kWh
dno_data_enhanced/sepd---schedule-of-charges-and-other-tables--embedded-networks-april-2025-v.0.2.xlsx,SSEN Southern,20.0,2025,GREEN,"Annex 1 LV, HV & UMS charges_J","23:00-07:00 (all days), all day (weekends) (default)",0.324,20.274,6.64904347826087,0.719,23,p/kWh
dno_data_enhanced/sepd---schedule-of-charges-and-other-tables--embedded-networks-april-2025-v.0.2.xlsx,SSEN Southern,20.0,2025,RED,"Annex 1 LV, HV & UMS charges_K",16:00-19:00 (weekdays) (default),0.267,19.258,6.992666666666667,1.453,15,p/kWh
dno_data_enhanced/sepd---schedule-of-charges-and-other-tables--embedded-networks-april-2025-v.0.2.xlsx,SSEN Southern,20.0,2025,GREEN,"Annex 1 LV, HV & UMS charges_K","23:00-07:00 (all days), all day (weekends) (default)",0.267,19.258,7.392608695652174,1.453,23,p/kWh
dno_data_enhanced/sepd---schedule-of-charges-and-other-tables--embedded-networks-april-2025-v.0.2.xlsx,SSEN Southern,20.0,2025,RED,"Annex 1 LV, HV & UMS charges_L",16:00-19:00 (weekdays) (default),0.202,24.78,8.868666666666666,1.624,15,p/kWh
dno_data_enhanced/sepd---schedule-of-charges-and-other-tables--embedded-networks-april-2025-v.0.2.xlsx,SSEN Southern,20.0,2025,GREEN,"Annex 1 LV, HV & UMS charges_L","23:00-07:00 (all days), all day (weekends) (default)",0.202,24.78,9.31982608695652,1.624,23,p/kWh
dno_data_enhanced/sepd---schedule-of-charges-and-other-tables--embedded-networks-april-2025-v.0.2.xlsx,SSEN Southern,20.0,2025,RED,"Annex 1 LV, HV & UMS charges_M",16:00-19:00 (weekdays) (default),0.257,5.294,2.4306666666666668,1.741,15,p/kWh
dno_data_enhanced/sepd---schedule-of-charges-and-other-tables--embedded-networks-april-2025-v.0.2.xlsx,SSEN Southern,20.0,2025,GREEN,"Annex 1 LV, HV & UMS charges_M","23:00-07:00 (all days), all day (weekends) (default)",0.257,16.99,6.104260869565217,1.741,23,p/kWh
dno_data_enhanced/sepd---schedule-of-charges-and-other-tables--embedded-networks-april-2025-v.0.2.xlsx,SSEN Southern,20.0,2025,RED,Annex 4 LDNO charges_A,16:00-19:00 (weekdays) (default),0.181,9.489,3.250526315789474,1.082,19,p/kWh
dno_data_enhanced/sepd---schedule-of-charges-and-other-tables--embedded-networks-april-2025-v.0.2.xlsx,SSEN Southern,20.0,2025,GREEN,Annex 4 LDNO charges_A,"23:00-07:00 (all days), all day (weekends) (default)",0.181,9.489,3.774913043478261,1.082,23,p/kWh
dno_data_enhanced/sepd---schedule-of-charges-and-other-tables--embedded-networks-april-2025-v.0.2.xlsx,SSEN Southern,20.0,2025,RED,Annex 4 LDNO charges_B,16:00-19:00 (weekdays) (default),0.098,7.101,2.8473333333333333,1.343,15,p/kWh
dno_data_enhanced/sepd---schedule-of-charges-and-other-tables--embedded-networks-april-2025-v.0.2.xlsx,SSEN Southern,20.0,2025,GREEN,Annex 4 LDNO charges_B,"23:00-07:00 (all days), all day (weekends) (default)",0.098,7.101,3.469173913043478,1.343,23,p/kWh
dno_data_enhanced/sepd---schedule-of-charges-and-other-tables--embedded-networks-april-2025-v.0.2.xlsx,SSEN Southern,20.0,2025,RED,Annex 4 LDNO charges_C,16:00-19:00 (weekdays) (default),0.064,4.501,1.6865789473684212,0.244,19,p/kWh
dno_data_enhanced/sepd---schedule-of-charges-and-other-tables--embedded-networks-april-2025-v.0.2.xlsx,SSEN Southern,20.0,2025,GREEN,Annex 4 LDNO charges_C,"23:00-07:00 (all days), all day (weekends) (default)",0.064,4.501,2.016217391304348,0.244,23,p/kWh
dno_data_enhanced/sepd---schedule-of-charges-and-other-tables--embedded-networks-april-2025-v.0.2.xlsx,SSEN Southern,20.0,2025,RED,Annex 4 LDNO charges_D,16:00-19:00 (weekdays) (default),0.247,8.324,3.594666666666667,2.213,15,p/kWh
dno_data_enhanced/sepd---schedule-of-charges-and-other-tables--embedded-networks-april-2025-v.0.2.xlsx,SSEN Southern,20.0,2025,GREEN,Annex 4 LDNO charges_D,"23:00-07:00 (all days), all day (weekends) (default)",0.247,16.53,6.763478260869565,2.213,23,p/kWh
dno_data_enhanced/sepd---schedule-of-charges-and-other-tables--embedded-networks-april-2025-v.0.2.xlsx,SSEN Southern,20.0,2025,RED,Annex 4 LDNO charges_E,16:00-19:00 (weekdays) (default),0.159,6.506,2.579,1.072,15,p/kWh
dno_data_enhanced/sepd---schedule-of-charges-and-other-tables--embedded-networks-april-2025-v.0.2.xlsx,SSEN Southern,20.0,2025,GREEN,Annex 4 LDNO charges_E,"23:00-07:00 (all days), all day (weekends) (default)",0.159,7.84,3.7806956521739137,1.072,23,p/kWh
dno_data_enhanced/sepd---schedule-of-charges-and-other-tables--embedded-networks-april-2025-v.0.2.xlsx,SSEN Southern,20.0,2025,RED,Annex 4 LDNO charges_F,16:00-19:00 (weekdays) (default),0.183,5.635,2.198421052631579,0.936,19,p/kWh
dno_data_enhanced/sepd---schedule-of-charges-and-other-tables--embedded-networks-april-2025-v.0.2.xlsx,SSEN Southern,20.0,2025,GREEN,Annex 4 LDNO charges_F,"23:00-07:00 (all days), all day (weekends) (default)",0.183,10.67,4.3003913043478255,0.936,23,p/kWh
dno_data_enhanced/sepd---schedule-of-charges-and-other-tables--embedded-networks-april-2025-v.0.2.xlsx,SSEN Southern,20.0,2025,RED,Annex 4 LDNO charges_G,16:00-19:00 (weekdays) (default),0.09,11.542,4.023421052631579,2.057,19,p/kWh
dno_data_enhanced/sepd---schedule-of-charges-and-other-tables--embedded-networks-april-2025-v.0.2.xlsx,SSEN Southern,20.0,2025,GREEN,Annex 4 LDNO charges_G,"23:00-07:00 (all days), all day (weekends) (default)",0.09,11.542,4.770086956521738,2.057,23,p/kWh
dno_data_enhanced/sepd---schedule-of-charges-and-other-tables--embedded-networks-april-2025-v.0.2.xlsx,SSEN Southern,20.0,2025,RED,Annex 4 LDNO charges_J,16:00-19:00 (weekdays) (default),0.214,13.372,4.121052631578947,0.474,19,p/kWh
dno_data_enhanced/sepd---schedule-of-charges-and-other-tables--embedded-networks-april-2025-v.0.2.xlsx,SSEN Southern,20.0,2025,GREEN,Annex 4 LDNO charges_J,"23:00-07:00 (all days), all day (weekends) (default)",0.214,13.372,4.38295652173913,0.474,23,p/kWh
dno_data_enhanced/sepd---schedule-of-charges-and-other-tables--embedded-networks-april-2025-v.0.2.xlsx,SSEN Southern,20.0,2025,RED,Annex 4 LDNO charges_K,16:00-19:00 (weekdays) (default),0.177,12.788,4.6433333333333335,0.965,15,p/kWh
dno_data_enhanced/sepd---schedule-of-charges-and-other-tables--embedded-networks-april-2025-v.0.2.xlsx,SSEN Southern,20.0,2025,GREEN,Annex 4 LDNO charges_K,"23:00-07:00 (all days), all day (weekends) (default)",0.177,12.788,4.909217391304347,0.965,23,p/kWh
dno_data_enhanced/sepd---schedule-of-charges-and-other-tables--embedded-networks-april-2025-v.0.2.xlsx,SSEN Southern,20.0,2025,RED,Annex 4 LDNO charges_L,16:00-19:00 (weekdays) (default),0.124,15.218,5.446333333333333,0.997,15,p/kWh
dno_data_enhanced/sepd---schedule-of-charges-and-other-tables--embedded-networks-april-2025-v.0.2.xlsx,SSEN Southern,20.0,2025,GREEN,Annex 4 LDNO charges_L,"23:00-07:00 (all days), all day (weekends) (default)",0.124,15.218,5.724173913043479,0.997,23,p/kWh
dno_data_enhanced/sepd---schedule-of-charges-and-other-tables--embedded-networks-april-2025-v.0.2.xlsx,SSEN Southern,20.0,2025,RED,Annex 4 LDNO charges_M,16:00-19:00 (weekdays) (default),0.153,3.144,1.5607894736842105,1.034,19,p/kWh
dno_data_enhanced/sepd---schedule-of-charges-and-other-tables--embedded-networks-april-2025-v.0.2.xlsx,SSEN Southern,20.0,2025,GREEN,Annex 4 LDNO charges_M,"23:00-07:00 (all days), all day (weekends) (default)",0.153,10.09,3.6253043478260873,1.034,23,p/kWh
dno_data_enhanced/sepd---schedule-of-charges-and-other-tables--embedded-networks-april-2025-v.0.2.xlsx,SSEN Southern,20.0,2025,RED,Annex 5 LLFs_A,16:00-19:00 (weekdays) (default),1.007,1.134,1.0394,1.029,10,p/kWh
dno_data_enhanced/sepd---schedule-of-charges-and-other-tables--embedded-networks-april-2025-v.0.2.xlsx,SSEN Southern,20.0,2025,AMBER,Annex 5 LLFs_A,"07:00-16:00, 19:00-23:00 (weekdays) (default)",1.005,1.096,1.0303,1.023,10,p/kWh
dno_data_enhanced/sepd---schedule-of-charges-and-other-tables--embedded-networks-april-2025-v.0.2.xlsx,SSEN Southern,20.0,2025,GREEN,Annex 5 LLFs_A,"23:00-07:00 (all days), all day (weekends) (default)",1.006,1.119,1.036,1.027,10,p/kWh
dno_data_enhanced/sepd---schedule-of-charges-and-other-tables--embedded-networks-april-2025-v.0.2.xlsx,SSEN Southern,20.0,2025,RED,Annex 5 LLFs_J,16:00-19:00 (weekdays) (default),1.005,1.084,1.0297142857142858,1.021,7,p/kWh
dno_data_enhanced/sepd---schedule-of-charges-and-other-tables--embedded-networks-april-2025-v.0.2.xlsx,SSEN Southern,20.0,2025,AMBER,Annex 5 LLFs_J,"07:00-16:00, 19:00-23:00 (weekdays) (default)",1.005,1.089,1.031,1.022,7,p/kWh
dno_data_enhanced/sepd---schedule-of-charges-and-other-tables--embedded-networks-april-2025-v.0.2.xlsx,SSEN Southern,20.0,2025,GREEN,Annex 5 LLFs_J,"23:00-07:00 (all days), all day (weekends) (default)",1.005,1.075,1.0278571428571428,1.02,7,p/kWh
dno_data_enhanced/sepd---schedule-of-charges-and-other-tables--embedded-networks-april-2025-v.0.2.xlsx,SSEN Southern,20.0,2025,RED,Nodal prices_A,16:00-19:00 (weekdays) (default),0.9805162788676162,6.565473398379,3.027113896812327,1.5353520131903653,3,p/kWh
dno_data_enhanced/sepd---schedule-of-charges-and-other-tables--embedded-networks-april-2025-v.0.2.xlsx,SSEN Southern,20.0,2025,GREEN,Nodal prices_A,"23:00-07:00 (all days), all day (weekends) (default)",0.0142653958732556,1.678700977929428,0.7452106153075339,0.8588280944628492,6,p/kWh
dno_data_enhanced/sepd---schedule-of-charges-and-other-tables--embedded-networks-april-2025-v.0.2.xlsx,SSEN Southern,20.0,2025,GREEN,Nodal prices_D,"23:00-07:00 (all days), all day (weekends) (default)",1.765044916,3.0,2.8280803781538464,3.0,13,p/kWh
dno_data_enhanced/sepd---schedule-of-charges-and-other-tables--embedded-networks-april-2025-v.0.2.xlsx,SSEN Southern,20.0,2025,RED,Nodal prices_F,16:00-19:00 (weekdays) (default),0.143846304156,0.392229431017,0.2680378675865,0.392229431017,2,p/kWh
dno_data_enhanced/sepd---schedule-of-charges-and-other-tables--embedded-networks-april-2025-v.0.2.xlsx,SSEN Southern,20.0,2025,AMBER,Nodal prices_F,"07:00-16:00, 19:00-23:00 (weekdays) (default)",0.122955710411,0.15745271273,0.1402042115705,0.15745271273,2,p/kWh
dno_data_enhanced/sepd---schedule-of-charges-and-other-tables--embedded-networks-april-2025-v.0.2.xlsx,SSEN Southern,20.0,2025,GREEN,Nodal prices_F,"23:00-07:00 (all days), all day (weekends) (default)",0.0673990798266,1.96336129494,0.5988844044071501,0.243613174082,4,p/kWh
dno_data_enhanced/sepd---schedule-of-charges-and-other-tables--embedded-networks-april-2025-v.0.2.xlsx,SSEN Southern,20.0,2025,RED,Nodal prices_G,16:00-19:00 (weekdays) (default),0.21,12.46,4.806661929678198,3.1652525432272625,66,p/kWh
dno_data_enhanced/sepd---schedule-of-charges-and-other-tables--embedded-networks-april-2025-v.0.2.xlsx,SSEN Southern,20.0,2025,AMBER,Nodal prices_G,"07:00-16:00, 19:00-23:00 (weekdays) (default)",1.2157923675972264,5.6702040592249965,3.052582129850795,2.704089921035211,16,p/kWh
dno_data_enhanced/sepd---schedule-of-charges-and-other-tables--embedded-networks-april-2025-v.0.2.xlsx,SSEN Southern,20.0,2025,GREEN,Nodal prices_G,"23:00-07:00 (all days), all day (weekends) (default)",0.3877958413887705,10.816359684140844,3.977571942558445,3.741705820967326,102,p/kWh
dno_data_enhanced/sepd---schedule-of-charges-and-other-tables--embedded-networks-april-2025-v.0.2.xlsx,SSEN Southern,20.0,2025,RED,Nodal prices_J,16:00-19:00 (weekdays) (default),0.8966190363212158,0.8966190363212158,0.8966190363212158,0.8966190363212158,2,p/kWh
dno_data_enhanced/sepd---schedule-of-charges-and-other-tables--embedded-networks-april-2025-v.0.2.xlsx,SSEN Southern,20.0,2025,GREEN,Nodal prices_J,"23:00-07:00 (all days), all day (weekends) (default)",0.001369807835453,2.2698557878675065,1.1356127978514798,2.2698557878675065,2,p/kWh
dno_data_enhanced/sepd---schedule-of-charges-and-other-tables--embedded-networks-april-2025-v.0.2.xlsx,SSEN Southern,20.0,2025,RED,Nodal prices_K,16:00-19:00 (weekdays) (default),0.0974305085920311,7.29077420744636,2.6299064439315627,2.5675239059199284,4,p/kWh
dno_data_enhanced/sepd---schedule-of-charges-and-other-tables--embedded-networks-april-2025-v.0.2.xlsx,SSEN Southern,20.0,2025,RED,Nodal prices_L,16:00-19:00 (weekdays) (default),0.0790647506066863,22.28315467626602,8.155641870680565,3.987529755451392,5,p/kWh
dno_data_enhanced/sepd---schedule-of-charges-and-other-tables--embedded-networks-april-2025-v.0.2.xlsx,SSEN Southern,20.0,2025,RED,Nodal prices_M,16:00-19:00 (weekdays) (default),0.333185221368,2.96313037429,1.30491180871125,1.58445477999,4,p/kWh
dno_data_enhanced/sepd---schedule-of-charges-and-other-tables--embedded-networks-april-2025-v.0.2.xlsx,SSEN Southern,20.0,2025,GREEN,Nodal prices_M,"23:00-07:00 (all days), all day (weekends) (default)",0.0019081144108,1.28588591025,0.342385433602105,0.317602571351,12,p/kWh
dno_data_enhanced/sepd---schedule-of-charges-and-other-tables--embedded-networks-april-2025-v.0.2.xlsx,SSEN Southern,20.0,2025,GREEN,Charge Calculator,"23:00-07:00 (all days), all day (weekends) (default)",1.73,1.73,1.73,1.73,1,p/kWh
dno_data_enhanced/SWEB - Schedule of charges and other tables- 2025 V.0.1 for publishing.xlsx,National Grid South West,22.0,2025,RED,"Annex 1 LV, HV and UMS charges",16:00-19:00 (weekdays) (default),0.202,24.78,8.868666666666666,1.624,15,p/kWh
dno_data_enhanced/SWEB - Schedule of charges and other tables- 2025 V.0.1 for publishing.xlsx,National Grid South West,22.0,2025,GREEN,"Annex 1 LV, HV and UMS charges","23:00-07:00 (all days), all day (weekends) (default)",0.202,24.78,9.31982608695652,1.624,23,p/kWh
dno_data_enhanced/SWEB - Schedule of charges and other tables- 2025 V.0.1 for publishing.xlsx,National Grid South West,22.0,2025,RED,Annex 4 LDNO charges,16:00-19:00 (weekdays) (default),0.124,15.218,5.446333333333333,0.997,15,p/kWh
dno_data_enhanced/SWEB - Schedule of charges and other tables- 2025 V.0.1 for publishing.xlsx,National Grid South West,22.0,2025,GREEN,Annex 4 LDNO charges,"23:00-07:00 (all days), all day (weekends) (default)",0.124,15.218,5.724173913043479,0.997,23,p/kWh
dno_data_enhanced/SWEB - Schedule of charges and other tables- 2025 V.0.1 for publishing.xlsx,National Grid South West,22.0,2025,RED,Nodal prices,16:00-19:00 (weekdays) (default),0.0790647506066863,22.28315467626602,8.155641870680565,3.987529755451392,5,p/kWh
dno_data_enhanced/shepd---schedule-of-charges-and-other-tables--embedded-networks-april-2025-v.0.2.xlsx,SSEN Hydro,17.0,2025,RED,"Annex 1 LV, HV & UMS charges_N",16:00-19:00 (weekdays) (default),0.026,11.759,4.355666666666667,1.282,15,p/kWh
dno_data_enhanced/shepd---schedule-of-charges-and-other-tables--embedded-networks-april-2025-v.0.2.xlsx,SSEN Hydro,17.0,2025,GREEN,"Annex 1 LV, HV & UMS charges_N","23:00-07:00 (all days), all day (weekends) (default)",0.026,14.83,6.766217391304347,1.282,23,p/kWh
dno_data_enhanced/shepd---schedule-of-charges-and-other-tables--embedded-networks-april-2025-v.0.2.xlsx,SSEN Hydro,17.0,2025,RED,Annex 4 LDNO charges_N,16:00-19:00 (weekdays) (default),0.016,7.051,2.612,0.769,15,p/kWh
dno_data_enhanced/shepd---schedule-of-charges-and-other-tables--embedded-networks-april-2025-v.0.2.xlsx,SSEN Hydro,17.0,2025,GREEN,Annex 4 LDNO charges_N,"23:00-07:00 (all days), all day (weekends) (default)",0.016,8.94,4.069782608695652,0.769,23,p/kWh
dno_data_enhanced/shepd---schedule-of-charges-and-other-tables--embedded-networks-april-2025-v.0.2.xlsx,SSEN Hydro,17.0,2025,RED,Nodal prices_N,16:00-19:00 (weekdays) (default),2.0,2.0,2.0,2.0,1,p/kWh
dno_data_enhanced/shepd---schedule-of-charges-and-other-tables--embedded-networks-april-2025-v.0.2.xlsx,SSEN Hydro,17.0,2025,GREEN,Nodal prices_N,"23:00-07:00 (all days), all day (weekends) (default)",3.0,3.0,3.0,3.0,1,p/kWh
