file_path,dno_name,mpan_code,year,band,sheet_name,time_period,min_rate,max_rate,mean_rate,median_rate,count,unit
dno_data_enhanced/ED2 PCFM NPgY 20231222.xlsx,Northern Powergrid Yorkshire,15.0,2023,RED,SelectedInputs,16:00-19:00 (weekdays) (default),0.0115,45.0,8.925725495497973,0.75,17,p/kWh
dno_data_enhanced/ED2 PCFM NPgY 20231222.xlsx,Northern Powergrid Yorkshire,15.0,2023,AMBER,SelectedInputs,"07:00-16:00, 19:00-23:00 (weekdays) (default)",20.0,33.3,25.978697241608504,24.636091724825523,3,p/kWh
dno_data_enhanced/ED2 PCFM NPgY 20231222.xlsx,Northern Powergrid Yorkshire,15.0,2023,GREEN,SelectedInputs,"23:00-07:00 (all days), all day (weekends) (default)",0.8725212464589235,33.3,16.320478081704074,20.0,4,p/kWh
dno_data_enhanced/ED2 PCFM NPgY 20231222.xlsx,Northern Powergrid Yorkshire,15.0,2023,RED,InputSummary,16:00-19:00 (weekdays) (default),0.0115,45.0,6.480627436674444,0.9,17,p/kWh
dno_data_enhanced/ED2 PCFM NPgY 20231222.xlsx,Northern Powergrid Yorkshire,15.0,2023,AMBER,InputSummary,"07:00-16:00, 19:00-23:00 (weekdays) (default)",0.0133845309928688,33.3,7.941576127783464,0.6294050991501415,7,p/kWh
dno_data_enhanced/ED2 PCFM NPgY 20231222.xlsx,Northern Powergrid Yorkshire,15.0,2023,GREEN,InputSummary,"23:00-07:00 (all days), all day (weekends) (default)",0.0149399155569989,33.3,7.94787217458142,0.6494617563739377,7,p/kWh
dno_data_enhanced/ED2 PCFM NPgY 20231222.xlsx,Northern Powergrid Yorkshire,15.0,2023,RED,Legacy,16:00-19:00 (weekdays) (default),0.0201904,8.22600126500771,1.286990907443335,0.9140831899999996,11,p/kWh
dno_data_enhanced/ED2 PCFM NPgY 20231222.xlsx,Northern Powergrid Yorkshire,15.0,2023,AMBER,Legacy,"07:00-16:00, 19:00-23:00 (weekdays) (default)",0.0397335776,14.08948048275202,3.267621045302714,1.2891506141768156,31,p/kWh
dno_data_enhanced/ED2 PCFM NPgY 20231222.xlsx,Northern Powergrid Yorkshire,15.0,2023,GREEN,Legacy,"23:00-07:00 (all days), all day (weekends) (default)",0.0413701832,42.65733728678261,4.145764572379735,1.3284361388165782,31,p/kWh
dno_data_enhanced/ED2 PCFM NPgY 20231222.xlsx,Northern Powergrid Yorkshire,15.0,2023,RED,Totex,16:00-19:00 (weekdays) (default),0.9390081188912436,44.39372357600168,15.909435875383457,7.5093152876718605,32,p/kWh
dno_data_enhanced/ED2 PCFM NPgY 20231222.xlsx,Northern Powergrid Yorkshire,15.0,2023,AMBER,Totex,"07:00-16:00, 19:00-23:00 (weekdays) (default)",1.0,47.63809861263129,19.44829147745467,7.525117235579967,31,p/kWh
dno_data_enhanced/ED2 PCFM NPgY 20231222.xlsx,Northern Powergrid Yorkshire,15.0,2023,GREEN,Totex,"23:00-07:00 (all days), all day (weekends) (default)",1.0,45.60237678082719,19.94589846096655,15.422943992374949,31,p/kWh
dno_data_enhanced/ED2 PCFM NPgY 20231222.xlsx,Northern Powergrid Yorkshire,15.0,2023,RED,Annual Inflation,16:00-19:00 (weekdays) (default),0.0155592894707972,1.50334712603879,0.4949384988243163,0.0258846368797245,11,p/kWh
dno_data_enhanced/ED2 PCFM NPgY 20231222.xlsx,Northern Powergrid Yorkshire,15.0,2023,AMBER,Annual Inflation,"07:00-16:00, 19:00-23:00 (weekdays) (default)",0.0080067749634311,4.0452569031158125,0.8839285599984987,0.0213882457030804,11,p/kWh
dno_data_enhanced/ED2 PCFM NPgY 20231222.xlsx,Northern Powergrid Yorkshire,15.0,2023,GREEN,Annual Inflation,"23:00-07:00 (all days), all day (weekends) (default)",0.0367371878102802,11.584699426229506,2.1959658359582823,0.0593011753389423,11,p/kWh
dno_data_enhanced/ED2 PCFM NPgY 20231222.xlsx,Northern Powergrid Yorkshire,15.0,2023,RED,NPgY,16:00-19:00 (weekdays) (default),0.0115,45.0,8.925725495497973,0.75,17,p/kWh
dno_data_enhanced/ED2 PCFM NPgY 20231222.xlsx,Northern Powergrid Yorkshire,15.0,2023,AMBER,NPgY,"07:00-16:00, 19:00-23:00 (weekdays) (default)",20.0,33.3,25.978697241608504,24.636091724825523,3,p/kWh
dno_data_enhanced/ED2 PCFM NPgY 20231222.xlsx,Northern Powergrid Yorkshire,15.0,2023,GREEN,NPgY,"23:00-07:00 (all days), all day (weekends) (default)",0.8725212464589235,33.3,16.320478081704074,20.0,4,p/kWh
dno_data_enhanced/Northern Powergrid (Northeast) - 2023-24 PCDM Model v0.1.xlsx,Northern Powergrid Northeast,23.0,2023,RED,Fixed inputs,16:00-19:00 (weekdays) (default),1.0,1.0,1.0,1.0,7,p/kWh
dno_data_enhanced/Northern Powergrid (Northeast) - 2023-24 PCDM Model v0.1.xlsx,Northern Powergrid Northeast,23.0,2023,AMBER,Fixed inputs,"07:00-16:00, 19:00-23:00 (weekdays) (default)",1.0,1.0,1.0,1.0,6,p/kWh
dno_data_enhanced/Northern Powergrid (Northeast) - 2023-24 PCDM Model v0.1.xlsx,Northern Powergrid Northeast,23.0,2023,GREEN,Fixed inputs,"23:00-07:00 (all days), all day (weekends) (default)",1.0,1.0,1.0,1.0,5,p/kWh
dno_data_enhanced/Northern Powergrid (Northeast) - 2023-24 PCDM Model v0.1.xlsx,Northern Powergrid Northeast,23.0,2023,RED,DNO inputs,16:00-19:00 (weekdays) (default),7.432,8.4,7.916,8.4,2,p/kWh
dno_data_enhanced/Northern Powergrid (Northeast) - 2023-24 PCDM Model v0.1.xlsx,Northern Powergrid Northeast,23.0,2023,RED,MEAV,16:00-19:00 (weekdays) (default),0.893014592009762,0.893014592009762,0.893014592009762,0.893014592009762,1,p/kWh
dno_data_enhanced/Northern Powergrid (Northeast) - 2023-24 PCDM Model v0.1.xlsx,Northern Powergrid Northeast,23.0,2023,RED,Capitalised,16:00-19:00 (weekdays) (default),0.893014592009762,0.893014592009762,0.893014592009762,0.893014592009762,1,p/kWh
dno_data_enhanced/Northern Powergrid (Northeast) - 2023-24 PCDM Model v0.1.xlsx,Northern Powergrid Northeast,23.0,2023,RED,Rev allocation,16:00-19:00 (weekdays) (default),0.0201700664002784,1.0,0.3287553145750087,0.2162824014504158,32,p/kWh
dno_data_enhanced/Northern Powergrid (Northeast) - 2023-24 PCDM Model v0.1.xlsx,Northern Powergrid Northeast,23.0,2023,AMBER,Rev allocation,"07:00-16:00, 19:00-23:00 (weekdays) (default)",0.2162824014504158,1.0,0.4421024428646401,0.2415010791176434,11,p/kWh
dno_data_enhanced/Northern Powergrid (Northeast) - 2023-24 PCDM Model v0.1.xlsx,Northern Powergrid Northeast,23.0,2023,GREEN,Rev allocation,"23:00-07:00 (all days), all day (weekends) (default)",0.1293041999766233,1.0,0.5143397112328177,0.4091082761185067,12,p/kWh
dno_data_enhanced/Northern Powergrid (Northeast) - 2023-24 PCDM Model v0.1.xlsx,Northern Powergrid Northeast,23.0,2023,RED,EDCM discounts,16:00-19:00 (weekdays) (default),0.0072797792004746,1.0,0.34834738899221,0.1067259800705838,14,p/kWh
dno_data_enhanced/Northern Powergrid (Northeast) - 2023-24 PCDM Model v0.1.xlsx,Northern Powergrid Northeast,23.0,2023,AMBER,EDCM discounts,"07:00-16:00, 19:00-23:00 (weekdays) (default)",0.7239004084464451,1.0,0.9133990104463212,0.9797242597660322,24,p/kWh
dno_data_enhanced/Northern Powergrid (Northeast) - 2023-24 PCDM Model v0.1.xlsx,Northern Powergrid Northeast,23.0,2023,GREEN,EDCM discounts,"23:00-07:00 (all days), all day (weekends) (default)",0.3230083815209997,1.0,0.7654817766313741,0.7877652605375068,23,p/kWh
dno_data_enhanced/EMEB-Schedule of charges and other tables-2023 V.0.1 for publishing.xlsx,National Grid East Midlands,12.0,2023,RED,"Annex 1 LV, HV and UMS charges",16:00-19:00 (weekdays) (default),0.124,11.0,4.116388888888888,1.493,18,p/kWh
dno_data_enhanced/EMEB-Schedule of charges and other tables-2023 V.0.1 for publishing.xlsx,National Grid East Midlands,12.0,2023,GREEN,"Annex 1 LV, HV and UMS charges","23:00-07:00 (all days), all day (weekends) (default)",0.124,11.38,4.7304615384615385,4.0,26,p/kWh
dno_data_enhanced/EMEB-Schedule of charges and other tables-2023 V.0.1 for publishing.xlsx,National Grid East Midlands,12.0,2023,RED,Annex 4 LDNO charges,16:00-19:00 (weekdays) (default),0.087,4.613,1.9143333333333337,1.043,15,p/kWh
dno_data_enhanced/EMEB-Schedule of charges and other tables-2023 V.0.1 for publishing.xlsx,National Grid East Midlands,12.0,2023,GREEN,Annex 4 LDNO charges,"23:00-07:00 (all days), all day (weekends) (default)",0.087,8.05,3.3976086956521745,1.043,23,p/kWh
dno_data_enhanced/sepd---schedule-of-charges-and-other-tables_april-2023_v1.5.xlsx,SSEN Southern,20.0,2023,RED,"Annex 1 LV, HV and UMS charges",16:00-19:00 (weekdays) (default),0.054,8.599,2.991578947368421,1.115,19,p/kWh
dno_data_enhanced/sepd---schedule-of-charges-and-other-tables_april-2023_v1.5.xlsx,SSEN Southern,20.0,2023,GREEN,"Annex 1 LV, HV and UMS charges","23:00-07:00 (all days), all day (weekends) (default)",0.054,13.2,5.617782608695652,1.115,23,p/kWh
dno_data_enhanced/sepd---schedule-of-charges-and-other-tables_april-2023_v1.5.xlsx,SSEN Southern,20.0,2023,RED,Annex 3 Preserved charges,16:00-19:00 (weekdays) (default),0.054,8.599,3.256,1.115,9,p/kWh
dno_data_enhanced/sepd---schedule-of-charges-and-other-tables_april-2023_v1.5.xlsx,SSEN Southern,20.0,2023,GREEN,Annex 3 Preserved charges,"23:00-07:00 (all days), all day (weekends) (default)",0.054,13.2,5.742,8.599,12,p/kWh
dno_data_enhanced/sepd---schedule-of-charges-and-other-tables_april-2023_v1.5.xlsx,SSEN Southern,20.0,2023,RED,Annex 4 LDNO charges,16:00-19:00 (weekdays) (default),0.035,5.553,2.0810526315789475,0.72,19,p/kWh
dno_data_enhanced/sepd---schedule-of-charges-and-other-tables_april-2023_v1.5.xlsx,SSEN Southern,20.0,2023,GREEN,Annex 4 LDNO charges,"23:00-07:00 (all days), all day (weekends) (default)",0.035,9.51,3.885,0.72,23,p/kWh
dno_data_enhanced/sepd---schedule-of-charges-and-other-tables_april-2023_v1.5.xlsx,SSEN Southern,20.0,2023,RED,Annex 5 LLFs,16:00-19:00 (weekdays) (default),0.987,1.09,1.0198541666666665,1.018,528,p/kWh
dno_data_enhanced/sepd---schedule-of-charges-and-other-tables_april-2023_v1.5.xlsx,SSEN Southern,20.0,2023,AMBER,Annex 5 LLFs,"07:00-16:00, 19:00-23:00 (weekdays) (default)",0.978,1.093,1.017905303030303,1.014,528,p/kWh
dno_data_enhanced/sepd---schedule-of-charges-and-other-tables_april-2023_v1.5.xlsx,SSEN Southern,20.0,2023,GREEN,Annex 5 LLFs,"23:00-07:00 (all days), all day (weekends) (default)",0.967,1.09,1.0182670454545455,1.015,528,p/kWh
dno_data_enhanced/sepd---schedule-of-charges-and-other-tables_april-2023_v1.5.xlsx,SSEN Southern,20.0,2023,RED,Annex 7 Pass-Through Costs,16:00-19:00 (weekdays) (default),0.1003520920945617,0.1003520920945617,0.1003520920945617,0.1003520920945617,8,p/kWh
dno_data_enhanced/sepd---schedule-of-charges-and-other-tables_april-2023_v1.5.xlsx,SSEN Southern,20.0,2023,AMBER,Annex 7 Pass-Through Costs,"07:00-16:00, 19:00-23:00 (weekdays) (default)",2.5162956335545386,2.5162956335545386,2.5162956335545386,2.5162956335545386,8,p/kWh
dno_data_enhanced/sepd---schedule-of-charges-and-other-tables_april-2023_v1.5.xlsx,SSEN Southern,20.0,2023,GREEN,Annex 7 Pass-Through Costs,"23:00-07:00 (all days), all day (weekends) (default)",0.1643811779544104,0.1643811779544104,0.1643811779544104,0.1643811779544104,158,p/kWh
dno_data_enhanced/sepd---schedule-of-charges-and-other-tables_april-2023_v1.5.xlsx,SSEN Southern,20.0,2023,AMBER,Nodal prices,"07:00-16:00, 19:00-23:00 (weekdays) (default)",1.728,1.927,1.8606666666666667,1.927,3,p/kWh
dno_data_enhanced/sepd---schedule-of-charges-and-other-tables_april-2023_v1.5.xlsx,SSEN Southern,20.0,2023,GREEN,Charge Calculator,"23:00-07:00 (all days), all day (weekends) (default)",0.67,2.87,2.1366666666666667,2.87,3,p/kWh
dno_data_enhanced/sepd_pcdm_v5_20231106_25-26_final.xlsx,SSEN Southern,20.0,2023,RED,Fixed inputs,16:00-19:00 (weekdays) (default),1.0,1.0,1.0,1.0,7,p/kWh
dno_data_enhanced/sepd_pcdm_v5_20231106_25-26_final.xlsx,SSEN Southern,20.0,2023,AMBER,Fixed inputs,"07:00-16:00, 19:00-23:00 (weekdays) (default)",1.0,1.0,1.0,1.0,6,p/kWh
dno_data_enhanced/sepd_pcdm_v5_20231106_25-26_final.xlsx,SSEN Southern,20.0,2023,GREEN,Fixed inputs,"23:00-07:00 (all days), all day (weekends) (default)",1.0,1.0,1.0,1.0,5,p/kWh
dno_data_enhanced/sepd_pcdm_v5_20231106_25-26_final.xlsx,SSEN Southern,20.0,2023,RED,MEAV,16:00-19:00 (weekdays) (default),0.828271397051415,0.828271397051415,0.828271397051415,0.828271397051415,1,p/kWh
dno_data_enhanced/sepd_pcdm_v5_20231106_25-26_final.xlsx,SSEN Southern,20.0,2023,RED,Capitalised,16:00-19:00 (weekdays) (default),0.828271397051415,0.828271397051415,0.828271397051415,0.828271397051415,1,p/kWh
dno_data_enhanced/sepd_pcdm_v5_20231106_25-26_final.xlsx,SSEN Southern,20.0,2023,RED,Rev allocation,16:00-19:00 (weekdays) (default),0.0331297734706651,1.0,0.3293183686555527,0.2277468177813221,32,p/kWh
dno_data_enhanced/sepd_pcdm_v5_20231106_25-26_final.xlsx,SSEN Southern,20.0,2023,AMBER,Rev allocation,"07:00-16:00, 19:00-23:00 (weekdays) (default)",0.2143892642639013,1.0,0.4505578212831228,0.2713500329785465,11,p/kWh
dno_data_enhanced/sepd_pcdm_v5_20231106_25-26_final.xlsx,SSEN Southern,20.0,2023,GREEN,Rev allocation,"23:00-07:00 (all days), all day (weekends) (default)",0.1560969853103992,1.0,0.5281978155140814,0.4037079264161803,12,p/kWh
dno_data_enhanced/sepd_pcdm_v5_20231106_25-26_final.xlsx,SSEN Southern,20.0,2023,RED,EDCM discounts,16:00-19:00 (weekdays) (default),0.0131226361196097,1.0,0.3475344061112735,0.1202015464874775,14,p/kWh
dno_data_enhanced/sepd_pcdm_v5_20231106_25-26_final.xlsx,SSEN Southern,20.0,2023,AMBER,EDCM discounts,"07:00-16:00, 19:00-23:00 (weekdays) (default)",0.6685744590327473,1.0,0.8773764837203532,0.9615316854473276,24,p/kWh
dno_data_enhanced/sepd_pcdm_v5_20231106_25-26_final.xlsx,SSEN Southern,20.0,2023,GREEN,EDCM discounts,"23:00-07:00 (all days), all day (weekends) (default)",0.3031262093239423,1.0,0.7287811324204668,0.6977399645926456,23,p/kWh
dno_data_enhanced/sepd---schedule-of-charges-and-other-tables-embedded-networks-april-2023_v1.4.xlsx,SSEN Southern,20.0,2023,RED,"Annex 1 LV, HV & UMS charges_A",16:00-19:00 (weekdays) (default),0.209,14.043,5.057666666666666,0.921,15,p/kWh
dno_data_enhanced/sepd---schedule-of-charges-and-other-tables-embedded-networks-april-2023_v1.4.xlsx,SSEN Southern,20.0,2023,GREEN,"Annex 1 LV, HV & UMS charges_A","23:00-07:00 (all days), all day (weekends) (default)",0.209,14.043,5.351086956521739,0.921,23,p/kWh
dno_data_enhanced/sepd---schedule-of-charges-and-other-tables-embedded-networks-april-2023_v1.4.xlsx,SSEN Southern,20.0,2023,RED,"Annex 1 LV, HV & UMS charges_B",16:00-19:00 (weekdays) (default),0.124,6.602,2.7396666666666665,1.493,15,p/kWh
dno_data_enhanced/sepd---schedule-of-charges-and-other-tables-embedded-networks-april-2023_v1.4.xlsx,SSEN Southern,20.0,2023,GREEN,"Annex 1 LV, HV & UMS charges_B","23:00-07:00 (all days), all day (weekends) (default)",0.124,13.86,5.472695652173913,1.493,23,p/kWh
dno_data_enhanced/sepd---schedule-of-charges-and-other-tables-embedded-networks-april-2023_v1.4.xlsx,SSEN Southern,20.0,2023,RED,"Annex 1 LV, HV & UMS charges_C",16:00-19:00 (weekdays) (default),0.198,9.951,3.844,1.383,15,p/kWh
dno_data_enhanced/sepd---schedule-of-charges-and-other-tables-embedded-networks-april-2023_v1.4.xlsx,SSEN Southern,20.0,2023,GREEN,"Annex 1 LV, HV & UMS charges_C","23:00-07:00 (all days), all day (weekends) (default)",0.988,9.557,4.073705882352941,2.59,17,p/kWh
dno_data_enhanced/sepd---schedule-of-charges-and-other-tables-embedded-networks-april-2023_v1.4.xlsx,SSEN Southern,20.0,2023,RED,"Annex 1 LV, HV & UMS charges_D",16:00-19:00 (weekdays) (default),0.229,9.218,3.915,2.298,15,p/kWh
dno_data_enhanced/sepd---schedule-of-charges-and-other-tables-embedded-networks-april-2023_v1.4.xlsx,SSEN Southern,20.0,2023,GREEN,"Annex 1 LV, HV & UMS charges_D","23:00-07:00 (all days), all day (weekends) (default)",0.229,24.56,9.070086956521738,2.298,23,p/kWh
dno_data_enhanced/sepd---schedule-of-charges-and-other-tables-embedded-networks-april-2023_v1.4.xlsx,SSEN Southern,20.0,2023,RED,"Annex 1 LV, HV & UMS charges_E",16:00-19:00 (weekdays) (default),0.137,6.555,2.618666666666667,1.164,15,p/kWh
dno_data_enhanced/sepd---schedule-of-charges-and-other-tables-embedded-networks-april-2023_v1.4.xlsx,SSEN Southern,20.0,2023,GREEN,"Annex 1 LV, HV & UMS charges_E","23:00-07:00 (all days), all day (weekends) (default)",0.137,17.26,6.267000000000001,1.164,23,p/kWh
dno_data_enhanced/sepd---schedule-of-charges-and-other-tables-embedded-networks-april-2023_v1.4.xlsx,SSEN Southern,20.0,2023,RED,"Annex 1 LV, HV & UMS charges_F",16:00-19:00 (weekdays) (default),0.213,7.154,2.6373684210526314,1.055,19,p/kWh
dno_data_enhanced/sepd---schedule-of-charges-and-other-tables-embedded-networks-april-2023_v1.4.xlsx,SSEN Southern,20.0,2023,GREEN,"Annex 1 LV, HV & UMS charges_F","23:00-07:00 (all days), all day (weekends) (default)",0.213,20.11,7.132086956521738,1.055,23,p/kWh
dno_data_enhanced/sepd---schedule-of-charges-and-other-tables-embedded-networks-april-2023_v1.4.xlsx,SSEN Southern,20.0,2023,RED,"Annex 1 LV, HV & UMS charges_G",16:00-19:00 (weekdays) (default),0.19,10.266,4.197333333333334,2.136,15,p/kWh
dno_data_enhanced/sepd---schedule-of-charges-and-other-tables-embedded-networks-april-2023_v1.4.xlsx,SSEN Southern,20.0,2023,GREEN,"Annex 1 LV, HV & UMS charges_G","23:00-07:00 (all days), all day (weekends) (default)",0.19,14.89,6.722869565217391,2.136,23,p/kWh
dno_data_enhanced/sepd---schedule-of-charges-and-other-tables-embedded-networks-april-2023_v1.4.xlsx,SSEN Southern,20.0,2023,RED,"Annex 1 LV, HV & UMS charges_J",16:00-19:00 (weekdays) (default),0.192,15.755,5.523,0.622,15,p/kWh
dno_data_enhanced/sepd---schedule-of-charges-and-other-tables-embedded-networks-april-2023_v1.4.xlsx,SSEN Southern,20.0,2023,GREEN,"Annex 1 LV, HV & UMS charges_J","23:00-07:00 (all days), all day (weekends) (default)",0.192,15.755,6.501695652173914,0.622,23,p/kWh
dno_data_enhanced/sepd---schedule-of-charges-and-other-tables-embedded-networks-april-2023_v1.4.xlsx,SSEN Southern,20.0,2023,RED,"Annex 1 LV, HV & UMS charges_K",16:00-19:00 (weekdays) (default),0.134,11.186,4.181666666666667,1.225,15,p/kWh
dno_data_enhanced/sepd---schedule-of-charges-and-other-tables-embedded-networks-april-2023_v1.4.xlsx,SSEN Southern,20.0,2023,GREEN,"Annex 1 LV, HV & UMS charges_K","23:00-07:00 (all days), all day (weekends) (default)",0.134,17.13,7.254956521739131,1.225,23,p/kWh
dno_data_enhanced/sepd---schedule-of-charges-and-other-tables-embedded-networks-april-2023_v1.4.xlsx,SSEN Southern,20.0,2023,RED,"Annex 1 LV, HV & UMS charges_L",16:00-19:00 (weekdays) (default),0.044,16.367,5.706333333333333,0.708,15,p/kWh
dno_data_enhanced/sepd---schedule-of-charges-and-other-tables-embedded-networks-april-2023_v1.4.xlsx,SSEN Southern,20.0,2023,GREEN,"Annex 1 LV, HV & UMS charges_L","23:00-07:00 (all days), all day (weekends) (default)",0.044,21.27,9.30291304347826,0.708,23,p/kWh
dno_data_enhanced/sepd---schedule-of-charges-and-other-tables-embedded-networks-april-2023_v1.4.xlsx,SSEN Southern,20.0,2023,RED,"Annex 1 LV, HV & UMS charges_M",16:00-19:00 (weekdays) (default),0.161,4.224,1.8734210526315789,1.134,19,p/kWh
dno_data_enhanced/sepd---schedule-of-charges-and-other-tables-embedded-networks-april-2023_v1.4.xlsx,SSEN Southern,20.0,2023,GREEN,"Annex 1 LV, HV & UMS charges_M","23:00-07:00 (all days), all day (weekends) (default)",0.161,18.78,6.1552173913043475,1.134,23,p/kWh
dno_data_enhanced/sepd---schedule-of-charges-and-other-tables-embedded-networks-april-2023_v1.4.xlsx,SSEN Southern,20.0,2023,RED,Annex 4 LDNO charges_A,16:00-19:00 (weekdays) (default),0.143,9.573,3.448,0.628,15,p/kWh
dno_data_enhanced/sepd---schedule-of-charges-and-other-tables-embedded-networks-april-2023_v1.4.xlsx,SSEN Southern,20.0,2023,GREEN,Annex 4 LDNO charges_A,"23:00-07:00 (all days), all day (weekends) (default)",0.143,9.573,3.8735217391304344,0.628,23,p/kWh
dno_data_enhanced/sepd---schedule-of-charges-and-other-tables-embedded-networks-april-2023_v1.4.xlsx,SSEN Southern,20.0,2023,RED,Annex 4 LDNO charges_B,16:00-19:00 (weekdays) (default),0.087,4.613,1.9143333333333337,1.043,15,p/kWh
dno_data_enhanced/sepd---schedule-of-charges-and-other-tables-embedded-networks-april-2023_v1.4.xlsx,SSEN Southern,20.0,2023,GREEN,Annex 4 LDNO charges_B,"23:00-07:00 (all days), all day (weekends) (default)",0.087,10.53,4.044565217391304,1.043,23,p/kWh
dno_data_enhanced/sepd---schedule-of-charges-and-other-tables-embedded-networks-april-2023_v1.4.xlsx,SSEN Southern,20.0,2023,RED,Annex 4 LDNO charges_C,16:00-19:00 (weekdays) (default),0.145,7.267,2.8073333333333332,1.01,15,p/kWh
dno_data_enhanced/sepd---schedule-of-charges-and-other-tables-embedded-networks-april-2023_v1.4.xlsx,SSEN Southern,20.0,2023,GREEN,Annex 4 LDNO charges_C,"23:00-07:00 (all days), all day (weekends) (default)",0.722,6.979,3.242764705882353,2.65,17,p/kWh
dno_data_enhanced/sepd---schedule-of-charges-and-other-tables-embedded-networks-april-2023_v1.4.xlsx,SSEN Southern,20.0,2023,RED,Annex 4 LDNO charges_D,16:00-19:00 (weekdays) (default),0.142,5.707,2.424,1.423,15,p/kWh
dno_data_enhanced/sepd---schedule-of-charges-and-other-tables-embedded-networks-april-2023_v1.4.xlsx,SSEN Southern,20.0,2023,GREEN,Annex 4 LDNO charges_D,"23:00-07:00 (all days), all day (weekends) (default)",0.142,16.31,5.903695652173913,1.423,23,p/kWh
dno_data_enhanced/sepd---schedule-of-charges-and-other-tables-embedded-networks-april-2023_v1.4.xlsx,SSEN Southern,20.0,2023,RED,Annex 4 LDNO charges_E,16:00-19:00 (weekdays) (default),0.091,4.341,1.7343333333333333,0.771,15,p/kWh
dno_data_enhanced/sepd---schedule-of-charges-and-other-tables-embedded-networks-april-2023_v1.4.xlsx,SSEN Southern,20.0,2023,GREEN,Annex 4 LDNO charges_E,"23:00-07:00 (all days), all day (weekends) (default)",0.091,12.37,4.395521739130435,0.771,23,p/kWh
dno_data_enhanced/sepd---schedule-of-charges-and-other-tables-embedded-networks-april-2023_v1.4.xlsx,SSEN Southern,20.0,2023,RED,Annex 4 LDNO charges_F,16:00-19:00 (weekdays) (default),0.127,4.259,1.7405263157894737,0.628,19,p/kWh
dno_data_enhanced/sepd---schedule-of-charges-and-other-tables-embedded-networks-april-2023_v1.4.xlsx,SSEN Southern,20.0,2023,GREEN,Annex 4 LDNO charges_F,"23:00-07:00 (all days), all day (weekends) (default)",0.127,13.09,4.537608695652174,0.628,23,p/kWh
dno_data_enhanced/sepd---schedule-of-charges-and-other-tables-embedded-networks-april-2023_v1.4.xlsx,SSEN Southern,20.0,2023,RED,Annex 4 LDNO charges_G,16:00-19:00 (weekdays) (default),0.124,6.684,2.732666666666667,1.39,15,p/kWh
dno_data_enhanced/sepd---schedule-of-charges-and-other-tables-embedded-networks-april-2023_v1.4.xlsx,SSEN Southern,20.0,2023,GREEN,Annex 4 LDNO charges_G,"23:00-07:00 (all days), all day (weekends) (default)",0.124,10.68,4.634086956521739,1.39,23,p/kWh
dno_data_enhanced/sepd---schedule-of-charges-and-other-tables-embedded-networks-april-2023_v1.4.xlsx,SSEN Southern,20.0,2023,RED,Annex 4 LDNO charges_J,16:00-19:00 (weekdays) (default),0.131,10.715,3.756333333333333,0.423,15,p/kWh
dno_data_enhanced/sepd---schedule-of-charges-and-other-tables-embedded-networks-april-2023_v1.4.xlsx,SSEN Southern,20.0,2023,GREEN,Annex 4 LDNO charges_J,"23:00-07:00 (all days), all day (weekends) (default)",0.131,10.715,4.657347826086957,0.423,23,p/kWh
dno_data_enhanced/sepd---schedule-of-charges-and-other-tables-embedded-networks-april-2023_v1.4.xlsx,SSEN Southern,20.0,2023,RED,Annex 4 LDNO charges_K,16:00-19:00 (weekdays) (default),0.089,7.471,2.792666666666667,0.818,15,p/kWh
dno_data_enhanced/sepd---schedule-of-charges-and-other-tables-embedded-networks-april-2023_v1.4.xlsx,SSEN Southern,20.0,2023,GREEN,Annex 4 LDNO charges_K,"23:00-07:00 (all days), all day (weekends) (default)",0.089,12.4,5.095521739130435,0.818,23,p/kWh
dno_data_enhanced/sepd---schedule-of-charges-and-other-tables-embedded-networks-april-2023_v1.4.xlsx,SSEN Southern,20.0,2023,RED,Annex 4 LDNO charges_L,16:00-19:00 (weekdays) (default),0.027,10.179,3.548666666666667,0.44,15,p/kWh
dno_data_enhanced/sepd---schedule-of-charges-and-other-tables-embedded-networks-april-2023_v1.4.xlsx,SSEN Southern,20.0,2023,GREEN,Annex 4 LDNO charges_L,"23:00-07:00 (all days), all day (weekends) (default)",0.027,14.35,6.078130434782609,0.44,23,p/kWh
dno_data_enhanced/sepd---schedule-of-charges-and-other-tables-embedded-networks-april-2023_v1.4.xlsx,SSEN Southern,20.0,2023,RED,Annex 4 LDNO charges_M,16:00-19:00 (weekdays) (default),0.097,2.534,1.2923684210526316,0.68,19,p/kWh
dno_data_enhanced/sepd---schedule-of-charges-and-other-tables-embedded-networks-april-2023_v1.4.xlsx,SSEN Southern,20.0,2023,GREEN,Annex 4 LDNO charges_M,"23:00-07:00 (all days), all day (weekends) (default)",0.097,12.39,3.9857391304347822,0.68,23,p/kWh
dno_data_enhanced/sepd---schedule-of-charges-and-other-tables-embedded-networks-april-2023_v1.4.xlsx,SSEN Southern,20.0,2023,RED,Annex 5 LLFs_A,16:00-19:00 (weekdays) (default),1.006,1.124,1.0476,1.043,10,p/kWh
dno_data_enhanced/sepd---schedule-of-charges-and-other-tables-embedded-networks-april-2023_v1.4.xlsx,SSEN Southern,20.0,2023,AMBER,Annex 5 LLFs_A,"07:00-16:00, 19:00-23:00 (weekdays) (default)",1.004,1.087,1.0352,1.032,10,p/kWh
dno_data_enhanced/sepd---schedule-of-charges-and-other-tables-embedded-networks-april-2023_v1.4.xlsx,SSEN Southern,20.0,2023,GREEN,Annex 5 LLFs_A,"23:00-07:00 (all days), all day (weekends) (default)",1.005,1.108,1.0428,1.039,10,p/kWh
dno_data_enhanced/sepd---schedule-of-charges-and-other-tables-embedded-networks-april-2023_v1.4.xlsx,SSEN Southern,20.0,2023,RED,Annex 5 LLFs_J,16:00-19:00 (weekdays) (default),1.004,1.078,1.0328571428571427,1.029,7,p/kWh
dno_data_enhanced/sepd---schedule-of-charges-and-other-tables-embedded-networks-april-2023_v1.4.xlsx,SSEN Southern,20.0,2023,AMBER,Annex 5 LLFs_J,"07:00-16:00, 19:00-23:00 (weekdays) (default)",1.005,1.084,1.0352857142857144,1.031,7,p/kWh
dno_data_enhanced/sepd---schedule-of-charges-and-other-tables-embedded-networks-april-2023_v1.4.xlsx,SSEN Southern,20.0,2023,GREEN,Annex 5 LLFs_J,"23:00-07:00 (all days), all day (weekends) (default)",1.004,1.071,1.0305714285714285,1.027,7,p/kWh
dno_data_enhanced/sepd---schedule-of-charges-and-other-tables-embedded-networks-april-2023_v1.4.xlsx,SSEN Southern,20.0,2023,RED,Annex 7 Pass-Through Costs_A,16:00-19:00 (weekdays) (default),0.0881783189747804,0.0881783189747804,0.0881783189747804,0.0881783189747804,8,p/kWh
dno_data_enhanced/sepd---schedule-of-charges-and-other-tables-embedded-networks-april-2023_v1.4.xlsx,SSEN Southern,20.0,2023,AMBER,Annex 7 Pass-Through Costs_A,"07:00-16:00, 19:00-23:00 (weekdays) (default)",2.4865809948554785,2.4865809948554785,2.4865809948554785,2.4865809948554785,8,p/kWh
dno_data_enhanced/sepd---schedule-of-charges-and-other-tables-embedded-networks-april-2023_v1.4.xlsx,SSEN Southern,20.0,2023,GREEN,Annex 7 Pass-Through Costs_A,"23:00-07:00 (all days), all day (weekends) (default)",0.141389535646003,0.141389535646012,0.1413895356460077,0.141389535646008,158,p/kWh
dno_data_enhanced/sepd---schedule-of-charges-and-other-tables-embedded-networks-april-2023_v1.4.xlsx,SSEN Southern,20.0,2023,RED,Annex 7 Pass-Through Costs_B,16:00-19:00 (weekdays) (default),0.0983107319940659,0.0983107319940659,0.0983107319940659,0.0983107319940659,8,p/kWh
dno_data_enhanced/sepd---schedule-of-charges-and-other-tables-embedded-networks-april-2023_v1.4.xlsx,SSEN Southern,20.0,2023,AMBER,Annex 7 Pass-Through Costs_B,"07:00-16:00, 19:00-23:00 (weekdays) (default)",2.481689268005934,2.481689268005934,2.481689268005934,2.481689268005934,8,p/kWh
dno_data_enhanced/sepd---schedule-of-charges-and-other-tables-embedded-networks-april-2023_v1.4.xlsx,SSEN Southern,20.0,2023,GREEN,Annex 7 Pass-Through Costs_B,"23:00-07:00 (all days), all day (weekends) (default)",0.2199239999818646,0.2199239999818646,0.2199239999818646,0.2199239999818646,158,p/kWh
dno_data_enhanced/sepd---schedule-of-charges-and-other-tables-embedded-networks-april-2023_v1.4.xlsx,SSEN Southern,20.0,2023,RED,Annex 7 Pass-Through Costs_C,16:00-19:00 (weekdays) (default),0.091439398131566,0.091439398131566,0.091439398131566,0.091439398131566,8,p/kWh
dno_data_enhanced/sepd---schedule-of-charges-and-other-tables-embedded-networks-april-2023_v1.4.xlsx,SSEN Southern,20.0,2023,AMBER,Annex 7 Pass-Through Costs_C,"07:00-16:00, 19:00-23:00 (weekdays) (default)",2.589735774765597,2.589735774765597,2.589735774765597,2.589735774765597,8,p/kWh
dno_data_enhanced/sepd---schedule-of-charges-and-other-tables-embedded-networks-april-2023_v1.4.xlsx,SSEN Southern,20.0,2023,GREEN,Annex 7 Pass-Through Costs_C,"23:00-07:00 (all days), all day (weekends) (default)",0.1231584721867872,0.1231584721867872,0.1231584721867872,0.1231584721867872,158,p/kWh
dno_data_enhanced/sepd---schedule-of-charges-and-other-tables-embedded-networks-april-2023_v1.4.xlsx,SSEN Southern,20.0,2023,RED,Annex 7 Pass-Through Costs_D,16:00-19:00 (weekdays) (default),0.1422086505510654,0.1422086505510654,0.1422086505510654,0.1422086505510654,8,p/kWh
dno_data_enhanced/sepd---schedule-of-charges-and-other-tables-embedded-networks-april-2023_v1.4.xlsx,SSEN Southern,20.0,2023,AMBER,Annex 7 Pass-Through Costs_D,"07:00-16:00, 19:00-23:00 (weekdays) (default)",2.57,2.57,2.57,2.57,8,p/kWh
dno_data_enhanced/sepd---schedule-of-charges-and-other-tables-embedded-networks-april-2023_v1.4.xlsx,SSEN Southern,20.0,2023,GREEN,Annex 7 Pass-Through Costs_D,"23:00-07:00 (all days), all day (weekends) (default)",0.1907554719631741,0.1907554719631741,0.1907554719631741,0.1907554719631741,158,p/kWh
dno_data_enhanced/sepd---schedule-of-charges-and-other-tables-embedded-networks-april-2023_v1.4.xlsx,SSEN Southern,20.0,2023,RED,Annex 7 Pass-Through Costs_E,16:00-19:00 (weekdays) (default),0.1002710744371464,0.1002710744371464,0.1002710744371464,0.1002710744371464,8,p/kWh
dno_data_enhanced/sepd---schedule-of-charges-and-other-tables-embedded-networks-april-2023_v1.4.xlsx,SSEN Southern,20.0,2023,AMBER,Annex 7 Pass-Through Costs_E,"07:00-16:00, 19:00-23:00 (weekdays) (default)",2.5197289255628537,2.5197289255628537,2.5197289255628537,2.5197289255628537,8,p/kWh
dno_data_enhanced/sepd---schedule-of-charges-and-other-tables-embedded-networks-april-2023_v1.4.xlsx,SSEN Southern,20.0,2023,GREEN,Annex 7 Pass-Through Costs_E,"23:00-07:00 (all days), all day (weekends) (default)",0.155722795615362,0.155722795615362,0.155722795615362,0.155722795615362,158,p/kWh
dno_data_enhanced/sepd---schedule-of-charges-and-other-tables-embedded-networks-april-2023_v1.4.xlsx,SSEN Southern,20.0,2023,RED,Annex 7 Pass-Through Costs_G,16:00-19:00 (weekdays) (default),0.1330312723094033,0.1330312723094033,0.1330312723094033,0.1330312723094033,8,p/kWh
dno_data_enhanced/sepd---schedule-of-charges-and-other-tables-embedded-networks-april-2023_v1.4.xlsx,SSEN Southern,20.0,2023,AMBER,Annex 7 Pass-Through Costs_G,"07:00-16:00, 19:00-23:00 (weekdays) (default)",2.58,2.58,2.58,2.58,8,p/kWh
dno_data_enhanced/sepd---schedule-of-charges-and-other-tables-embedded-networks-april-2023_v1.4.xlsx,SSEN Southern,20.0,2023,GREEN,Annex 7 Pass-Through Costs_G,"23:00-07:00 (all days), all day (weekends) (default)",0.1116743494586706,0.1116743494586706,0.1116743494586706,0.1116743494586706,158,p/kWh
dno_data_enhanced/sepd---schedule-of-charges-and-other-tables-embedded-networks-april-2023_v1.4.xlsx,SSEN Southern,20.0,2023,RED,Annex 7 Pass-Through Costs_J,16:00-19:00 (weekdays) (default),0.0893232200215115,0.0893232200215115,0.0893232200215115,0.0893232200215115,8,p/kWh
dno_data_enhanced/sepd---schedule-of-charges-and-other-tables-embedded-networks-april-2023_v1.4.xlsx,SSEN Southern,20.0,2023,AMBER,Annex 7 Pass-Through Costs_J,"07:00-16:00, 19:00-23:00 (weekdays) (default)",2.5283077865601853,2.5283077865601853,2.5283077865601853,2.5283077865601853,8,p/kWh
dno_data_enhanced/sepd---schedule-of-charges-and-other-tables-embedded-networks-april-2023_v1.4.xlsx,SSEN Southern,20.0,2023,GREEN,Annex 7 Pass-Through Costs_J,"23:00-07:00 (all days), all day (weekends) (default)",0.2028821673031866,0.202882167303239,0.2028821673032128,0.202882167303213,158,p/kWh
dno_data_enhanced/sepd---schedule-of-charges-and-other-tables-embedded-networks-april-2023_v1.4.xlsx,SSEN Southern,20.0,2023,RED,Annex 7 Pass-Through Costs_K,16:00-19:00 (weekdays) (default),0.1031588314988267,0.1031588314988267,0.1031588314988267,0.1031588314988267,8,p/kWh
dno_data_enhanced/sepd---schedule-of-charges-and-other-tables-embedded-networks-april-2023_v1.4.xlsx,SSEN Southern,20.0,2023,AMBER,Annex 7 Pass-Through Costs_K,"07:00-16:00, 19:00-23:00 (weekdays) (default)",2.5968411685011734,2.5968411685011734,2.5968411685011734,2.5968411685011734,8,p/kWh
dno_data_enhanced/sepd---schedule-of-charges-and-other-tables-embedded-networks-april-2023_v1.4.xlsx,SSEN Southern,20.0,2023,GREEN,Annex 7 Pass-Through Costs_K,"23:00-07:00 (all days), all day (weekends) (default)",0.1857981507573095,0.1857981507573095,0.1857981507573095,0.1857981507573095,158,p/kWh
dno_data_enhanced/sepd---schedule-of-charges-and-other-tables-embedded-networks-april-2023_v1.4.xlsx,SSEN Southern,20.0,2023,RED,Annex 7 Pass-Through Costs_L,16:00-19:00 (weekdays) (default),0.1025362667019087,0.1025362667019087,0.1025362667019087,0.1025362667019087,8,p/kWh
dno_data_enhanced/sepd---schedule-of-charges-and-other-tables-embedded-networks-april-2023_v1.4.xlsx,SSEN Southern,20.0,2023,AMBER,Annex 7 Pass-Through Costs_L,"07:00-16:00, 19:00-23:00 (weekdays) (default)",2.587463733298091,2.587463733298091,2.587463733298091,2.587463733298091,8,p/kWh
dno_data_enhanced/sepd---schedule-of-charges-and-other-tables-embedded-networks-april-2023_v1.4.xlsx,SSEN Southern,20.0,2023,GREEN,Annex 7 Pass-Through Costs_L,"23:00-07:00 (all days), all day (weekends) (default)",0.2691698578482111,0.2691698578482111,0.2691698578482111,0.2691698578482111,158,p/kWh
dno_data_enhanced/sepd---schedule-of-charges-and-other-tables-embedded-networks-april-2023_v1.4.xlsx,SSEN Southern,20.0,2023,RED,Nodal prices_A,16:00-19:00 (weekdays) (default),1.3727196183589685,1.373749967136793,1.3732347927478807,1.373749967136793,2,p/kWh
dno_data_enhanced/sepd---schedule-of-charges-and-other-tables-embedded-networks-april-2023_v1.4.xlsx,SSEN Southern,20.0,2023,GREEN,Nodal prices_A,"23:00-07:00 (all days), all day (weekends) (default)",0.6402767441296138,4.669274794287414,1.5940572409848193,1.1300143140528096,6,p/kWh
dno_data_enhanced/sepd---schedule-of-charges-and-other-tables-embedded-networks-april-2023_v1.4.xlsx,SSEN Southern,20.0,2023,GREEN,Nodal prices_C,"23:00-07:00 (all days), all day (weekends) (default)",1.60713650644582e-06,2.0869172701892382,1.0434594386628724,2.0869172701892382,2,p/kWh
dno_data_enhanced/sepd---schedule-of-charges-and-other-tables-embedded-networks-april-2023_v1.4.xlsx,SSEN Southern,20.0,2023,GREEN,Nodal prices_D,"23:00-07:00 (all days), all day (weekends) (default)",1.85631198119155,4.88888941156105,2.925332194496085,3.0,16,p/kWh
dno_data_enhanced/sepd---schedule-of-charges-and-other-tables-embedded-networks-april-2023_v1.4.xlsx,SSEN Southern,20.0,2023,RED,Nodal prices_F,16:00-19:00 (weekdays) (default),0.378668954618,1.04174950839,0.7102092315040001,1.04174950839,2,p/kWh
dno_data_enhanced/sepd---schedule-of-charges-and-other-tables-embedded-networks-april-2023_v1.4.xlsx,SSEN Southern,20.0,2023,AMBER,Nodal prices_F,"07:00-16:00, 19:00-23:00 (weekdays) (default)",0.179642387209,0.229060465788,0.2043514264985,0.229060465788,2,p/kWh
dno_data_enhanced/sepd---schedule-of-charges-and-other-tables-embedded-networks-april-2023_v1.4.xlsx,SSEN Southern,20.0,2023,GREEN,Nodal prices_F,"23:00-07:00 (all days), all day (weekends) (default)",0.163590292992,1.83312849267,0.635800787838,0.328195723558,4,p/kWh
dno_data_enhanced/sepd---schedule-of-charges-and-other-tables-embedded-networks-april-2023_v1.4.xlsx,SSEN Southern,20.0,2023,RED,Nodal prices_G,16:00-19:00 (weekdays) (default),0.34,5.08,2.6295238095238096,2.99,42,p/kWh
dno_data_enhanced/sepd---schedule-of-charges-and-other-tables-embedded-networks-april-2023_v1.4.xlsx,SSEN Southern,20.0,2023,AMBER,Nodal prices_G,"07:00-16:00, 19:00-23:00 (weekdays) (default)",0.52,12.4,2.5376190476190477,1.66,21,p/kWh
dno_data_enhanced/sepd---schedule-of-charges-and-other-tables-embedded-networks-april-2023_v1.4.xlsx,SSEN Southern,20.0,2023,GREEN,Nodal prices_G,"23:00-07:00 (all days), all day (weekends) (default)",0.52,15.25,4.403611111111111,3.84,72,p/kWh
dno_data_enhanced/sepd---schedule-of-charges-and-other-tables-embedded-networks-april-2023_v1.4.xlsx,SSEN Southern,20.0,2023,RED,Nodal prices_J,16:00-19:00 (weekdays) (default),1.705694217123518,1.705694217123518,1.705694217123518,1.705694217123518,2,p/kWh
dno_data_enhanced/sepd---schedule-of-charges-and-other-tables-embedded-networks-april-2023_v1.4.xlsx,SSEN Southern,20.0,2023,GREEN,Nodal prices_J,"23:00-07:00 (all days), all day (weekends) (default)",0.0427964826782857,1.9223010737255144,1.058667308147244,1.2522780845489458,4,p/kWh
dno_data_enhanced/sepd---schedule-of-charges-and-other-tables-embedded-networks-april-2023_v1.4.xlsx,SSEN Southern,20.0,2023,RED,Nodal prices_K,16:00-19:00 (weekdays) (default),0.1379197315804305,6.323312449266765,1.8291178959533363,0.4631034640649668,4,p/kWh
dno_data_enhanced/sepd---schedule-of-charges-and-other-tables-embedded-networks-april-2023_v1.4.xlsx,SSEN Southern,20.0,2023,RED,Nodal prices_L,16:00-19:00 (weekdays) (default),0.1559477559424647,16.26750579028373,7.518440865738714,5.511622417402568,5,p/kWh
dno_data_enhanced/sepd---schedule-of-charges-and-other-tables-embedded-networks-april-2023_v1.4.xlsx,SSEN Southern,20.0,2023,RED,Nodal prices_M,16:00-19:00 (weekdays) (default),0.284404807548,2.1373266664,1.30573972441575,2.09824758366,4,p/kWh
dno_data_enhanced/sepd---schedule-of-charges-and-other-tables-embedded-networks-april-2023_v1.4.xlsx,SSEN Southern,20.0,2023,GREEN,Nodal prices_M,"23:00-07:00 (all days), all day (weekends) (default)",0.00782559593853,2.2437429044700004,0.5702483915167526,0.5178099326860001,12,p/kWh
dno_data_enhanced/EDCM-LRIC_v11_20231106.xlsx,Unknown,,2023,RED,Fixed inputs,16:00-19:00 (weekdays) (default),3.0,3.0,3.0,3.0,1,p/kWh
dno_data_enhanced/EDCM-LRIC_v11_20231106.xlsx,Unknown,,2023,RED,Residual charge,16:00-19:00 (weekdays) (default),1.0,1.0,1.0,1.0,9,p/kWh
dno_data_enhanced/EDCM-LRIC_v11_20231106.xlsx,Unknown,,2023,AMBER,Residual charge,"07:00-16:00, 19:00-23:00 (weekdays) (default)",1.0,2.0,1.5555555555555556,2.0,9,p/kWh
dno_data_enhanced/EDCM-LRIC_v11_20231106.xlsx,Unknown,,2023,GREEN,Residual charge,"23:00-07:00 (all days), all day (weekends) (default)",1.0,3.0,2.111111111111111,2.0,9,p/kWh
dno_data_enhanced/SWEB-Schedule of charges and other tables-2023 V.0.1 for publishing.xlsx,National Grid South West,22.0,2023,RED,"Annex 1 LV, HV and UMS charges",16:00-19:00 (weekdays) (default),0.044,16.367,5.706333333333333,0.708,15,p/kWh
dno_data_enhanced/SWEB-Schedule of charges and other tables-2023 V.0.1 for publishing.xlsx,National Grid South West,22.0,2023,GREEN,"Annex 1 LV, HV and UMS charges","23:00-07:00 (all days), all day (weekends) (default)",0.044,18.68,8.627260869565218,0.708,23,p/kWh
dno_data_enhanced/SWEB-Schedule of charges and other tables-2023 V.0.1 for publishing.xlsx,National Grid South West,22.0,2023,RED,Annex 4 LDNO charges,16:00-19:00 (weekdays) (default),0.027,10.179,3.548666666666667,0.44,15,p/kWh
dno_data_enhanced/SWEB-Schedule of charges and other tables-2023 V.0.1 for publishing.xlsx,National Grid South West,22.0,2023,GREEN,Annex 4 LDNO charges,"23:00-07:00 (all days), all day (weekends) (default)",0.027,11.76,5.402478260869565,0.44,23,p/kWh
dno_data_enhanced/SWEB-Schedule of charges and other tables-2023 V.0.1 for publishing.xlsx,National Grid South West,22.0,2023,RED,Nodal prices,16:00-19:00 (weekdays) (default),0.1559477559424647,16.26750579028373,7.518440865738714,5.511622417402568,5,p/kWh
dno_data_enhanced/sepd_cdcm_v10_20231106_25-26_final.xlsx,SSEN Southern,20.0,2023,RED,Inputs by network level,16:00-19:00 (weekdays) (default),0.0428905954574436,1.0,0.4797695298842342,0.6485728761641265,6,p/kWh
dno_data_enhanced/sepd_cdcm_v10_20231106_25-26_final.xlsx,SSEN Southern,20.0,2023,AMBER,Inputs by network level,"07:00-16:00, 19:00-23:00 (weekdays) (default)",0.0267725315446732,1.027,0.4176901344322924,0.37,7,p/kWh
dno_data_enhanced/sepd_cdcm_v10_20231106_25-26_final.xlsx,SSEN Southern,20.0,2023,GREEN,Inputs by network level,"23:00-07:00 (all days), all day (weekends) (default)",0.0267725315446732,1.043,0.4283051568376745,0.402787597651692,6,p/kWh
dno_data_enhanced/sepd_cdcm_v10_20231106_25-26_final.xlsx,SSEN Southern,20.0,2023,RED,Load & loss characteristics,16:00-19:00 (weekdays) (default),1.089,1.089,1.089,1.089,1,p/kWh
dno_data_enhanced/sepd_cdcm_v10_20231106_25-26_final.xlsx,SSEN Southern,20.0,2023,RED,Pseudo-load coefficients,16:00-19:00 (weekdays) (default),8.251769525543388,8.251769525543388,8.251769525543388,8.251769525543388,1,p/kWh
dno_data_enhanced/sepd_cdcm_v10_20231106_25-26_final.xlsx,SSEN Southern,20.0,2023,GREEN,Pseudo-load coefficients,"23:00-07:00 (all days), all day (weekends) (default)",9.692234128621736,9.692234128621736,9.692234128621736,9.692234128621736,1,p/kWh
dno_data_enhanced/sepd_cdcm_v10_20231106_25-26_final.xlsx,SSEN Southern,20.0,2023,RED,Revenue matching,16:00-19:00 (weekdays) (default),1.0,1.0,1.0,1.0,7,p/kWh
dno_data_enhanced/enwl---schedule-of-charges-and-other-tables--2023-final-v2.xlsx,Electricity North West,16.0,2023,RED,"Annex 1 LV, HV and UMS charges",16:00-19:00 (weekdays) (default),0.19,10.266,4.197333333333334,2.136,15,p/kWh
dno_data_enhanced/enwl---schedule-of-charges-and-other-tables--2023-final-v2.xlsx,Electricity North West,16.0,2023,GREEN,"Annex 1 LV, HV and UMS charges","23:00-07:00 (all days), all day (weekends) (default)",0.19,14.89,6.722869565217391,2.136,23,p/kWh
dno_data_enhanced/enwl---schedule-of-charges-and-other-tables--2023-final-v2.xlsx,Electricity North West,16.0,2023,RED,Annex 4 LDNO charges,16:00-19:00 (weekdays) (default),0.124,6.684,2.732666666666667,1.39,15,p/kWh
dno_data_enhanced/enwl---schedule-of-charges-and-other-tables--2023-final-v2.xlsx,Electricity North West,16.0,2023,GREEN,Annex 4 LDNO charges,"23:00-07:00 (all days), all day (weekends) (default)",0.124,10.68,4.634086956521739,1.39,23,p/kWh
dno_data_enhanced/enwl---schedule-of-charges-and-other-tables--2023-final-v2.xlsx,Electricity North West,16.0,2023,RED,Annex 5 LLFs,16:00-19:00 (weekdays) (default),0.93,1.083,1.0014418604651163,1.0,172,p/kWh
dno_data_enhanced/enwl---schedule-of-charges-and-other-tables--2023-final-v2.xlsx,Electricity North West,16.0,2023,AMBER,Annex 5 LLFs,"07:00-16:00, 19:00-23:00 (weekdays) (default)",0.93,1.077,1.0013662790697673,1.0,172,p/kWh
dno_data_enhanced/enwl---schedule-of-charges-and-other-tables--2023-final-v2.xlsx,Electricity North West,16.0,2023,GREEN,Annex 5 LLFs,"23:00-07:00 (all days), all day (weekends) (default)",0.93,1.072,1.0012848837209305,1.0,172,p/kWh
dno_data_enhanced/enwl---schedule-of-charges-and-other-tables--2023-final-v2.xlsx,Electricity North West,16.0,2023,RED,Annex 7 Pass-Through Costs,16:00-19:00 (weekdays) (default),0.1330312723094033,0.1330312723094033,0.1330312723094033,0.1330312723094033,8,p/kWh
dno_data_enhanced/enwl---schedule-of-charges-and-other-tables--2023-final-v2.xlsx,Electricity North West,16.0,2023,AMBER,Annex 7 Pass-Through Costs,"07:00-16:00, 19:00-23:00 (weekdays) (default)",2.58,2.58,2.58,2.58,8,p/kWh
dno_data_enhanced/enwl---schedule-of-charges-and-other-tables--2023-final-v2.xlsx,Electricity North West,16.0,2023,GREEN,Annex 7 Pass-Through Costs,"23:00-07:00 (all days), all day (weekends) (default)",0.1116743494586706,0.1116743494586706,0.1116743494586706,0.1116743494586706,158,p/kWh
dno_data_enhanced/enwl---schedule-of-charges-and-other-tables--2023-final-v2.xlsx,Electricity North West,16.0,2023,RED,Nodal prices,16:00-19:00 (weekdays) (default),0.34,5.08,2.6295238095238096,2.99,42,p/kWh
dno_data_enhanced/enwl---schedule-of-charges-and-other-tables--2023-final-v2.xlsx,Electricity North West,16.0,2023,AMBER,Nodal prices,"07:00-16:00, 19:00-23:00 (weekdays) (default)",0.52,12.4,2.5376190476190477,1.66,21,p/kWh
dno_data_enhanced/enwl---schedule-of-charges-and-other-tables--2023-final-v2.xlsx,Electricity North West,16.0,2023,GREEN,Nodal prices,"23:00-07:00 (all days), all day (weekends) (default)",0.52,15.25,4.403611111111111,3.84,72,p/kWh
dno_data_enhanced/shepd_schedule-of-charges-and-other-tables-embedded-networks_-april-2023_v1.1_issued.xlsx,SSEN Hydro,17.0,2023,RED,"Annex 1 LV, HV & UMS charges_N",16:00-19:00 (weekdays) (default),0.016,7.778,2.694210526315789,0.844,19,p/kWh
dno_data_enhanced/shepd_schedule-of-charges-and-other-tables-embedded-networks_-april-2023_v1.1_issued.xlsx,SSEN Hydro,17.0,2023,GREEN,"Annex 1 LV, HV & UMS charges_N","23:00-07:00 (all days), all day (weekends) (default)",0.016,24.42,8.285652173913045,0.844,23,p/kWh
dno_data_enhanced/shepd_schedule-of-charges-and-other-tables-embedded-networks_-april-2023_v1.1_issued.xlsx,SSEN Hydro,17.0,2023,RED,Annex 4 LDNO charges_N,16:00-19:00 (weekdays) (default),0.01,4.717,1.746333333333333,0.512,15,p/kWh
dno_data_enhanced/shepd_schedule-of-charges-and-other-tables-embedded-networks_-april-2023_v1.1_issued.xlsx,SSEN Hydro,17.0,2023,GREEN,Annex 4 LDNO charges_N,"23:00-07:00 (all days), all day (weekends) (default)",0.01,15.91,5.312043478260869,0.512,23,p/kWh
dno_data_enhanced/shepd_schedule-of-charges-and-other-tables-embedded-networks_-april-2023_v1.1_issued.xlsx,SSEN Hydro,17.0,2023,RED,Annex 7 Pass-Through Costs_N,16:00-19:00 (weekdays) (default),0.1394326509726414,0.1394326509726414,0.1394326509726414,0.1394326509726414,8,p/kWh
dno_data_enhanced/shepd_schedule-of-charges-and-other-tables-embedded-networks_-april-2023_v1.1_issued.xlsx,SSEN Hydro,17.0,2023,AMBER,Annex 7 Pass-Through Costs_N,"07:00-16:00, 19:00-23:00 (weekdays) (default)",2.49,2.49,2.49,2.49,8,p/kWh
dno_data_enhanced/shepd_schedule-of-charges-and-other-tables-embedded-networks_-april-2023_v1.1_issued.xlsx,SSEN Hydro,17.0,2023,GREEN,Annex 7 Pass-Through Costs_N,"23:00-07:00 (all days), all day (weekends) (default)",0.1557507084652232,0.1557507084652232,0.1557507084652232,0.1557507084652232,158,p/kWh
dno_data_enhanced/shepd_schedule-of-charges-and-other-tables-embedded-networks_-april-2023_v1.1_issued.xlsx,SSEN Hydro,17.0,2023,RED,Nodal prices_N,16:00-19:00 (weekdays) (default),2.0,3.22677683781388,2.61338841890694,3.22677683781388,2,p/kWh
dno_data_enhanced/shepd_schedule-of-charges-and-other-tables-embedded-networks_-april-2023_v1.1_issued.xlsx,SSEN Hydro,17.0,2023,GREEN,Nodal prices_N,"23:00-07:00 (all days), all day (weekends) (default)",3.0,3.0,3.0,3.0,2,p/kWh
dno_data_enhanced/Northern Powergrid (Northeast) - 2023-24 CDCM Model v0.2.xlsx,Northern Powergrid Northeast,23.0,2023,RED,Inputs by network level,16:00-19:00 (weekdays) (default),0.010396435741923,1.0,0.4680342608475288,0.2329859315108876,7,p/kWh
dno_data_enhanced/Northern Powergrid (Northeast) - 2023-24 CDCM Model v0.2.xlsx,Northern Powergrid Northeast,23.0,2023,AMBER,Inputs by network level,"07:00-16:00, 19:00-23:00 (weekdays) (default)",0.001,1.004,0.282076319431092,0.1506470676714619,11,p/kWh
dno_data_enhanced/Northern Powergrid (Northeast) - 2023-24 CDCM Model v0.2.xlsx,Northern Powergrid Northeast,23.0,2023,GREEN,Inputs by network level,"23:00-07:00 (all days), all day (weekends) (default)",0.002,1.006,0.2850362872185389,0.124214722783911,10,p/kWh
dno_data_enhanced/Northern Powergrid (Northeast) - 2023-24 CDCM Model v0.2.xlsx,Northern Powergrid Northeast,23.0,2023,RED,Load & loss characteristics,16:00-19:00 (weekdays) (default),1.083,1.083,1.083,1.083,1,p/kWh
dno_data_enhanced/Northern Powergrid (Northeast) - 2023-24 CDCM Model v0.2.xlsx,Northern Powergrid Northeast,23.0,2023,RED,Customer contributions,16:00-19:00 (weekdays) (default),0.001,1.0,0.1679166666666667,0.001,24,p/kWh
dno_data_enhanced/Northern Powergrid (Northeast) - 2023-24 CDCM Model v0.2.xlsx,Northern Powergrid Northeast,23.0,2023,AMBER,Customer contributions,"07:00-16:00, 19:00-23:00 (weekdays) (default)",0.002,1.0,0.3158620689655173,0.002,29,p/kWh
dno_data_enhanced/Northern Powergrid (Northeast) - 2023-24 CDCM Model v0.2.xlsx,Northern Powergrid Northeast,23.0,2023,GREEN,Customer contributions,"23:00-07:00 (all days), all day (weekends) (default)",0.031,0.087,0.045,0.031,20,p/kWh
dno_data_enhanced/Northern Powergrid (Northeast) - 2023-24 CDCM Model v0.2.xlsx,Northern Powergrid Northeast,23.0,2023,RED,Pseudo-load coefficients,16:00-19:00 (weekdays) (default),6.8355509578532,6.8355509578532,6.8355509578532,6.8355509578532,1,p/kWh
dno_data_enhanced/Northern Powergrid (Northeast) - 2023-24 CDCM Model v0.2.xlsx,Northern Powergrid Northeast,23.0,2023,GREEN,Pseudo-load coefficients,"23:00-07:00 (all days), all day (weekends) (default)",8.681112168549276,8.681112168549276,8.681112168549276,8.681112168549276,1,p/kWh
dno_data_enhanced/Northern Powergrid (Northeast) - 2023-24 CDCM Model v0.2.xlsx,Northern Powergrid Northeast,23.0,2023,RED,Revenue matching,16:00-19:00 (weekdays) (default),1.0,1.0,1.0,1.0,7,p/kWh
dno_data_enhanced/Northern Powergrid (Yorkshire) - 2023-24 CDCM Model v0.2.xlsx,Northern Powergrid Yorkshire,15.0,2023,RED,Inputs by network level,16:00-19:00 (weekdays) (default),0.0658573645766288,1.0,0.3966229907881583,0.4068135871067294,7,p/kWh
dno_data_enhanced/Northern Powergrid (Yorkshire) - 2023-24 CDCM Model v0.2.xlsx,Northern Powergrid Yorkshire,15.0,2023,AMBER,Inputs by network level,"07:00-16:00, 19:00-23:00 (weekdays) (default)",0.001,1.006,0.2613040071167661,0.1144471341031254,11,p/kWh
dno_data_enhanced/Northern Powergrid (Yorkshire) - 2023-24 CDCM Model v0.2.xlsx,Northern Powergrid Yorkshire,15.0,2023,GREEN,Inputs by network level,"23:00-07:00 (all days), all day (weekends) (default)",0.002,1.009,0.2728737846637352,0.1461976834428785,10,p/kWh
dno_data_enhanced/Northern Powergrid (Yorkshire) - 2023-24 CDCM Model v0.2.xlsx,Northern Powergrid Yorkshire,15.0,2023,RED,Load & loss characteristics,16:00-19:00 (weekdays) (default),1.121,1.121,1.121,1.121,1,p/kWh
dno_data_enhanced/Northern Powergrid (Yorkshire) - 2023-24 CDCM Model v0.2.xlsx,Northern Powergrid Yorkshire,15.0,2023,RED,Customer contributions,16:00-19:00 (weekdays) (default),0.001,1.0,0.1679166666666667,0.001,24,p/kWh
dno_data_enhanced/Northern Powergrid (Yorkshire) - 2023-24 CDCM Model v0.2.xlsx,Northern Powergrid Yorkshire,15.0,2023,AMBER,Customer contributions,"07:00-16:00, 19:00-23:00 (weekdays) (default)",0.002,1.0,0.3158620689655173,0.002,29,p/kWh
dno_data_enhanced/Northern Powergrid (Yorkshire) - 2023-24 CDCM Model v0.2.xlsx,Northern Powergrid Yorkshire,15.0,2023,GREEN,Customer contributions,"23:00-07:00 (all days), all day (weekends) (default)",0.031,0.087,0.045,0.031,20,p/kWh
dno_data_enhanced/Northern Powergrid (Yorkshire) - 2023-24 CDCM Model v0.2.xlsx,Northern Powergrid Yorkshire,15.0,2023,RED,Pseudo-load coefficients,16:00-19:00 (weekdays) (default),5.060679339012259,5.060679339012259,5.060679339012259,5.060679339012259,1,p/kWh
dno_data_enhanced/Northern Powergrid (Yorkshire) - 2023-24 CDCM Model v0.2.xlsx,Northern Powergrid Yorkshire,15.0,2023,GREEN,Pseudo-load coefficients,"23:00-07:00 (all days), all day (weekends) (default)",5.090174022432286,5.090174022432286,5.090174022432286,5.090174022432286,1,p/kWh
dno_data_enhanced/Northern Powergrid (Yorkshire) - 2023-24 CDCM Model v0.2.xlsx,Northern Powergrid Yorkshire,15.0,2023,RED,Revenue matching,16:00-19:00 (weekdays) (default),1.0,1.0,1.0,1.0,7,p/kWh
dno_data_enhanced/Northern Powergrid (Yorkshire) - 2023-24 Schedule of charges and other tables v0.3.xlsx,Northern Powergrid Yorkshire,15.0,2023,RED,"Annex 1 LV, HV and UMS charges",16:00-19:00 (weekdays) (default),0.161,4.224,1.8734210526315789,1.134,19,p/kWh
dno_data_enhanced/Northern Powergrid (Yorkshire) - 2023-24 Schedule of charges and other tables v0.3.xlsx,Northern Powergrid Yorkshire,15.0,2023,GREEN,"Annex 1 LV, HV and UMS charges","23:00-07:00 (all days), all day (weekends) (default)",0.161,18.78,6.1552173913043475,1.134,23,p/kWh
dno_data_enhanced/Northern Powergrid (Yorkshire) - 2023-24 Schedule of charges and other tables v0.3.xlsx,Northern Powergrid Yorkshire,15.0,2023,RED,Annex 4 LDNO charges,16:00-19:00 (weekdays) (default),0.097,2.534,1.2923684210526316,0.68,19,p/kWh
dno_data_enhanced/Northern Powergrid (Yorkshire) - 2023-24 Schedule of charges and other tables v0.3.xlsx,Northern Powergrid Yorkshire,15.0,2023,GREEN,Annex 4 LDNO charges,"23:00-07:00 (all days), all day (weekends) (default)",0.097,12.39,3.9857391304347822,0.68,23,p/kWh
dno_data_enhanced/Northern Powergrid (Yorkshire) - 2023-24 Schedule of charges and other tables v0.3.xlsx,Northern Powergrid Yorkshire,15.0,2023,RED,Annex 5 LLFs,16:00-19:00 (weekdays) (default),0.968,1.538,1.0166432432432433,1.005,185,p/kWh
dno_data_enhanced/Northern Powergrid (Yorkshire) - 2023-24 Schedule of charges and other tables v0.3.xlsx,Northern Powergrid Yorkshire,15.0,2023,AMBER,Annex 5 LLFs,"07:00-16:00, 19:00-23:00 (weekdays) (default)",0.964,1.297,1.0139837837837835,1.005,185,p/kWh
dno_data_enhanced/Northern Powergrid (Yorkshire) - 2023-24 Schedule of charges and other tables v0.3.xlsx,Northern Powergrid Yorkshire,15.0,2023,GREEN,Annex 5 LLFs,"23:00-07:00 (all days), all day (weekends) (default)",0.942,1.318,1.013837837837838,1.004,185,p/kWh
dno_data_enhanced/Northern Powergrid (Yorkshire) - 2023-24 Schedule of charges and other tables v0.3.xlsx,Northern Powergrid Yorkshire,15.0,2023,RED,Nodal prices,16:00-19:00 (weekdays) (default),0.284404807548,2.1373266664,1.30573972441575,2.09824758366,4,p/kWh
dno_data_enhanced/Northern Powergrid (Yorkshire) - 2023-24 Schedule of charges and other tables v0.3.xlsx,Northern Powergrid Yorkshire,15.0,2023,GREEN,Nodal prices,"23:00-07:00 (all days), all day (weekends) (default)",0.00782559593853,2.2437429044700004,0.5702483915167526,0.5178099326860001,12,p/kWh
dno_data_enhanced/shepd_pcdm_v5_20231106_25-26_final.xlsx,SSEN Hydro,17.0,2023,RED,Fixed inputs,16:00-19:00 (weekdays) (default),1.0,1.0,1.0,1.0,7,p/kWh
dno_data_enhanced/shepd_pcdm_v5_20231106_25-26_final.xlsx,SSEN Hydro,17.0,2023,AMBER,Fixed inputs,"07:00-16:00, 19:00-23:00 (weekdays) (default)",1.0,1.0,1.0,1.0,6,p/kWh
dno_data_enhanced/shepd_pcdm_v5_20231106_25-26_final.xlsx,SSEN Hydro,17.0,2023,GREEN,Fixed inputs,"23:00-07:00 (all days), all day (weekends) (default)",1.0,1.0,1.0,1.0,5,p/kWh
dno_data_enhanced/shepd_pcdm_v5_20231106_25-26_final.xlsx,SSEN Hydro,17.0,2023,RED,MEAV,16:00-19:00 (weekdays) (default),0.652058806538461,0.652058806538461,0.652058806538461,0.652058806538461,1,p/kWh
dno_data_enhanced/shepd_pcdm_v5_20231106_25-26_final.xlsx,SSEN Hydro,17.0,2023,RED,Capitalised,16:00-19:00 (weekdays) (default),0.652058806538461,0.652058806538461,0.652058806538461,0.652058806538461,1,p/kWh
dno_data_enhanced/shepd_pcdm_v5_20231106_25-26_final.xlsx,SSEN Hydro,17.0,2023,RED,Rev allocation,16:00-19:00 (weekdays) (default),0.01079415057408,1.0,0.3641232514056706,0.2904295103384537,29,p/kWh
dno_data_enhanced/shepd_pcdm_v5_20231106_25-26_final.xlsx,SSEN Hydro,17.0,2023,AMBER,Rev allocation,"07:00-16:00, 19:00-23:00 (weekdays) (default)",0.3453115911156521,1.0,0.5579562548029355,0.4201154248905947,11,p/kWh
dno_data_enhanced/shepd_pcdm_v5_20231106_25-26_final.xlsx,SSEN Hydro,17.0,2023,GREEN,Rev allocation,"23:00-07:00 (all days), all day (weekends) (default)",0.1195314647336225,1.0,0.4719856203512912,0.2831617594975869,12,p/kWh
dno_data_enhanced/shepd_pcdm_v5_20231106_25-26_final.xlsx,SSEN Hydro,17.0,2023,RED,EDCM discounts,16:00-19:00 (weekdays) (default),0.01079415057408,1.0,0.3982433102869427,0.2904295103384537,12,p/kWh
dno_data_enhanced/shepd_pcdm_v5_20231106_25-26_final.xlsx,SSEN Hydro,17.0,2023,AMBER,EDCM discounts,"07:00-16:00, 19:00-23:00 (weekdays) (default)",0.6986170934763151,1.0,0.91092551185491,0.9400137607446766,24,p/kWh
dno_data_enhanced/shepd_pcdm_v5_20231106_25-26_final.xlsx,SSEN Hydro,17.0,2023,GREEN,EDCM discounts,"23:00-07:00 (all days), all day (weekends) (default)",0.4081875831378613,1.0,0.8071268408885642,0.9002489662962666,23,p/kWh
dno_data_enhanced/shepd---schedule-of-charges-and-other-tables-embedded-networks-april-2023_v1.3.xlsx,SSEN Hydro,17.0,2023,RED,"Annex 1 LV, HV & UMS charges_N",16:00-19:00 (weekdays) (default),0.016,7.778,2.694210526315789,0.844,19,p/kWh
dno_data_enhanced/shepd---schedule-of-charges-and-other-tables-embedded-networks-april-2023_v1.3.xlsx,SSEN Hydro,17.0,2023,GREEN,"Annex 1 LV, HV & UMS charges_N","23:00-07:00 (all days), all day (weekends) (default)",0.016,24.42,8.285652173913045,0.844,23,p/kWh
dno_data_enhanced/shepd---schedule-of-charges-and-other-tables-embedded-networks-april-2023_v1.3.xlsx,SSEN Hydro,17.0,2023,RED,Annex 4 LDNO charges_N,16:00-19:00 (weekdays) (default),0.01,4.717,1.746333333333333,0.512,15,p/kWh
dno_data_enhanced/shepd---schedule-of-charges-and-other-tables-embedded-networks-april-2023_v1.3.xlsx,SSEN Hydro,17.0,2023,GREEN,Annex 4 LDNO charges_N,"23:00-07:00 (all days), all day (weekends) (default)",0.01,15.91,5.312043478260869,0.512,23,p/kWh
dno_data_enhanced/shepd---schedule-of-charges-and-other-tables-embedded-networks-april-2023_v1.3.xlsx,SSEN Hydro,17.0,2023,RED,Annex 7 Pass-Through Costs_N,16:00-19:00 (weekdays) (default),0.1394326509726414,0.1394326509726414,0.1394326509726414,0.1394326509726414,8,p/kWh
dno_data_enhanced/shepd---schedule-of-charges-and-other-tables-embedded-networks-april-2023_v1.3.xlsx,SSEN Hydro,17.0,2023,AMBER,Annex 7 Pass-Through Costs_N,"07:00-16:00, 19:00-23:00 (weekdays) (default)",2.49,2.49,2.49,2.49,8,p/kWh
dno_data_enhanced/shepd---schedule-of-charges-and-other-tables-embedded-networks-april-2023_v1.3.xlsx,SSEN Hydro,17.0,2023,GREEN,Annex 7 Pass-Through Costs_N,"23:00-07:00 (all days), all day (weekends) (default)",0.1557507084652232,0.1557507084652232,0.1557507084652232,0.1557507084652232,158,p/kWh
dno_data_enhanced/shepd---schedule-of-charges-and-other-tables-embedded-networks-april-2023_v1.3.xlsx,SSEN Hydro,17.0,2023,RED,Nodal prices_N,16:00-19:00 (weekdays) (default),2.0,3.22677683781388,2.61338841890694,3.22677683781388,2,p/kWh
dno_data_enhanced/shepd---schedule-of-charges-and-other-tables-embedded-networks-april-2023_v1.3.xlsx,SSEN Hydro,17.0,2023,GREEN,Nodal prices_N,"23:00-07:00 (all days), all day (weekends) (default)",3.0,3.0,3.0,3.0,2,p/kWh
dno_data_enhanced/shepd_cdcm_v10_20231106_25-26_final.xlsx,SSEN Hydro,17.0,2023,RED,Inputs by network level,16:00-19:00 (weekdays) (default),0.069,1.0,0.339572723115457,0.2083333333333333,7,p/kWh
dno_data_enhanced/shepd_cdcm_v10_20231106_25-26_final.xlsx,SSEN Hydro,17.0,2023,AMBER,Inputs by network level,"07:00-16:00, 19:00-23:00 (weekdays) (default)",0.0973333333333333,1.037,0.4451012945440284,0.2996666666666667,7,p/kWh
dno_data_enhanced/shepd_cdcm_v10_20231106_25-26_final.xlsx,SSEN Hydro,17.0,2023,GREEN,Inputs by network level,"23:00-07:00 (all days), all day (weekends) (default)",0.0973333333333333,1.063,0.4201681769680332,0.2996666666666667,6,p/kWh
dno_data_enhanced/shepd_cdcm_v10_20231106_25-26_final.xlsx,SSEN Hydro,17.0,2023,RED,Load & loss characteristics,16:00-19:00 (weekdays) (default),1.093,1.093,1.093,1.093,1,p/kWh
dno_data_enhanced/shepd_cdcm_v10_20231106_25-26_final.xlsx,SSEN Hydro,17.0,2023,GREEN,Pseudo-load coefficients,"23:00-07:00 (all days), all day (weekends) (default)",2.3307790549169862,2.3307790549169862,2.3307790549169862,2.3307790549169862,1,p/kWh
dno_data_enhanced/shepd_cdcm_v10_20231106_25-26_final.xlsx,SSEN Hydro,17.0,2023,RED,Revenue matching,16:00-19:00 (weekdays) (default),1.0,1.0,1.0,1.0,7,p/kWh
dno_data_enhanced/Northern Powergrid (Northeast) - 2023-24 Schedule of charges and other tables v0.3.xlsx,Northern Powergrid Northeast,23.0,2023,RED,"Annex 1 LV, HV and UMS charges",16:00-19:00 (weekdays) (default),0.213,7.154,2.6373684210526314,1.055,19,p/kWh
dno_data_enhanced/Northern Powergrid (Northeast) - 2023-24 Schedule of charges and other tables v0.3.xlsx,Northern Powergrid Northeast,23.0,2023,GREEN,"Annex 1 LV, HV and UMS charges","23:00-07:00 (all days), all day (weekends) (default)",0.213,20.11,7.132086956521738,1.055,23,p/kWh
dno_data_enhanced/Northern Powergrid (Northeast) - 2023-24 Schedule of charges and other tables v0.3.xlsx,Northern Powergrid Northeast,23.0,2023,RED,Annex 4 LDNO charges,16:00-19:00 (weekdays) (default),0.127,4.259,1.7405263157894737,0.628,19,p/kWh
dno_data_enhanced/Northern Powergrid (Northeast) - 2023-24 Schedule of charges and other tables v0.3.xlsx,Northern Powergrid Northeast,23.0,2023,GREEN,Annex 4 LDNO charges,"23:00-07:00 (all days), all day (weekends) (default)",0.127,13.09,4.537608695652174,0.628,23,p/kWh
dno_data_enhanced/Northern Powergrid (Northeast) - 2023-24 Schedule of charges and other tables v0.3.xlsx,Northern Powergrid Northeast,23.0,2023,RED,Annex 5 LLFs,16:00-19:00 (weekdays) (default),0.828,1.195,1.0189537037037038,1.008,108,p/kWh
dno_data_enhanced/Northern Powergrid (Northeast) - 2023-24 Schedule of charges and other tables v0.3.xlsx,Northern Powergrid Northeast,23.0,2023,AMBER,Annex 5 LLFs,"07:00-16:00, 19:00-23:00 (weekdays) (default)",0.926,1.189,1.0177037037037036,1.008,108,p/kWh
dno_data_enhanced/Northern Powergrid (Northeast) - 2023-24 Schedule of charges and other tables v0.3.xlsx,Northern Powergrid Northeast,23.0,2023,GREEN,Annex 5 LLFs,"23:00-07:00 (all days), all day (weekends) (default)",0.946,1.459,1.020037037037037,1.005,108,p/kWh
dno_data_enhanced/Northern Powergrid (Northeast) - 2023-24 Schedule of charges and other tables v0.3.xlsx,Northern Powergrid Northeast,23.0,2023,RED,Nodal prices,16:00-19:00 (weekdays) (default),0.378668954618,1.04174950839,0.7102092315040001,1.04174950839,2,p/kWh
dno_data_enhanced/Northern Powergrid (Northeast) - 2023-24 Schedule of charges and other tables v0.3.xlsx,Northern Powergrid Northeast,23.0,2023,AMBER,Nodal prices,"07:00-16:00, 19:00-23:00 (weekdays) (default)",0.179642387209,0.229060465788,0.2043514264985,0.229060465788,2,p/kWh
dno_data_enhanced/Northern Powergrid (Northeast) - 2023-24 Schedule of charges and other tables v0.3.xlsx,Northern Powergrid Northeast,23.0,2023,GREEN,Nodal prices,"23:00-07:00 (all days), all day (weekends) (default)",0.163590292992,1.83312849267,0.635800787838,0.328195723558,4,p/kWh
dno_data_enhanced/shepd---schedule-of-charges-and-other-tables_april-2023_v1.5.xlsx,SSEN Hydro,17.0,2023,RED,"Annex 1 LV, HV and UMS charges",16:00-19:00 (weekdays) (default),0.625,7.922,3.2492105263157893,2.2,19,p/kWh
dno_data_enhanced/shepd---schedule-of-charges-and-other-tables_april-2023_v1.5.xlsx,SSEN Hydro,17.0,2023,GREEN,"Annex 1 LV, HV and UMS charges","23:00-07:00 (all days), all day (weekends) (default)",0.625,21.92,8.177391304347827,2.2,23,p/kWh
dno_data_enhanced/shepd---schedule-of-charges-and-other-tables_april-2023_v1.5.xlsx,SSEN Hydro,17.0,2023,RED,Annex 3 Preserved charges,16:00-19:00 (weekdays) (default),0.765,13.32,6.6155,9.687,12,p/kWh
dno_data_enhanced/shepd---schedule-of-charges-and-other-tables_april-2023_v1.5.xlsx,SSEN Hydro,17.0,2023,GREEN,Annex 3 Preserved charges,"23:00-07:00 (all days), all day (weekends) (default)",0.625,7.922,3.18675,2.2,12,p/kWh
dno_data_enhanced/shepd---schedule-of-charges-and-other-tables_april-2023_v1.5.xlsx,SSEN Hydro,17.0,2023,RED,Annex 4 LDNO charges,16:00-19:00 (weekdays) (default),0.441,5.591,2.4171052631578944,1.553,19,p/kWh
dno_data_enhanced/shepd---schedule-of-charges-and-other-tables_april-2023_v1.5.xlsx,SSEN Hydro,17.0,2023,GREEN,Annex 4 LDNO charges,"23:00-07:00 (all days), all day (weekends) (default)",0.441,16.36,6.003434782608696,1.553,23,p/kWh
dno_data_enhanced/shepd---schedule-of-charges-and-other-tables_april-2023_v1.5.xlsx,SSEN Hydro,17.0,2023,RED,Annex 5 LLFs,16:00-19:00 (weekdays) (default),0.89,1.297,1.0054194831013916,1.0,503,p/kWh
dno_data_enhanced/shepd---schedule-of-charges-and-other-tables_april-2023_v1.5.xlsx,SSEN Hydro,17.0,2023,AMBER,Annex 5 LLFs,"07:00-16:00, 19:00-23:00 (weekdays) (default)",0.892,1.286,1.006383697813121,1.0,503,p/kWh
dno_data_enhanced/shepd---schedule-of-charges-and-other-tables_april-2023_v1.5.xlsx,SSEN Hydro,17.0,2023,GREEN,Annex 5 LLFs,"23:00-07:00 (all days), all day (weekends) (default)",0.901,1.347,1.0076520874751491,1.0,503,p/kWh
dno_data_enhanced/shepd---schedule-of-charges-and-other-tables_april-2023_v1.5.xlsx,SSEN Hydro,17.0,2023,RED,Annex 7 Pass-Through Costs,16:00-19:00 (weekdays) (default),0.1067401247636393,0.1067401247636393,0.1067401247636393,0.1067401247636393,8,p/kWh
dno_data_enhanced/shepd---schedule-of-charges-and-other-tables_april-2023_v1.5.xlsx,SSEN Hydro,17.0,2023,AMBER,Annex 7 Pass-Through Costs,"07:00-16:00, 19:00-23:00 (weekdays) (default)",2.666374218979843,2.666374218979843,2.666374218979843,2.666374218979843,8,p/kWh
dno_data_enhanced/shepd---schedule-of-charges-and-other-tables_april-2023_v1.5.xlsx,SSEN Hydro,17.0,2023,GREEN,Annex 7 Pass-Through Costs,"23:00-07:00 (all days), all day (weekends) (default)",0.2625482766154046,0.2625482766154046,0.2625482766154046,0.2625482766154046,158,p/kWh
dno_data_enhanced/shepd---schedule-of-charges-and-other-tables_april-2023_v1.5.xlsx,SSEN Hydro,17.0,2023,GREEN,Charge Calculator,"23:00-07:00 (all days), all day (weekends) (default)",5.88,5.88,5.88,5.88,1,p/kWh
dno_data_enhanced/SWAE-Schedule of charges and other tables-2023 V.0.1 for publishing.xlsx,National Grid South Wales,21.0,2023,RED,"Annex 1 LV, HV and UMS charges",16:00-19:00 (weekdays) (default),0.134,11.186,4.181666666666667,1.225,15,p/kWh
dno_data_enhanced/SWAE-Schedule of charges and other tables-2023 V.0.1 for publishing.xlsx,National Grid South Wales,21.0,2023,GREEN,"Annex 1 LV, HV and UMS charges","23:00-07:00 (all days), all day (weekends) (default)",0.134,14.54,6.579304347826087,1.225,23,p/kWh
dno_data_enhanced/SWAE-Schedule of charges and other tables-2023 V.0.1 for publishing.xlsx,National Grid South Wales,21.0,2023,RED,Annex 4 LDNO charges,16:00-19:00 (weekdays) (default),0.089,7.471,2.792666666666667,0.818,15,p/kWh
dno_data_enhanced/SWAE-Schedule of charges and other tables-2023 V.0.1 for publishing.xlsx,National Grid South Wales,21.0,2023,GREEN,Annex 4 LDNO charges,"23:00-07:00 (all days), all day (weekends) (default)",0.089,9.8,4.417260869565218,0.818,23,p/kWh
dno_data_enhanced/SWAE-Schedule of charges and other tables-2023 V.0.1 for publishing.xlsx,National Grid South Wales,21.0,2023,RED,Nodal prices,16:00-19:00 (weekdays) (default),0.1379197315804305,6.323312449266765,1.8291178959533363,0.4631034640649668,4,p/kWh
dno_data_enhanced/MIDE-Schedule of charges and other tables-2023 V.0.1 for publishing.xlsx,National Grid East Midlands,12.0,2023,RED,"Annex 1 LV, HV and UMS charges",16:00-19:00 (weekdays) (default),0.137,34.0,7.848888888888889,1.164,18,p/kWh
dno_data_enhanced/MIDE-Schedule of charges and other tables-2023 V.0.1 for publishing.xlsx,National Grid East Midlands,12.0,2023,GREEN,"Annex 1 LV, HV and UMS charges","23:00-07:00 (all days), all day (weekends) (default)",0.137,14.74,5.609608695652173,1.164,23,p/kWh
dno_data_enhanced/MIDE-Schedule of charges and other tables-2023 V.0.1 for publishing.xlsx,National Grid East Midlands,12.0,2023,RED,Annex 4 LDNO charges,16:00-19:00 (weekdays) (default),0.091,4.341,1.7343333333333333,0.771,15,p/kWh
dno_data_enhanced/MIDE-Schedule of charges and other tables-2023 V.0.1 for publishing.xlsx,National Grid East Midlands,12.0,2023,GREEN,Annex 4 LDNO charges,"23:00-07:00 (all days), all day (weekends) (default)",0.091,9.85,3.738130434782609,0.771,23,p/kWh
dno_data_enhanced/ED2 PCFM NPgN 20231222.xlsx,Northern Powergrid Northeast,23.0,2023,RED,SelectedInputs,16:00-19:00 (weekdays) (default),0.0115,45.0,8.191271858525122,0.73,17,p/kWh
dno_data_enhanced/ED2 PCFM NPgN 20231222.xlsx,Northern Powergrid Northeast,23.0,2023,AMBER,SelectedInputs,"07:00-16:00, 19:00-23:00 (weekdays) (default)",20.0,33.3,25.855208060030435,24.265624180091308,3,p/kWh
dno_data_enhanced/ED2 PCFM NPgN 20231222.xlsx,Northern Powergrid Northeast,23.0,2023,GREEN,SelectedInputs,"23:00-07:00 (all days), all day (weekends) (default)",0.8725212464589235,33.3,21.499686350684563,31.826224156279338,4,p/kWh
dno_data_enhanced/ED2 PCFM NPgN 20231222.xlsx,Northern Powergrid Northeast,23.0,2023,RED,InputSummary,16:00-19:00 (weekdays) (default),0.0115,45.0,6.412056152642768,0.9,17,p/kWh
dno_data_enhanced/ED2 PCFM NPgN 20231222.xlsx,Northern Powergrid Northeast,23.0,2023,AMBER,InputSummary,"07:00-16:00, 19:00-23:00 (weekdays) (default)",0.0133845309928688,33.3,7.941576127783464,0.6294050991501415,7,p/kWh
dno_data_enhanced/ED2 PCFM NPgN 20231222.xlsx,Northern Powergrid Northeast,23.0,2023,GREEN,InputSummary,"23:00-07:00 (all days), all day (weekends) (default)",0.0149399155569989,33.3,7.94787217458142,0.6494617563739377,7,p/kWh
dno_data_enhanced/ED2 PCFM NPgN 20231222.xlsx,Northern Powergrid Northeast,23.0,2023,RED,Legacy,16:00-19:00 (weekdays) (default),0.0397335776,11.00038828356299,2.4117391027998316,1.1813575575913982,33,p/kWh
dno_data_enhanced/ED2 PCFM NPgN 20231222.xlsx,Northern Powergrid Northeast,23.0,2023,AMBER,Legacy,"07:00-16:00, 19:00-23:00 (weekdays) (default)",0.0413701832,33.32703958219571,3.8614866453550434,1.3795833876806398,31,p/kWh
dno_data_enhanced/ED2 PCFM NPgN 20231222.xlsx,Northern Powergrid Northeast,23.0,2023,GREEN,Legacy,"23:00-07:00 (all days), all day (weekends) (default)",0.0414501708,2.077865909128795,1.1798913867665397,1.2791119966486046,10,p/kWh
dno_data_enhanced/ED2 PCFM NPgN 20231222.xlsx,Northern Powergrid Northeast,23.0,2023,RED,Totex,16:00-19:00 (weekdays) (default),0.8126758238876197,45.58126414644626,13.440409639268076,11.16328095393132,34,p/kWh
dno_data_enhanced/ED2 PCFM NPgN 20231222.xlsx,Northern Powergrid Northeast,23.0,2023,AMBER,Totex,"07:00-16:00, 19:00-23:00 (weekdays) (default)",1.0,37.60455987893252,15.937166848761793,10.854847671154824,32,p/kWh
dno_data_enhanced/ED2 PCFM NPgN 20231222.xlsx,Northern Powergrid Northeast,23.0,2023,GREEN,Totex,"23:00-07:00 (all days), all day (weekends) (default)",1.0,41.05537531598124,15.750227179415738,13.206462502240148,32,p/kWh
dno_data_enhanced/ED2 PCFM NPgN 20231222.xlsx,Northern Powergrid Northeast,23.0,2023,RED,Annual Inflation,16:00-19:00 (weekdays) (default),0.0155592894707972,1.50334712603879,0.4949384988243163,0.0258846368797245,11,p/kWh
dno_data_enhanced/ED2 PCFM NPgN 20231222.xlsx,Northern Powergrid Northeast,23.0,2023,AMBER,Annual Inflation,"07:00-16:00, 19:00-23:00 (weekdays) (default)",0.0080067749634311,4.0452569031158125,0.8839285599984987,0.0213882457030804,11,p/kWh
dno_data_enhanced/ED2 PCFM NPgN 20231222.xlsx,Northern Powergrid Northeast,23.0,2023,GREEN,Annual Inflation,"23:00-07:00 (all days), all day (weekends) (default)",0.0367371878102802,11.584699426229506,2.1959658359582823,0.0593011753389423,11,p/kWh
dno_data_enhanced/ED2 PCFM NPgN 20231222.xlsx,Northern Powergrid Northeast,23.0,2023,RED,NPgN,16:00-19:00 (weekdays) (default),0.0115,45.0,8.191271858525122,0.73,17,p/kWh
dno_data_enhanced/ED2 PCFM NPgN 20231222.xlsx,Northern Powergrid Northeast,23.0,2023,AMBER,NPgN,"07:00-16:00, 19:00-23:00 (weekdays) (default)",20.0,33.3,25.855208060030435,24.265624180091308,3,p/kWh
dno_data_enhanced/ED2 PCFM NPgN 20231222.xlsx,Northern Powergrid Northeast,23.0,2023,GREEN,NPgN,"23:00-07:00 (all days), all day (weekends) (default)",0.8725212464589235,33.3,21.499686350684563,31.826224156279338,4,p/kWh
