file_path,dno_name,mpan_code,year,band,sheet_name,time_period,min_rate,max_rate,mean_rate,median_rate,count,unit
dno_data_enhanced/EMEB-2014-15.xlsx,National Grid East Midlands,12.0,2014,RED,EMEB,16:00-19:00 (weekdays) (default),0.956,1.085,1.011077922077922,1.006,308,p/kWh
dno_data_enhanced/EMEB-2014-15.xlsx,National Grid East Midlands,12.0,2014,AMBER,EMEB,"07:00-16:00, 19:00-23:00 (weekdays) (default)",0.97,1.053,1.0114999999999998,1.053,2,p/kWh
dno_data_enhanced/EMEB-2014-15.xlsx,National Grid East Midlands,12.0,2014,GREEN,EMEB,"23:00-07:00 (all days), all day (weekends) (default)",0.961,1.084,1.0075247524752475,1.003,303,p/kWh
dno_data_enhanced/SWEB-Schedule-of-charges-and-other-tables-Apr-2014-Version-10-7-%c2%a35-removed.xlsx,National Grid South West,22.0,2014,RED,Annex 1 LV and HV charges,16:00-19:00 (weekdays) (default),0.23,4.32,2.43075,2.95,20,p/kWh
dno_data_enhanced/SWEB-Schedule-of-charges-and-other-tables-Apr-2014-Version-10-7-%c2%a35-removed.xlsx,National Grid South West,22.0,2014,GREEN,Annex 1 LV and HV charges,"23:00-07:00 (all days), all day (weekends) (default)",1.0,4.32,2.8094444444444444,2.95,18,p/kWh
dno_data_enhanced/SWEB-Schedule-of-charges-and-other-tables-Apr-2014-Version-10-7-%c2%a35-removed.xlsx,National Grid South West,22.0,2014,RED,Annex 4 LDNO charges,16:00-19:00 (weekdays) (default),0.146,2.75,1.650625,2.0,24,p/kWh
dno_data_enhanced/SWEB-Schedule-of-charges-and-other-tables-Apr-2014-Version-10-7-%c2%a35-removed.xlsx,National Grid South West,22.0,2014,GREEN,Annex 4 LDNO charges,"23:00-07:00 (all days), all day (weekends) (default)",1.0,2.75,1.7459090909090909,1.38,22,p/kWh
dno_data_enhanced/SWEB-Schedule-of-charges-and-other-tables-Apr-2014-Version-10-7-%c2%a35-removed.xlsx,National Grid South West,22.0,2014,RED,Annex 5 LLFs,16:00-19:00 (weekdays) (default),1.008,1.035,1.024333333333333,1.029,24,p/kWh
dno_data_enhanced/SWEB-Schedule-of-charges-and-other-tables-Apr-2014-Version-10-7-%c2%a35-removed.xlsx,National Grid South West,22.0,2014,RED,Nodal prices,16:00-19:00 (weekdays) (default),0.0567170051506642,17.744967038761594,7.32177863579335,8.369653677396888,6,p/kWh
dno_data_enhanced/SWEB-Schedule-of-charges-and-other-tables-Apr-2014-Version-10-7-%c2%a35-removed.xlsx,National Grid South West,22.0,2014,RED,SSC TPR unit rate lookup,16:00-19:00 (weekdays) (default),1.0,2.0,1.4634146341463414,1.0,41,p/kWh
dno_data_enhanced/SWEB-Schedule-of-charges-and-other-tables-Apr-2014-Version-10-7-%c2%a35-removed.xlsx,National Grid South West,22.0,2014,GREEN,SSC TPR unit rate lookup,"23:00-07:00 (all days), all day (weekends) (default)",1.0,2.0,1.4493670886075949,1.0,158,p/kWh
dno_data_enhanced/SWAE-Schedule-of-charges-and-other-tables-Apr-2014-Version-10-7-%c2%a35-removed.xlsx,National Grid South Wales,21.0,2014,RED,Annex 1 LV and HV charges,16:00-19:00 (weekdays) (default),0.208,4.09,2.28625,2.72,20,p/kWh
dno_data_enhanced/SWAE-Schedule-of-charges-and-other-tables-Apr-2014-Version-10-7-%c2%a35-removed.xlsx,National Grid South Wales,21.0,2014,GREEN,Annex 1 LV and HV charges,"23:00-07:00 (all days), all day (weekends) (default)",1.0,4.09,2.6983333333333333,2.72,18,p/kWh
dno_data_enhanced/SWAE-Schedule-of-charges-and-other-tables-Apr-2014-Version-10-7-%c2%a35-removed.xlsx,National Grid South Wales,21.0,2014,RED,Annex 4 LDNO charges,16:00-19:00 (weekdays) (default),0.142,2.78,1.6604166666666664,2.0,24,p/kWh
dno_data_enhanced/SWAE-Schedule-of-charges-and-other-tables-Apr-2014-Version-10-7-%c2%a35-removed.xlsx,National Grid South Wales,21.0,2014,GREEN,Annex 4 LDNO charges,"23:00-07:00 (all days), all day (weekends) (default)",1.0,2.78,1.8009090909090908,1.4099999999999997,22,p/kWh
dno_data_enhanced/SWAE-Schedule-of-charges-and-other-tables-Apr-2014-Version-10-7-%c2%a35-removed.xlsx,National Grid South Wales,21.0,2014,RED,Annex 5 LLFs,16:00-19:00 (weekdays) (default),1.111,1.14,1.121,1.112,3,p/kWh
dno_data_enhanced/SWAE-Schedule-of-charges-and-other-tables-Apr-2014-Version-10-7-%c2%a35-removed.xlsx,National Grid South Wales,21.0,2014,GREEN,Annex 5 LLFs,"23:00-07:00 (all days), all day (weekends) (default)",1.018,1.024,1.0216666666666667,1.023,6,p/kWh
dno_data_enhanced/SWAE-Schedule-of-charges-and-other-tables-Apr-2014-Version-10-7-%c2%a35-removed.xlsx,National Grid South Wales,21.0,2014,RED,Nodal prices,16:00-19:00 (weekdays) (default),3.13157768840991,6.86380183320103,4.9976897608054704,6.86380183320103,2,p/kWh
dno_data_enhanced/SWAE-Schedule-of-charges-and-other-tables-Apr-2014-Version-10-7-%c2%a35-removed.xlsx,National Grid South Wales,21.0,2014,RED,SSC TPR unit rate lookup,16:00-19:00 (weekdays) (default),1.0,2.0,1.4634146341463414,1.0,41,p/kWh
dno_data_enhanced/SWAE-Schedule-of-charges-and-other-tables-Apr-2014-Version-10-7-%c2%a35-removed.xlsx,National Grid South Wales,21.0,2014,GREEN,SSC TPR unit rate lookup,"23:00-07:00 (all days), all day (weekends) (default)",1.0,2.0,1.4493670886075949,1.0,158,p/kWh
dno_data_enhanced/SWEB-2014-15.xlsx,National Grid South West,22.0,2014,RED,SWEB,16:00-19:00 (weekdays) (default),1.002,1.087,1.0315692307692308,1.032,585,p/kWh
dno_data_enhanced/SWEB-2014-15.xlsx,National Grid South West,22.0,2014,GREEN,SWEB,"23:00-07:00 (all days), all day (weekends) (default)",1.0,1.077,1.0224082332761577,1.022,583,p/kWh
dno_data_enhanced/SWAE-2014-15.xlsx,National Grid South Wales,21.0,2014,RED,SWAE,16:00-19:00 (weekdays) (default),0.997,1.144,1.025016348773842,1.024,367,p/kWh
dno_data_enhanced/SWAE-2014-15.xlsx,National Grid South Wales,21.0,2014,GREEN,SWAE,"23:00-07:00 (all days), all day (weekends) (default)",0.997,1.145,1.0201494565217393,1.018,368,p/kWh
dno_data_enhanced/MIDE-2014-15.xlsx,National Grid East Midlands,12.0,2014,RED,MIDE,16:00-19:00 (weekdays) (default),0.996,1.101,1.0098771186440678,1.006,236,p/kWh
dno_data_enhanced/MIDE-2014-15.xlsx,National Grid East Midlands,12.0,2014,GREEN,MIDE,"23:00-07:00 (all days), all day (weekends) (default)",0.993,1.072,1.0068978723404256,1.004,235,p/kWh
dno_data_enhanced/EMEB-Schedule-of-charges-and-other-tables-Apr-2014-Version-10-7-%c2%a35-removed.xlsx,National Grid East Midlands,12.0,2014,RED,Annex 1 LV and HV charges,16:00-19:00 (weekdays) (default),0.043,2.84,1.577,2.0,20,p/kWh
dno_data_enhanced/EMEB-Schedule-of-charges-and-other-tables-Apr-2014-Version-10-7-%c2%a35-removed.xlsx,National Grid East Midlands,12.0,2014,GREEN,Annex 1 LV and HV charges,"23:00-07:00 (all days), all day (weekends) (default)",1.0,2.84,1.7388888888888887,1.4699999999999998,18,p/kWh
dno_data_enhanced/EMEB-Schedule-of-charges-and-other-tables-Apr-2014-Version-10-7-%c2%a35-removed.xlsx,National Grid East Midlands,12.0,2014,RED,Annex 4 LDNO charges,16:00-19:00 (weekdays) (default),0.031,2.02,1.1704166666666669,1.865,24,p/kWh
dno_data_enhanced/EMEB-Schedule-of-charges-and-other-tables-Apr-2014-Version-10-7-%c2%a35-removed.xlsx,National Grid East Midlands,12.0,2014,GREEN,Annex 4 LDNO charges,"23:00-07:00 (all days), all day (weekends) (default)",0.6499999999999999,2.02,1.1806818181818182,1.0,22,p/kWh
dno_data_enhanced/EMEB-Schedule-of-charges-and-other-tables-Apr-2014-Version-10-7-%c2%a35-removed.xlsx,National Grid East Midlands,12.0,2014,RED,Annex 5 LLFs,16:00-19:00 (weekdays) (default),1.012,1.08,1.0358333333333334,1.032,6,p/kWh
dno_data_enhanced/EMEB-Schedule-of-charges-and-other-tables-Apr-2014-Version-10-7-%c2%a35-removed.xlsx,National Grid East Midlands,12.0,2014,AMBER,Annex 5 LLFs,"07:00-16:00, 19:00-23:00 (weekdays) (default)",0.97,1.068,1.0054999999999998,1.001,6,p/kWh
dno_data_enhanced/EMEB-Schedule-of-charges-and-other-tables-Apr-2014-Version-10-7-%c2%a35-removed.xlsx,National Grid East Midlands,12.0,2014,RED,SSC TPR unit rate lookup,16:00-19:00 (weekdays) (default),1.0,2.0,1.4634146341463414,1.0,41,p/kWh
dno_data_enhanced/EMEB-Schedule-of-charges-and-other-tables-Apr-2014-Version-10-7-%c2%a35-removed.xlsx,National Grid East Midlands,12.0,2014,GREEN,SSC TPR unit rate lookup,"23:00-07:00 (all days), all day (weekends) (default)",1.0,2.0,1.4493670886075949,1.0,158,p/kWh
dno_data_enhanced/MIDE-Schedule-of-charges-and-other-tables-Apr-2014-Version-10-7-%c2%a35-removed.xlsx,National Grid East Midlands,12.0,2014,RED,Annex 1 LV and HV charges,16:00-19:00 (weekdays) (default),0.083,3.64,1.8392500000000005,2.27,20,p/kWh
dno_data_enhanced/MIDE-Schedule-of-charges-and-other-tables-Apr-2014-Version-10-7-%c2%a35-removed.xlsx,National Grid East Midlands,12.0,2014,GREEN,Annex 1 LV and HV charges,"23:00-07:00 (all days), all day (weekends) (default)",1.0,3.64,2.163888888888889,2.27,18,p/kWh
dno_data_enhanced/MIDE-Schedule-of-charges-and-other-tables-Apr-2014-Version-10-7-%c2%a35-removed.xlsx,National Grid East Midlands,12.0,2014,RED,Annex 4 LDNO charges,16:00-19:00 (weekdays) (default),0.057,2.5,1.3706250000000002,1.84,24,p/kWh
dno_data_enhanced/MIDE-Schedule-of-charges-and-other-tables-Apr-2014-Version-10-7-%c2%a35-removed.xlsx,National Grid East Midlands,12.0,2014,GREEN,Annex 4 LDNO charges,"23:00-07:00 (all days), all day (weekends) (default)",1.0,2.5,1.4668181818181816,1.13,22,p/kWh
dno_data_enhanced/MIDE-Schedule-of-charges-and-other-tables-Apr-2014-Version-10-7-%c2%a35-removed.xlsx,National Grid East Midlands,12.0,2014,RED,Annex 5 LLFs,16:00-19:00 (weekdays) (default),1.02,1.027,1.024,1.025,3,p/kWh
dno_data_enhanced/MIDE-Schedule-of-charges-and-other-tables-Apr-2014-Version-10-7-%c2%a35-removed.xlsx,National Grid East Midlands,12.0,2014,GREEN,Annex 5 LLFs,"23:00-07:00 (all days), all day (weekends) (default)",1.0,1.006,1.00325,1.004,12,p/kWh
dno_data_enhanced/MIDE-Schedule-of-charges-and-other-tables-Apr-2014-Version-10-7-%c2%a35-removed.xlsx,National Grid East Midlands,12.0,2014,RED,SSC TPR unit rate lookup,16:00-19:00 (weekdays) (default),1.0,2.0,1.4634146341463414,1.0,41,p/kWh
dno_data_enhanced/MIDE-Schedule-of-charges-and-other-tables-Apr-2014-Version-10-7-%c2%a35-removed.xlsx,National Grid East Midlands,12.0,2014,GREEN,SSC TPR unit rate lookup,"23:00-07:00 (all days), all day (weekends) (default)",1.0,2.0,1.4493670886075949,1.0,158,p/kWh
