file_path,dno_name,mpan_code,year,band,sheet_name,time_period,min_rate,max_rate,mean_rate,median_rate,count,unit
dno_data_enhanced/shepd_cdcm_v11_20241025_26-27_final.xlsx,SSEN Hydro,17.0,2024,RED,Inputs by network level,16:00-19:00 (weekdays) (default),0.1179761401366893,1.0,0.3458785541421309,0.2190350001177025,7,p/kWh
dno_data_enhanced/shepd_cdcm_v11_20241025_26-27_final.xlsx,SSEN Hydro,17.0,2024,AMBER,Inputs by network level,"07:00-16:00, 19:00-23:00 (weekdays) (default)",0.0933333333333333,1.036,0.4200800704807965,0.3043333333333333,7,p/kWh
dno_data_enhanced/shepd_cdcm_v11_20241025_26-27_final.xlsx,SSEN Hydro,17.0,2024,GREEN,Inputs by network level,"23:00-07:00 (all days), all day (weekends) (default)",0.0933333333333333,1.064,0.420813405835598,0.3043333333333333,6,p/kWh
dno_data_enhanced/shepd_cdcm_v11_20241025_26-27_final.xlsx,SSEN Hydro,17.0,2024,RED,Load & loss characteristics,16:00-19:00 (weekdays) (default),1.091,1.091,1.091,1.091,1,p/kWh
dno_data_enhanced/shepd_cdcm_v11_20241025_26-27_final.xlsx,SSEN Hydro,17.0,2024,GREEN,Pseudo-load coefficients,"23:00-07:00 (all days), all day (weekends) (default)",2.4505065147267873,2.4505065147267873,2.4505065147267873,2.4505065147267873,1,p/kWh
dno_data_enhanced/shepd_cdcm_v11_20241025_26-27_final.xlsx,SSEN Hydro,17.0,2024,RED,Revenue matching,16:00-19:00 (weekdays) (default),1.0,1.0,1.0,1.0,7,p/kWh
dno_data_enhanced/sepd_pcdm_v5_20241025_26-27_final.xlsx,SSEN Southern,20.0,2024,RED,Fixed inputs,16:00-19:00 (weekdays) (default),1.0,1.0,1.0,1.0,7,p/kWh
dno_data_enhanced/sepd_pcdm_v5_20241025_26-27_final.xlsx,SSEN Southern,20.0,2024,AMBER,Fixed inputs,"07:00-16:00, 19:00-23:00 (weekdays) (default)",1.0,1.0,1.0,1.0,6,p/kWh
dno_data_enhanced/sepd_pcdm_v5_20241025_26-27_final.xlsx,SSEN Southern,20.0,2024,GREEN,Fixed inputs,"23:00-07:00 (all days), all day (weekends) (default)",1.0,1.0,1.0,1.0,5,p/kWh
dno_data_enhanced/sepd_pcdm_v5_20241025_26-27_final.xlsx,SSEN Southern,20.0,2024,RED,MEAV,16:00-19:00 (weekdays) (default),0.82099817797538,0.82099817797538,0.82099817797538,0.82099817797538,1,p/kWh
dno_data_enhanced/sepd_pcdm_v5_20241025_26-27_final.xlsx,SSEN Southern,20.0,2024,RED,Capitalised,16:00-19:00 (weekdays) (default),0.82099817797538,0.82099817797538,0.82099817797538,0.82099817797538,1,p/kWh
dno_data_enhanced/sepd_pcdm_v5_20241025_26-27_final.xlsx,SSEN Southern,20.0,2024,RED,Rev allocation,16:00-19:00 (weekdays) (default),0.0331328340067599,1.0,0.3293179898920887,0.2277813772237735,32,p/kWh
dno_data_enhanced/sepd_pcdm_v5_20241025_26-27_final.xlsx,SSEN Southern,20.0,2024,AMBER,Rev allocation,"07:00-16:00, 19:00-23:00 (weekdays) (default)",0.2144931761743719,1.0,0.4508232161616527,0.2716175834408704,11,p/kWh
dno_data_enhanced/sepd_pcdm_v5_20241025_26-27_final.xlsx,SSEN Southern,20.0,2024,GREEN,Rev allocation,"23:00-07:00 (all days), all day (weekends) (default)",0.1555489764464782,1.0,0.5277337682831077,0.4015865260221384,12,p/kWh
dno_data_enhanced/sepd_pcdm_v5_20241025_26-27_final.xlsx,SSEN Southern,20.0,2024,RED,EDCM discounts,16:00-19:00 (weekdays) (default),0.0131238483917533,1.0,0.3475346258041765,0.1202126507339945,14,p/kWh
dno_data_enhanced/sepd_pcdm_v5_20241025_26-27_final.xlsx,SSEN Southern,20.0,2024,AMBER,EDCM discounts,"07:00-16:00, 19:00-23:00 (weekdays) (default)",0.6685467643000131,1.0,0.8773671040216997,0.9615310541705644,24,p/kWh
dno_data_enhanced/sepd_pcdm_v5_20241025_26-27_final.xlsx,SSEN Southern,20.0,2024,GREEN,EDCM discounts,"23:00-07:00 (all days), all day (weekends) (default)",0.3031760457838923,1.0,0.7288038983372751,0.6977535765105377,23,p/kWh
dno_data_enhanced/Northern Powergrid (Yorkshire) - 2024-25 PCDM Model v0.1.xlsx,Northern Powergrid Yorkshire,15.0,2024,RED,Fixed inputs,16:00-19:00 (weekdays) (default),1.0,1.0,1.0,1.0,7,p/kWh
dno_data_enhanced/Northern Powergrid (Yorkshire) - 2024-25 PCDM Model v0.1.xlsx,Northern Powergrid Yorkshire,15.0,2024,AMBER,Fixed inputs,"07:00-16:00, 19:00-23:00 (weekdays) (default)",1.0,1.0,1.0,1.0,6,p/kWh
dno_data_enhanced/Northern Powergrid (Yorkshire) - 2024-25 PCDM Model v0.1.xlsx,Northern Powergrid Yorkshire,15.0,2024,GREEN,Fixed inputs,"23:00-07:00 (all days), all day (weekends) (default)",1.0,1.0,1.0,1.0,5,p/kWh
dno_data_enhanced/Northern Powergrid (Yorkshire) - 2024-25 PCDM Model v0.1.xlsx,Northern Powergrid Yorkshire,15.0,2024,RED,MEAV,16:00-19:00 (weekdays) (default),0.8883964283521205,0.8883964283521205,0.8883964283521205,0.8883964283521205,1,p/kWh
dno_data_enhanced/Northern Powergrid (Yorkshire) - 2024-25 PCDM Model v0.1.xlsx,Northern Powergrid Yorkshire,15.0,2024,RED,Capitalised,16:00-19:00 (weekdays) (default),0.8883964283521205,0.8883964283521205,0.8883964283521205,0.8883964283521205,1,p/kWh
dno_data_enhanced/Northern Powergrid (Yorkshire) - 2024-25 PCDM Model v0.1.xlsx,Northern Powergrid Yorkshire,15.0,2024,RED,Rev allocation,16:00-19:00 (weekdays) (default),0.0276948626029311,1.0,0.3289904644563416,0.2094777661909504,32,p/kWh
dno_data_enhanced/Northern Powergrid (Yorkshire) - 2024-25 PCDM Model v0.1.xlsx,Northern Powergrid Yorkshire,15.0,2024,AMBER,Rev allocation,"07:00-16:00, 19:00-23:00 (weekdays) (default)",0.1939780810354855,1.0,0.4380888151300881,0.2555611325266815,11,p/kWh
dno_data_enhanced/Northern Powergrid (Yorkshire) - 2024-25 PCDM Model v0.1.xlsx,Northern Powergrid Yorkshire,15.0,2024,GREEN,Rev allocation,"23:00-07:00 (all days), all day (weekends) (default)",0.1443108134082144,1.0,0.5123258016437787,0.391287964346341,12,p/kWh
dno_data_enhanced/Northern Powergrid (Yorkshire) - 2024-25 PCDM Model v0.1.xlsx,Northern Powergrid Yorkshire,15.0,2024,RED,EDCM discounts,16:00-19:00 (weekdays) (default),0.0100315584422329,1.0,0.3446111891209934,0.1141587160286718,14,p/kWh
dno_data_enhanced/Northern Powergrid (Yorkshire) - 2024-25 PCDM Model v0.1.xlsx,Northern Powergrid Yorkshire,15.0,2024,AMBER,EDCM discounts,"07:00-16:00, 19:00-23:00 (weekdays) (default)",0.720661432568954,1.0,0.9104296844597992,0.9721558944885684,24,p/kWh
dno_data_enhanced/Northern Powergrid (Yorkshire) - 2024-25 PCDM Model v0.1.xlsx,Northern Powergrid Yorkshire,15.0,2024,GREEN,EDCM discounts,"23:00-07:00 (all days), all day (weekends) (default)",0.3131211572668939,1.0,0.7584316567069094,0.7800099550227875,23,p/kWh
dno_data_enhanced/Northern Powergrid (Northeast) - 2024-25 PCDM Model v0.1.xlsx,Northern Powergrid Northeast,23.0,2024,RED,Fixed inputs,16:00-19:00 (weekdays) (default),1.0,1.0,1.0,1.0,7,p/kWh
dno_data_enhanced/Northern Powergrid (Northeast) - 2024-25 PCDM Model v0.1.xlsx,Northern Powergrid Northeast,23.0,2024,AMBER,Fixed inputs,"07:00-16:00, 19:00-23:00 (weekdays) (default)",1.0,1.0,1.0,1.0,6,p/kWh
dno_data_enhanced/Northern Powergrid (Northeast) - 2024-25 PCDM Model v0.1.xlsx,Northern Powergrid Northeast,23.0,2024,GREEN,Fixed inputs,"23:00-07:00 (all days), all day (weekends) (default)",1.0,1.0,1.0,1.0,5,p/kWh
dno_data_enhanced/Northern Powergrid (Northeast) - 2024-25 PCDM Model v0.1.xlsx,Northern Powergrid Northeast,23.0,2024,RED,DNO inputs,16:00-19:00 (weekdays) (default),7.432,8.4,7.916,8.4,2,p/kWh
dno_data_enhanced/Northern Powergrid (Northeast) - 2024-25 PCDM Model v0.1.xlsx,Northern Powergrid Northeast,23.0,2024,RED,MEAV,16:00-19:00 (weekdays) (default),0.8825232623807912,0.8825232623807912,0.8825232623807912,0.8825232623807912,1,p/kWh
dno_data_enhanced/Northern Powergrid (Northeast) - 2024-25 PCDM Model v0.1.xlsx,Northern Powergrid Northeast,23.0,2024,RED,Capitalised,16:00-19:00 (weekdays) (default),0.8825232623807912,0.8825232623807912,0.8825232623807912,0.8825232623807912,1,p/kWh
dno_data_enhanced/Northern Powergrid (Northeast) - 2024-25 PCDM Model v0.1.xlsx,Northern Powergrid Northeast,23.0,2024,RED,Rev allocation,16:00-19:00 (weekdays) (default),0.0201064135442202,1.0,0.3287533254232568,0.2160349265024103,32,p/kWh
dno_data_enhanced/Northern Powergrid (Northeast) - 2024-25 PCDM Model v0.1.xlsx,Northern Powergrid Northeast,23.0,2024,AMBER,Rev allocation,"07:00-16:00, 19:00-23:00 (weekdays) (default)",0.2104736524875005,1.0,0.4374978197947136,0.2382600734485183,11,p/kWh
dno_data_enhanced/Northern Powergrid (Northeast) - 2024-25 PCDM Model v0.1.xlsx,Northern Powergrid Northeast,23.0,2024,GREEN,Rev allocation,"23:00-07:00 (all days), all day (weekends) (default)",0.1203930099511558,1.0,0.5112952871131152,0.4062545615765401,12,p/kWh
dno_data_enhanced/Northern Powergrid (Northeast) - 2024-25 PCDM Model v0.1.xlsx,Northern Powergrid Northeast,23.0,2024,RED,EDCM discounts,16:00-19:00 (weekdays) (default),0.0071869426456096,1.0,0.3483310654810377,0.1044452397749895,14,p/kWh
dno_data_enhanced/Northern Powergrid (Northeast) - 2024-25 PCDM Model v0.1.xlsx,Northern Powergrid Northeast,23.0,2024,AMBER,EDCM discounts,"07:00-16:00, 19:00-23:00 (weekdays) (default)",0.7272172906791761,1.0,0.9143673220204968,0.9797787071975472,24,p/kWh
dno_data_enhanced/Northern Powergrid (Northeast) - 2024-25 PCDM Model v0.1.xlsx,Northern Powergrid Northeast,23.0,2024,GREEN,EDCM discounts,"23:00-07:00 (all days), all day (weekends) (default)",0.3149188922624901,1.0,0.7620676471083542,0.7860578800885369,23,p/kWh
dno_data_enhanced/SWEB-Schedule of charges and other tables-2024 V.0.1 for publishing.xlsx,National Grid South West,22.0,2024,RED,"Annex 1 LV, HV and UMS charges",16:00-19:00 (weekdays) (default),0.054,15.165,5.325666666666666,0.758,15,p/kWh
dno_data_enhanced/SWEB-Schedule of charges and other tables-2024 V.0.1 for publishing.xlsx,National Grid South West,22.0,2024,GREEN,"Annex 1 LV, HV and UMS charges","23:00-07:00 (all days), all day (weekends) (default)",0.054,29.42,11.183347826086957,0.758,23,p/kWh
dno_data_enhanced/SWEB-Schedule of charges and other tables-2024 V.0.1 for publishing.xlsx,National Grid South West,22.0,2024,RED,Annex 4 LDNO charges,16:00-19:00 (weekdays) (default),0.033,9.242,3.2456666666666667,0.462,15,p/kWh
dno_data_enhanced/SWEB-Schedule of charges and other tables-2024 V.0.1 for publishing.xlsx,National Grid South West,22.0,2024,GREEN,Annex 4 LDNO charges,"23:00-07:00 (all days), all day (weekends) (default)",0.033,18.29,6.909565217391304,0.462,23,p/kWh
dno_data_enhanced/SWEB-Schedule of charges and other tables-2024 V.0.1 for publishing.xlsx,National Grid South West,22.0,2024,RED,Nodal prices,16:00-19:00 (weekdays) (default),0.1559477559424647,16.26750579028373,7.518440865738714,5.511622417402568,5,p/kWh
dno_data_enhanced/sepd---schedule-of-charges-and-other-tables_april-2024_v1.2.xlsx,SSEN Southern,20.0,2024,RED,"Annex 1 LV, HV and UMS charges",16:00-19:00 (weekdays) (default),0.057,9.317,3.1994736842105262,1.184,19,p/kWh
dno_data_enhanced/sepd---schedule-of-charges-and-other-tables_april-2024_v1.2.xlsx,SSEN Southern,20.0,2024,GREEN,"Annex 1 LV, HV and UMS charges","23:00-07:00 (all days), all day (weekends) (default)",0.057,25.96,9.121347826086955,1.184,23,p/kWh
dno_data_enhanced/sepd---schedule-of-charges-and-other-tables_april-2024_v1.2.xlsx,SSEN Southern,20.0,2024,RED,Annex 3 Preserved charges,16:00-19:00 (weekdays) (default),0.057,9.317,3.5193333333333334,1.184,9,p/kWh
dno_data_enhanced/sepd---schedule-of-charges-and-other-tables_april-2024_v1.2.xlsx,SSEN Southern,20.0,2024,GREEN,Annex 3 Preserved charges,"23:00-07:00 (all days), all day (weekends) (default)",0.057,25.96,9.1295,9.317,12,p/kWh
dno_data_enhanced/sepd---schedule-of-charges-and-other-tables_april-2024_v1.2.xlsx,SSEN Southern,20.0,2024,RED,Annex 4 LDNO charges,16:00-19:00 (weekdays) (default),0.036,5.861,2.1689473684210525,0.745,19,p/kWh
dno_data_enhanced/sepd---schedule-of-charges-and-other-tables_april-2024_v1.2.xlsx,SSEN Southern,20.0,2024,GREEN,Annex 4 LDNO charges,"23:00-07:00 (all days), all day (weekends) (default)",0.036,16.61,5.81091304347826,0.745,23,p/kWh
dno_data_enhanced/sepd---schedule-of-charges-and-other-tables_april-2024_v1.2.xlsx,SSEN Southern,20.0,2024,RED,Annex 5 LLFs,16:00-19:00 (weekdays) (default),0.976,1.089,1.0167323420074348,1.013,538,p/kWh
dno_data_enhanced/sepd---schedule-of-charges-and-other-tables_april-2024_v1.2.xlsx,SSEN Southern,20.0,2024,AMBER,Annex 5 LLFs,"07:00-16:00, 19:00-23:00 (weekdays) (default)",0.975,1.083,1.0142379182156134,1.012,538,p/kWh
dno_data_enhanced/sepd---schedule-of-charges-and-other-tables_april-2024_v1.2.xlsx,SSEN Southern,20.0,2024,GREEN,Annex 5 LLFs,"23:00-07:00 (all days), all day (weekends) (default)",0.957,1.086,1.01385687732342,1.011,538,p/kWh
dno_data_enhanced/sepd---schedule-of-charges-and-other-tables_april-2024_v1.2.xlsx,SSEN Southern,20.0,2024,AMBER,Nodal prices,"07:00-16:00, 19:00-23:00 (weekdays) (default)",1.783,2.167,2.0389999999999997,2.167,3,p/kWh
dno_data_enhanced/sepd---schedule-of-charges-and-other-tables_april-2024_v1.2.xlsx,SSEN Southern,20.0,2024,GREEN,Charge Calculator,"23:00-07:00 (all days), all day (weekends) (default)",0.86,3.21,2.4266666666666667,3.21,3,p/kWh
dno_data_enhanced/Northern Powergrid (Yorkshire) - 2024-25 CDCM Model v0.1.xlsx,Northern Powergrid Yorkshire,15.0,2024,RED,Inputs by network level,16:00-19:00 (weekdays) (default),0.0534057540357118,1.0,0.4016535653075138,0.3479740896104906,7,p/kWh
dno_data_enhanced/Northern Powergrid (Yorkshire) - 2024-25 CDCM Model v0.1.xlsx,Northern Powergrid Yorkshire,15.0,2024,AMBER,Inputs by network level,"07:00-16:00, 19:00-23:00 (weekdays) (default)",0.001,1.006,0.2576643408542634,0.10235944962902,11,p/kWh
dno_data_enhanced/Northern Powergrid (Yorkshire) - 2024-25 CDCM Model v0.1.xlsx,Northern Powergrid Yorkshire,15.0,2024,GREEN,Inputs by network level,"23:00-07:00 (all days), all day (weekends) (default)",0.002,1.009,0.2672188157790173,0.1402512849162133,10,p/kWh
dno_data_enhanced/Northern Powergrid (Yorkshire) - 2024-25 CDCM Model v0.1.xlsx,Northern Powergrid Yorkshire,15.0,2024,RED,Load & loss characteristics,16:00-19:00 (weekdays) (default),1.121,1.121,1.121,1.121,1,p/kWh
dno_data_enhanced/Northern Powergrid (Yorkshire) - 2024-25 CDCM Model v0.1.xlsx,Northern Powergrid Yorkshire,15.0,2024,RED,Customer contributions,16:00-19:00 (weekdays) (default),0.001,1.0,0.1679166666666667,0.001,24,p/kWh
dno_data_enhanced/Northern Powergrid (Yorkshire) - 2024-25 CDCM Model v0.1.xlsx,Northern Powergrid Yorkshire,15.0,2024,AMBER,Customer contributions,"07:00-16:00, 19:00-23:00 (weekdays) (default)",0.002,1.0,0.3158620689655173,0.002,29,p/kWh
dno_data_enhanced/Northern Powergrid (Yorkshire) - 2024-25 CDCM Model v0.1.xlsx,Northern Powergrid Yorkshire,15.0,2024,GREEN,Customer contributions,"23:00-07:00 (all days), all day (weekends) (default)",0.031,0.087,0.045,0.031,20,p/kWh
dno_data_enhanced/Northern Powergrid (Yorkshire) - 2024-25 CDCM Model v0.1.xlsx,Northern Powergrid Yorkshire,15.0,2024,RED,Pseudo-load coefficients,16:00-19:00 (weekdays) (default),4.682632593391588,4.682632593391588,4.682632593391588,4.682632593391588,1,p/kWh
dno_data_enhanced/Northern Powergrid (Yorkshire) - 2024-25 CDCM Model v0.1.xlsx,Northern Powergrid Yorkshire,15.0,2024,GREEN,Pseudo-load coefficients,"23:00-07:00 (all days), all day (weekends) (default)",5.740462583097171,5.740462583097171,5.740462583097171,5.740462583097171,1,p/kWh
dno_data_enhanced/Northern Powergrid (Yorkshire) - 2024-25 CDCM Model v0.1.xlsx,Northern Powergrid Yorkshire,15.0,2024,RED,Revenue matching,16:00-19:00 (weekdays) (default),1.0,1.0,1.0,1.0,7,p/kWh
dno_data_enhanced/Northern Powergrid (Northeast) - 2024-25 CDCM Model v0.1.xlsx,Northern Powergrid Northeast,23.0,2024,RED,Inputs by network level,16:00-19:00 (weekdays) (default),0.0200348446697582,1.0,0.4633205548422798,0.2497490502377356,7,p/kWh
dno_data_enhanced/Northern Powergrid (Northeast) - 2024-25 CDCM Model v0.1.xlsx,Northern Powergrid Northeast,23.0,2024,AMBER,Inputs by network level,"07:00-16:00, 19:00-23:00 (weekdays) (default)",0.001,1.004,0.2782968901046913,0.1197582034553575,11,p/kWh
dno_data_enhanced/Northern Powergrid (Northeast) - 2024-25 CDCM Model v0.1.xlsx,Northern Powergrid Northeast,23.0,2024,GREEN,Inputs by network level,"23:00-07:00 (all days), all day (weekends) (default)",0.002,1.006,0.2807274393039859,0.1342148716879077,10,p/kWh
dno_data_enhanced/Northern Powergrid (Northeast) - 2024-25 CDCM Model v0.1.xlsx,Northern Powergrid Northeast,23.0,2024,RED,Load & loss characteristics,16:00-19:00 (weekdays) (default),1.092,1.092,1.092,1.092,1,p/kWh
dno_data_enhanced/Northern Powergrid (Northeast) - 2024-25 CDCM Model v0.1.xlsx,Northern Powergrid Northeast,23.0,2024,RED,Customer contributions,16:00-19:00 (weekdays) (default),0.001,1.0,0.1679166666666667,0.001,24,p/kWh
dno_data_enhanced/Northern Powergrid (Northeast) - 2024-25 CDCM Model v0.1.xlsx,Northern Powergrid Northeast,23.0,2024,AMBER,Customer contributions,"07:00-16:00, 19:00-23:00 (weekdays) (default)",0.002,1.0,0.3158620689655173,0.002,29,p/kWh
dno_data_enhanced/Northern Powergrid (Northeast) - 2024-25 CDCM Model v0.1.xlsx,Northern Powergrid Northeast,23.0,2024,GREEN,Customer contributions,"23:00-07:00 (all days), all day (weekends) (default)",0.031,0.087,0.045,0.031,20,p/kWh
dno_data_enhanced/Northern Powergrid (Northeast) - 2024-25 CDCM Model v0.1.xlsx,Northern Powergrid Northeast,23.0,2024,RED,Pseudo-load coefficients,16:00-19:00 (weekdays) (default),6.145884427084702,6.145884427084702,6.145884427084702,6.145884427084702,1,p/kWh
dno_data_enhanced/Northern Powergrid (Northeast) - 2024-25 CDCM Model v0.1.xlsx,Northern Powergrid Northeast,23.0,2024,GREEN,Pseudo-load coefficients,"23:00-07:00 (all days), all day (weekends) (default)",8.44326761426494,8.44326761426494,8.44326761426494,8.44326761426494,1,p/kWh
dno_data_enhanced/Northern Powergrid (Northeast) - 2024-25 CDCM Model v0.1.xlsx,Northern Powergrid Northeast,23.0,2024,RED,Revenue matching,16:00-19:00 (weekdays) (default),1.0,1.0,1.0,1.0,7,p/kWh
dno_data_enhanced/shepd_schedule-of-charges-and-other-tables-embedded-networks-april-2024_v0.2.xlsx,SSEN Hydro,17.0,2024,RED,"Annex 1 LV, HV & UMS charges_N",16:00-19:00 (weekdays) (default),0.017,8.3,2.860526315789474,0.953,19,p/kWh
dno_data_enhanced/shepd_schedule-of-charges-and-other-tables-embedded-networks-april-2024_v0.2.xlsx,SSEN Hydro,17.0,2024,GREEN,"Annex 1 LV, HV & UMS charges_N","23:00-07:00 (all days), all day (weekends) (default)",0.017,25.29,8.654782608695653,0.953,23,p/kWh
dno_data_enhanced/shepd_schedule-of-charges-and-other-tables-embedded-networks-april-2024_v0.2.xlsx,SSEN Hydro,17.0,2024,RED,Annex 4 LDNO charges_N,16:00-19:00 (weekdays) (default),0.01,4.928,1.834666666666667,0.566,15,p/kWh
dno_data_enhanced/shepd_schedule-of-charges-and-other-tables-embedded-networks-april-2024_v0.2.xlsx,SSEN Hydro,17.0,2024,GREEN,Annex 4 LDNO charges_N,"23:00-07:00 (all days), all day (weekends) (default)",0.01,15.21,5.189391304347827,0.566,23,p/kWh
dno_data_enhanced/shepd_schedule-of-charges-and-other-tables-embedded-networks-april-2024_v0.2.xlsx,SSEN Hydro,17.0,2024,RED,Nodal prices_N,16:00-19:00 (weekdays) (default),2.0,2.0,2.0,2.0,1,p/kWh
dno_data_enhanced/shepd_schedule-of-charges-and-other-tables-embedded-networks-april-2024_v0.2.xlsx,SSEN Hydro,17.0,2024,GREEN,Nodal prices_N,"23:00-07:00 (all days), all day (weekends) (default)",3.0,3.0,3.0,3.0,2,p/kWh
dno_data_enhanced/ED2 PCFM NPgY 20241223.xlsx,Northern Powergrid Yorkshire,15.0,2024,RED,SelectedInputs,16:00-19:00 (weekdays) (default),0.0115,45.0,8.925725495497973,0.75,17,p/kWh
dno_data_enhanced/ED2 PCFM NPgY 20241223.xlsx,Northern Powergrid Yorkshire,15.0,2024,AMBER,SelectedInputs,"07:00-16:00, 19:00-23:00 (weekdays) (default)",20.0,33.3,25.978697241608504,24.636091724825523,3,p/kWh
dno_data_enhanced/ED2 PCFM NPgY 20241223.xlsx,Northern Powergrid Yorkshire,15.0,2024,GREEN,SelectedInputs,"23:00-07:00 (all days), all day (weekends) (default)",0.8725212464589235,33.3,16.320478081704074,20.0,4,p/kWh
dno_data_enhanced/ED2 PCFM NPgY 20241223.xlsx,Northern Powergrid Yorkshire,15.0,2024,RED,InputSummary,16:00-19:00 (weekdays) (default),0.0115,45.0,6.480627436674444,0.9,17,p/kWh
dno_data_enhanced/ED2 PCFM NPgY 20241223.xlsx,Northern Powergrid Yorkshire,15.0,2024,AMBER,InputSummary,"07:00-16:00, 19:00-23:00 (weekdays) (default)",0.0133845309928688,33.3,7.941576127783464,0.6294050991501415,7,p/kWh
dno_data_enhanced/ED2 PCFM NPgY 20241223.xlsx,Northern Powergrid Yorkshire,15.0,2024,GREEN,InputSummary,"23:00-07:00 (all days), all day (weekends) (default)",0.0149399155569989,33.3,7.94787217458142,0.6494617563739377,7,p/kWh
dno_data_enhanced/ED2 PCFM NPgY 20241223.xlsx,Northern Powergrid Yorkshire,15.0,2024,RED,Legacy,16:00-19:00 (weekdays) (default),0.0201904,8.22600126500771,1.286990907443335,0.9140831899999996,11,p/kWh
dno_data_enhanced/ED2 PCFM NPgY 20241223.xlsx,Northern Powergrid Yorkshire,15.0,2024,AMBER,Legacy,"07:00-16:00, 19:00-23:00 (weekdays) (default)",0.0230728,13.99627624757993,3.0574716804245523,1.2563104625843515,33,p/kWh
dno_data_enhanced/ED2 PCFM NPgY 20241223.xlsx,Northern Powergrid Yorkshire,15.0,2024,GREEN,Legacy,"23:00-07:00 (all days), all day (weekends) (default)",0.0413701832,42.422083053526016,4.1266126988321785,1.321109844088743,31,p/kWh
dno_data_enhanced/ED2 PCFM NPgY 20241223.xlsx,Northern Powergrid Yorkshire,15.0,2024,RED,Totex,16:00-19:00 (weekdays) (default),0.0073691932467225,47.38413652681814,13.165701795471907,9.37929661003786,31,p/kWh
dno_data_enhanced/ED2 PCFM NPgY 20241223.xlsx,Northern Powergrid Yorkshire,15.0,2024,AMBER,Totex,"07:00-16:00, 19:00-23:00 (weekdays) (default)",0.0145492423512957,46.37843985930544,18.03206739795193,10.980597195734404,32,p/kWh
dno_data_enhanced/ED2 PCFM NPgY 20241223.xlsx,Northern Powergrid Yorkshire,15.0,2024,GREEN,Totex,"23:00-07:00 (all days), all day (weekends) (default)",0.3313681704456866,47.265692178112126,18.567528767448945,10.60825367518272,33,p/kWh
dno_data_enhanced/ED2 PCFM NPgY 20241223.xlsx,Northern Powergrid Yorkshire,15.0,2024,RED,TIM,16:00-19:00 (weekdays) (default),0.499,0.501,0.5,0.501,4,p/kWh
dno_data_enhanced/ED2 PCFM NPgY 20241223.xlsx,Northern Powergrid Yorkshire,15.0,2024,AMBER,TIM,"07:00-16:00, 19:00-23:00 (weekdays) (default)",0.501,39.96560063874227,15.303885786870287,5.211090883476645,17,p/kWh
dno_data_enhanced/ED2 PCFM NPgY 20241223.xlsx,Northern Powergrid Yorkshire,15.0,2024,GREEN,TIM,"23:00-07:00 (all days), all day (weekends) (default)",0.501,38.15251432412348,12.617576731933877,5.301046033569332,17,p/kWh
dno_data_enhanced/ED2 PCFM NPgY 20241223.xlsx,Northern Powergrid Yorkshire,15.0,2024,RED,Annual Inflation,16:00-19:00 (weekdays) (default),0.0155592894707972,1.50334712603879,0.4949384988243163,0.0258846368797245,11,p/kWh
dno_data_enhanced/ED2 PCFM NPgY 20241223.xlsx,Northern Powergrid Yorkshire,15.0,2024,AMBER,Annual Inflation,"07:00-16:00, 19:00-23:00 (weekdays) (default)",0.0080067749634311,4.0452569031158125,0.8839285599984987,0.0213882457030804,11,p/kWh
dno_data_enhanced/ED2 PCFM NPgY 20241223.xlsx,Northern Powergrid Yorkshire,15.0,2024,GREEN,Annual Inflation,"23:00-07:00 (all days), all day (weekends) (default)",0.0367371878102802,11.584699426229506,2.1959658359582823,0.0593011753389423,11,p/kWh
dno_data_enhanced/ED2 PCFM NPgY 20241223.xlsx,Northern Powergrid Yorkshire,15.0,2024,RED,NPgY,16:00-19:00 (weekdays) (default),0.0115,45.0,8.925725495497973,0.75,17,p/kWh
dno_data_enhanced/ED2 PCFM NPgY 20241223.xlsx,Northern Powergrid Yorkshire,15.0,2024,AMBER,NPgY,"07:00-16:00, 19:00-23:00 (weekdays) (default)",20.0,33.3,25.978697241608504,24.636091724825523,3,p/kWh
dno_data_enhanced/ED2 PCFM NPgY 20241223.xlsx,Northern Powergrid Yorkshire,15.0,2024,GREEN,NPgY,"23:00-07:00 (all days), all day (weekends) (default)",0.8725212464589235,33.3,16.320478081704074,20.0,4,p/kWh
dno_data_enhanced/Northern Powergrid (Yorkshire) - 2024-25 Schedule of charges and other tables v0.2.xlsx,Northern Powergrid Yorkshire,15.0,2024,RED,"Annex 1 LV, HV and UMS charges",16:00-19:00 (weekdays) (default),0.162,3.575,1.6986842105263158,1.118,19,p/kWh
dno_data_enhanced/Northern Powergrid (Yorkshire) - 2024-25 Schedule of charges and other tables v0.2.xlsx,Northern Powergrid Yorkshire,15.0,2024,GREEN,"Annex 1 LV, HV and UMS charges","23:00-07:00 (all days), all day (weekends) (default)",0.162,29.3,8.754565217391304,1.118,23,p/kWh
dno_data_enhanced/Northern Powergrid (Yorkshire) - 2024-25 Schedule of charges and other tables v0.2.xlsx,Northern Powergrid Yorkshire,15.0,2024,RED,Annex 4 LDNO charges,16:00-19:00 (weekdays) (default),0.095,2.1,1.171578947368421,0.657,19,p/kWh
dno_data_enhanced/Northern Powergrid (Yorkshire) - 2024-25 Schedule of charges and other tables v0.2.xlsx,Northern Powergrid Yorkshire,15.0,2024,GREEN,Annex 4 LDNO charges,"23:00-07:00 (all days), all day (weekends) (default)",0.095,17.47,5.210086956521739,0.657,23,p/kWh
dno_data_enhanced/Northern Powergrid (Yorkshire) - 2024-25 Schedule of charges and other tables v0.2.xlsx,Northern Powergrid Yorkshire,15.0,2024,RED,Annex 5 LLFs,16:00-19:00 (weekdays) (default),0.961,1.339,1.014103626943005,1.005,193,p/kWh
dno_data_enhanced/Northern Powergrid (Yorkshire) - 2024-25 Schedule of charges and other tables v0.2.xlsx,Northern Powergrid Yorkshire,15.0,2024,AMBER,Annex 5 LLFs,"07:00-16:00, 19:00-23:00 (weekdays) (default)",0.958,1.17,1.0119533678756476,1.005,193,p/kWh
dno_data_enhanced/Northern Powergrid (Yorkshire) - 2024-25 Schedule of charges and other tables v0.2.xlsx,Northern Powergrid Yorkshire,15.0,2024,GREEN,Annex 5 LLFs,"23:00-07:00 (all days), all day (weekends) (default)",0.937,1.266,1.011839378238342,1.005,193,p/kWh
dno_data_enhanced/Northern Powergrid (Yorkshire) - 2024-25 Schedule of charges and other tables v0.2.xlsx,Northern Powergrid Yorkshire,15.0,2024,RED,Nodal prices,16:00-19:00 (weekdays) (default),0.178504325314,1.7629294699500002,1.033351155913,1.65674083236,4,p/kWh
dno_data_enhanced/Northern Powergrid (Yorkshire) - 2024-25 Schedule of charges and other tables v0.2.xlsx,Northern Powergrid Yorkshire,15.0,2024,GREEN,Nodal prices,"23:00-07:00 (all days), all day (weekends) (default)",0.00668118418824,3.38658374745,0.6568646041587534,0.529888499559,12,p/kWh
dno_data_enhanced/sepd_schedule-of-charges-and-other-tables-embedded-networks-april-2024_v0.3.xlsx,SSEN Southern,20.0,2024,RED,"Annex 1 LV, HV & UMS charges_A",16:00-19:00 (weekdays) (default),0.246,15.296,5.581666666666666,1.203,15,p/kWh
dno_data_enhanced/sepd_schedule-of-charges-and-other-tables-embedded-networks-april-2024_v0.3.xlsx,SSEN Southern,20.0,2024,GREEN,"Annex 1 LV, HV & UMS charges_A","23:00-07:00 (all days), all day (weekends) (default)",0.246,15.296,7.224956521739131,1.203,23,p/kWh
dno_data_enhanced/sepd_schedule-of-charges-and-other-tables-embedded-networks-april-2024_v0.3.xlsx,SSEN Southern,20.0,2024,RED,"Annex 1 LV, HV & UMS charges_B",16:00-19:00 (weekdays) (default),0.123,6.642,2.771666666666667,1.55,15,p/kWh
dno_data_enhanced/sepd_schedule-of-charges-and-other-tables-embedded-networks-april-2024_v0.3.xlsx,SSEN Southern,20.0,2024,GREEN,"Annex 1 LV, HV & UMS charges_B","23:00-07:00 (all days), all day (weekends) (default)",0.123,18.91,6.813391304347826,1.55,23,p/kWh
dno_data_enhanced/sepd_schedule-of-charges-and-other-tables-embedded-networks-april-2024_v0.3.xlsx,SSEN Southern,20.0,2024,RED,"Annex 1 LV, HV & UMS charges_C",16:00-19:00 (weekdays) (default),0.145,10.692,3.915,0.908,15,p/kWh
dno_data_enhanced/sepd_schedule-of-charges-and-other-tables-embedded-networks-april-2024_v0.3.xlsx,SSEN Southern,20.0,2024,GREEN,"Annex 1 LV, HV & UMS charges_C","23:00-07:00 (all days), all day (weekends) (default)",0.145,10.692,3.715565217391304,0.908,23,p/kWh
dno_data_enhanced/sepd_schedule-of-charges-and-other-tables-embedded-networks-april-2024_v0.3.xlsx,SSEN Southern,20.0,2024,RED,"Annex 1 LV, HV & UMS charges_D",16:00-19:00 (weekdays) (default),0.26,9.771,4.275666666666667,2.796,15,p/kWh
dno_data_enhanced/sepd_schedule-of-charges-and-other-tables-embedded-networks-april-2024_v0.3.xlsx,SSEN Southern,20.0,2024,GREEN,"Annex 1 LV, HV & UMS charges_D","23:00-07:00 (all days), all day (weekends) (default)",0.26,28.68,10.40308695652174,2.796,23,p/kWh
dno_data_enhanced/sepd_schedule-of-charges-and-other-tables-embedded-networks-april-2024_v0.3.xlsx,SSEN Southern,20.0,2024,RED,"Annex 1 LV, HV & UMS charges_E",16:00-19:00 (weekdays) (default),0.155,6.562,2.623,1.152,15,p/kWh
dno_data_enhanced/sepd_schedule-of-charges-and-other-tables-embedded-networks-april-2024_v0.3.xlsx,SSEN Southern,20.0,2024,GREEN,"Annex 1 LV, HV & UMS charges_E","23:00-07:00 (all days), all day (weekends) (default)",0.155,24.98,8.284,1.152,23,p/kWh
dno_data_enhanced/sepd_schedule-of-charges-and-other-tables-embedded-networks-april-2024_v0.3.xlsx,SSEN Southern,20.0,2024,RED,"Annex 1 LV, HV & UMS charges_F",16:00-19:00 (weekdays) (default),0.189,6.126,2.3307894736842107,0.942,19,p/kWh
dno_data_enhanced/sepd_schedule-of-charges-and-other-tables-embedded-networks-april-2024_v0.3.xlsx,SSEN Southern,20.0,2024,GREEN,"Annex 1 LV, HV & UMS charges_F","23:00-07:00 (all days), all day (weekends) (default)",0.189,32.82,10.188521739130437,0.942,23,p/kWh
dno_data_enhanced/sepd_schedule-of-charges-and-other-tables-embedded-networks-april-2024_v0.3.xlsx,SSEN Southern,20.0,2024,RED,"Annex 1 LV, HV & UMS charges_G",16:00-19:00 (weekdays) (default),0.16,12.407,5.027666666666667,2.516,15,p/kWh
dno_data_enhanced/sepd_schedule-of-charges-and-other-tables-embedded-networks-april-2024_v0.3.xlsx,SSEN Southern,20.0,2024,GREEN,"Annex 1 LV, HV & UMS charges_G","23:00-07:00 (all days), all day (weekends) (default)",0.16,14.23,7.107434782608696,2.516,23,p/kWh
dno_data_enhanced/sepd_schedule-of-charges-and-other-tables-embedded-networks-april-2024_v0.3.xlsx,SSEN Southern,20.0,2024,RED,"Annex 1 LV, HV & UMS charges_J",16:00-19:00 (weekdays) (default),0.224,17.48,6.12,0.656,15,p/kWh
dno_data_enhanced/sepd_schedule-of-charges-and-other-tables-embedded-networks-april-2024_v0.3.xlsx,SSEN Southern,20.0,2024,GREEN,"Annex 1 LV, HV & UMS charges_J","23:00-07:00 (all days), all day (weekends) (default)",0.224,20.0,9.246956521739133,0.656,23,p/kWh
dno_data_enhanced/sepd_schedule-of-charges-and-other-tables-embedded-networks-april-2024_v0.3.xlsx,SSEN Southern,20.0,2024,RED,"Annex 1 LV, HV & UMS charges_K",16:00-19:00 (weekdays) (default),0.133,11.908,4.388333333333334,1.124,15,p/kWh
dno_data_enhanced/sepd_schedule-of-charges-and-other-tables-embedded-networks-april-2024_v0.3.xlsx,SSEN Southern,20.0,2024,GREEN,"Annex 1 LV, HV & UMS charges_K","23:00-07:00 (all days), all day (weekends) (default)",0.133,25.32,9.521826086956525,1.124,23,p/kWh
dno_data_enhanced/sepd_schedule-of-charges-and-other-tables-embedded-networks-april-2024_v0.3.xlsx,SSEN Southern,20.0,2024,RED,"Annex 1 LV, HV & UMS charges_L",16:00-19:00 (weekdays) (default),0.054,15.165,5.325666666666666,0.758,15,p/kWh
dno_data_enhanced/sepd_schedule-of-charges-and-other-tables-embedded-networks-april-2024_v0.3.xlsx,SSEN Southern,20.0,2024,GREEN,"Annex 1 LV, HV & UMS charges_L","23:00-07:00 (all days), all day (weekends) (default)",0.054,29.42,11.183347826086957,0.758,23,p/kWh
dno_data_enhanced/sepd_schedule-of-charges-and-other-tables-embedded-networks-april-2024_v0.3.xlsx,SSEN Southern,20.0,2024,RED,"Annex 1 LV, HV & UMS charges_M",16:00-19:00 (weekdays) (default),0.162,3.575,1.6986842105263158,1.118,19,p/kWh
dno_data_enhanced/sepd_schedule-of-charges-and-other-tables-embedded-networks-april-2024_v0.3.xlsx,SSEN Southern,20.0,2024,GREEN,"Annex 1 LV, HV & UMS charges_M","23:00-07:00 (all days), all day (weekends) (default)",0.162,29.3,8.754565217391304,1.118,23,p/kWh
dno_data_enhanced/sepd_schedule-of-charges-and-other-tables-embedded-networks-april-2024_v0.3.xlsx,SSEN Southern,20.0,2024,RED,Annex 4 LDNO charges_A,16:00-19:00 (weekdays) (default),0.163,10.181,3.7149999999999994,0.801,15,p/kWh
dno_data_enhanced/sepd_schedule-of-charges-and-other-tables-embedded-networks-april-2024_v0.3.xlsx,SSEN Southern,20.0,2024,GREEN,Annex 4 LDNO charges_A,"23:00-07:00 (all days), all day (weekends) (default)",0.163,10.181,4.8803913043478255,0.801,23,p/kWh
dno_data_enhanced/sepd_schedule-of-charges-and-other-tables-embedded-networks-april-2024_v0.3.xlsx,SSEN Southern,20.0,2024,RED,Annex 4 LDNO charges_B,16:00-19:00 (weekdays) (default),0.084,4.545,1.8963333333333336,1.06,15,p/kWh
dno_data_enhanced/sepd_schedule-of-charges-and-other-tables-embedded-networks-april-2024_v0.3.xlsx,SSEN Southern,20.0,2024,GREEN,Annex 4 LDNO charges_B,"23:00-07:00 (all days), all day (weekends) (default)",0.084,13.15,4.716913043478261,1.06,23,p/kWh
dno_data_enhanced/sepd_schedule-of-charges-and-other-tables-embedded-networks-april-2024_v0.3.xlsx,SSEN Southern,20.0,2024,RED,Annex 4 LDNO charges_C,16:00-19:00 (weekdays) (default),0.103,7.647,2.8,0.65,15,p/kWh
dno_data_enhanced/sepd_schedule-of-charges-and-other-tables-embedded-networks-april-2024_v0.3.xlsx,SSEN Southern,20.0,2024,GREEN,Annex 4 LDNO charges_C,"23:00-07:00 (all days), all day (weekends) (default)",0.103,7.647,2.701434782608696,0.65,23,p/kWh
dno_data_enhanced/sepd_schedule-of-charges-and-other-tables-embedded-networks-april-2024_v0.3.xlsx,SSEN Southern,20.0,2024,RED,Annex 4 LDNO charges_D,16:00-19:00 (weekdays) (default),0.157,5.917,2.589,1.693,15,p/kWh
dno_data_enhanced/sepd_schedule-of-charges-and-other-tables-embedded-networks-april-2024_v0.3.xlsx,SSEN Southern,20.0,2024,GREEN,Annex 4 LDNO charges_D,"23:00-07:00 (all days), all day (weekends) (default)",0.157,17.65,6.373260869565216,1.693,23,p/kWh
dno_data_enhanced/sepd_schedule-of-charges-and-other-tables-embedded-networks-april-2024_v0.3.xlsx,SSEN Southern,20.0,2024,RED,Annex 4 LDNO charges_E,16:00-19:00 (weekdays) (default),0.101,4.252,1.7,0.747,15,p/kWh
dno_data_enhanced/sepd_schedule-of-charges-and-other-tables-embedded-networks-april-2024_v0.3.xlsx,SSEN Southern,20.0,2024,GREEN,Annex 4 LDNO charges_E,"23:00-07:00 (all days), all day (weekends) (default)",0.101,16.42,5.42904347826087,0.747,23,p/kWh
dno_data_enhanced/sepd_schedule-of-charges-and-other-tables-embedded-networks-april-2024_v0.3.xlsx,SSEN Southern,20.0,2024,RED,Annex 4 LDNO charges_F,16:00-19:00 (weekdays) (default),0.11,3.569,1.5336842105263158,0.549,19,p/kWh
dno_data_enhanced/sepd_schedule-of-charges-and-other-tables-embedded-networks-april-2024_v0.3.xlsx,SSEN Southern,20.0,2024,GREEN,Annex 4 LDNO charges_F,"23:00-07:00 (all days), all day (weekends) (default)",0.11,19.41,6.011260869565218,0.549,23,p/kWh
dno_data_enhanced/sepd_schedule-of-charges-and-other-tables-embedded-networks-april-2024_v0.3.xlsx,SSEN Southern,20.0,2024,RED,Annex 4 LDNO charges_G,16:00-19:00 (weekdays) (default),0.101,7.822,3.169666666666666,1.586,15,p/kWh
dno_data_enhanced/sepd_schedule-of-charges-and-other-tables-embedded-networks-april-2024_v0.3.xlsx,SSEN Southern,20.0,2024,GREEN,Annex 4 LDNO charges_G,"23:00-07:00 (all days), all day (weekends) (default)",0.101,9.22,4.545739130434783,1.586,23,p/kWh
dno_data_enhanced/sepd_schedule-of-charges-and-other-tables-embedded-networks-april-2024_v0.3.xlsx,SSEN Southern,20.0,2024,RED,Annex 4 LDNO charges_J,16:00-19:00 (weekdays) (default),0.148,11.554,4.045,0.433,15,p/kWh
dno_data_enhanced/sepd_schedule-of-charges-and-other-tables-embedded-networks-april-2024_v0.3.xlsx,SSEN Southern,20.0,2024,GREEN,Annex 4 LDNO charges_J,"23:00-07:00 (all days), all day (weekends) (default)",0.148,13.56,6.200695652173914,0.433,23,p/kWh
dno_data_enhanced/sepd_schedule-of-charges-and-other-tables-embedded-networks-april-2024_v0.3.xlsx,SSEN Southern,20.0,2024,RED,Annex 4 LDNO charges_K,16:00-19:00 (weekdays) (default),0.087,7.776,2.865666666666667,0.734,15,p/kWh
dno_data_enhanced/sepd_schedule-of-charges-and-other-tables-embedded-networks-april-2024_v0.3.xlsx,SSEN Southern,20.0,2024,GREEN,Annex 4 LDNO charges_K,"23:00-07:00 (all days), all day (weekends) (default)",0.087,16.78,6.282000000000001,0.734,23,p/kWh
dno_data_enhanced/sepd_schedule-of-charges-and-other-tables-embedded-networks-april-2024_v0.3.xlsx,SSEN Southern,20.0,2024,RED,Annex 4 LDNO charges_L,16:00-19:00 (weekdays) (default),0.033,9.242,3.2456666666666667,0.462,15,p/kWh
dno_data_enhanced/sepd_schedule-of-charges-and-other-tables-embedded-networks-april-2024_v0.3.xlsx,SSEN Southern,20.0,2024,GREEN,Annex 4 LDNO charges_L,"23:00-07:00 (all days), all day (weekends) (default)",0.033,18.29,6.909565217391304,0.462,23,p/kWh
dno_data_enhanced/sepd_schedule-of-charges-and-other-tables-embedded-networks-april-2024_v0.3.xlsx,SSEN Southern,20.0,2024,RED,Annex 4 LDNO charges_M,16:00-19:00 (weekdays) (default),0.095,2.1,1.171578947368421,0.657,19,p/kWh
dno_data_enhanced/sepd_schedule-of-charges-and-other-tables-embedded-networks-april-2024_v0.3.xlsx,SSEN Southern,20.0,2024,GREEN,Annex 4 LDNO charges_M,"23:00-07:00 (all days), all day (weekends) (default)",0.095,17.47,5.210086956521739,0.657,23,p/kWh
dno_data_enhanced/sepd_schedule-of-charges-and-other-tables-embedded-networks-april-2024_v0.3.xlsx,SSEN Southern,20.0,2024,RED,Annex 5 LLFs_A,16:00-19:00 (weekdays) (default),1.006,1.127,1.0419,1.034,10,p/kWh
dno_data_enhanced/sepd_schedule-of-charges-and-other-tables-embedded-networks-april-2024_v0.3.xlsx,SSEN Southern,20.0,2024,AMBER,Annex 5 LLFs_A,"07:00-16:00, 19:00-23:00 (weekdays) (default)",1.004,1.092,1.0323,1.027,10,p/kWh
dno_data_enhanced/sepd_schedule-of-charges-and-other-tables-embedded-networks-april-2024_v0.3.xlsx,SSEN Southern,20.0,2024,GREEN,Annex 5 LLFs_A,"23:00-07:00 (all days), all day (weekends) (default)",1.005,1.111,1.0376999999999998,1.031,10,p/kWh
dno_data_enhanced/sepd_schedule-of-charges-and-other-tables-embedded-networks-april-2024_v0.3.xlsx,SSEN Southern,20.0,2024,RED,Annex 5 LLFs_J,16:00-19:00 (weekdays) (default),1.005,1.078,1.0301428571428572,1.024,7,p/kWh
dno_data_enhanced/sepd_schedule-of-charges-and-other-tables-embedded-networks-april-2024_v0.3.xlsx,SSEN Southern,20.0,2024,AMBER,Annex 5 LLFs_J,"07:00-16:00, 19:00-23:00 (weekdays) (default)",1.005,1.083,1.0317142857142856,1.025,7,p/kWh
dno_data_enhanced/sepd_schedule-of-charges-and-other-tables-embedded-networks-april-2024_v0.3.xlsx,SSEN Southern,20.0,2024,GREEN,Annex 5 LLFs_J,"23:00-07:00 (all days), all day (weekends) (default)",1.004,1.07,1.0277142857142858,1.022,7,p/kWh
dno_data_enhanced/sepd_schedule-of-charges-and-other-tables-embedded-networks-april-2024_v0.3.xlsx,SSEN Southern,20.0,2024,RED,Nodal prices_A,16:00-19:00 (weekdays) (default),1.4058814497362928,2.8455021089676067,2.1256702783672843,2.845288630253314,4,p/kWh
dno_data_enhanced/sepd_schedule-of-charges-and-other-tables-embedded-networks-april-2024_v0.3.xlsx,SSEN Southern,20.0,2024,GREEN,Nodal prices_A,"23:00-07:00 (all days), all day (weekends) (default)",0.2567953866712986,2.8284961277384895,1.1695703507236863,1.0110304398377776,6,p/kWh
dno_data_enhanced/sepd_schedule-of-charges-and-other-tables-embedded-networks-april-2024_v0.3.xlsx,SSEN Southern,20.0,2024,RED,Nodal prices_B,16:00-19:00 (weekdays) (default),3.044339517870155,3.044339517870155,3.044339517870155,3.044339517870155,1,p/kWh
dno_data_enhanced/sepd_schedule-of-charges-and-other-tables-embedded-networks-april-2024_v0.3.xlsx,SSEN Southern,20.0,2024,GREEN,Nodal prices_B,"23:00-07:00 (all days), all day (weekends) (default)",4.95069574636514,5.238643687289392,5.094669716827266,5.238643687289392,2,p/kWh
dno_data_enhanced/sepd_schedule-of-charges-and-other-tables-embedded-networks-april-2024_v0.3.xlsx,SSEN Southern,20.0,2024,AMBER,Nodal prices_C,"07:00-16:00, 19:00-23:00 (weekdays) (default)",0.0055625751321623,0.0055625751321623,0.0055625751321623,0.0055625751321623,1,p/kWh
dno_data_enhanced/sepd_schedule-of-charges-and-other-tables-embedded-networks-april-2024_v0.3.xlsx,SSEN Southern,20.0,2024,GREEN,Nodal prices_C,"23:00-07:00 (all days), all day (weekends) (default)",9.652889774034356e-06,0.8278472093242271,0.4139284311070005,0.8278472093242271,2,p/kWh
dno_data_enhanced/sepd_schedule-of-charges-and-other-tables-embedded-networks-april-2024_v0.3.xlsx,SSEN Southern,20.0,2024,GREEN,Nodal prices_D,"23:00-07:00 (all days), all day (weekends) (default)",0.361808480935453,3.0,2.7201391139181115,3.0,13,p/kWh
dno_data_enhanced/sepd_schedule-of-charges-and-other-tables-embedded-networks-april-2024_v0.3.xlsx,SSEN Southern,20.0,2024,RED,Nodal prices_F,16:00-19:00 (weekdays) (default),0.302611060029,0.852737401533,0.577674230781,0.852737401533,2,p/kWh
dno_data_enhanced/sepd_schedule-of-charges-and-other-tables-embedded-networks-april-2024_v0.3.xlsx,SSEN Southern,20.0,2024,AMBER,Nodal prices_F,"07:00-16:00, 19:00-23:00 (weekdays) (default)",0.571161885065,0.733590597309,0.652376241187,0.733590597309,2,p/kWh
dno_data_enhanced/sepd_schedule-of-charges-and-other-tables-embedded-networks-april-2024_v0.3.xlsx,SSEN Southern,20.0,2024,GREEN,Nodal prices_F,"23:00-07:00 (all days), all day (weekends) (default)",0.162242001375,2.10363896011,0.73678871160475,0.470501092326,4,p/kWh
dno_data_enhanced/sepd_schedule-of-charges-and-other-tables-embedded-networks-april-2024_v0.3.xlsx,SSEN Southern,20.0,2024,RED,Nodal prices_G,16:00-19:00 (weekdays) (default),0.0214257699068236,6.374166547280039,2.8838491134309456,2.6246568135858985,72,p/kWh
dno_data_enhanced/sepd_schedule-of-charges-and-other-tables-embedded-networks-april-2024_v0.3.xlsx,SSEN Southern,20.0,2024,AMBER,Nodal prices_G,"07:00-16:00, 19:00-23:00 (weekdays) (default)",0.5892086724376507,4.499411680432969,1.8894850836580117,1.553368318244715,32,p/kWh
dno_data_enhanced/sepd_schedule-of-charges-and-other-tables-embedded-networks-april-2024_v0.3.xlsx,SSEN Southern,20.0,2024,GREEN,Nodal prices_G,"23:00-07:00 (all days), all day (weekends) (default)",0.503505592810356,14.68736527112762,4.072156621702779,3.1710139462099014,102,p/kWh
dno_data_enhanced/sepd_schedule-of-charges-and-other-tables-embedded-networks-april-2024_v0.3.xlsx,SSEN Southern,20.0,2024,RED,Nodal prices_J,16:00-19:00 (weekdays) (default),0.0116869242930866,1.802066058063625,0.9068764911783558,1.802066058063625,4,p/kWh
dno_data_enhanced/sepd_schedule-of-charges-and-other-tables-embedded-networks-april-2024_v0.3.xlsx,SSEN Southern,20.0,2024,GREEN,Nodal prices_J,"23:00-07:00 (all days), all day (weekends) (default)",0.0021789649266464,2.05186558633107,1.0270222756288585,2.05186558633107,2,p/kWh
dno_data_enhanced/sepd_schedule-of-charges-and-other-tables-embedded-networks-april-2024_v0.3.xlsx,SSEN Southern,20.0,2024,RED,Nodal prices_K,16:00-19:00 (weekdays) (default),0.1379197315804305,6.323312449266765,1.8291178959533363,0.4631034640649668,4,p/kWh
dno_data_enhanced/sepd_schedule-of-charges-and-other-tables-embedded-networks-april-2024_v0.3.xlsx,SSEN Southern,20.0,2024,RED,Nodal prices_L,16:00-19:00 (weekdays) (default),0.1559477559424647,16.26750579028373,7.518440865738714,5.511622417402568,5,p/kWh
dno_data_enhanced/sepd_schedule-of-charges-and-other-tables-embedded-networks-april-2024_v0.3.xlsx,SSEN Southern,20.0,2024,RED,Nodal prices_M,16:00-19:00 (weekdays) (default),0.178504325314,1.7629294699500002,1.033351155913,1.65674083236,4,p/kWh
dno_data_enhanced/sepd_schedule-of-charges-and-other-tables-embedded-networks-april-2024_v0.3.xlsx,SSEN Southern,20.0,2024,GREEN,Nodal prices_M,"23:00-07:00 (all days), all day (weekends) (default)",0.00668118418824,3.38658374745,0.6568646041587534,0.529888499559,12,p/kWh
dno_data_enhanced/Copy of EMEB-Schedule of charges and other tables-2024 V.0.1 for publishing.xlsx,National Grid East Midlands,12.0,2024,RED,"Annex 1 LV, HV and UMS charges",16:00-19:00 (weekdays) (default),0.123,11.0,4.143055555555556,1.55,18,p/kWh
dno_data_enhanced/Copy of EMEB-Schedule of charges and other tables-2024 V.0.1 for publishing.xlsx,National Grid East Midlands,12.0,2024,GREEN,"Annex 1 LV, HV and UMS charges","23:00-07:00 (all days), all day (weekends) (default)",0.123,18.91,6.813391304347826,1.55,23,p/kWh
dno_data_enhanced/Copy of EMEB-Schedule of charges and other tables-2024 V.0.1 for publishing.xlsx,National Grid East Midlands,12.0,2024,RED,Annex 4 LDNO charges,16:00-19:00 (weekdays) (default),0.084,4.545,1.8963333333333336,1.06,15,p/kWh
dno_data_enhanced/Copy of EMEB-Schedule of charges and other tables-2024 V.0.1 for publishing.xlsx,National Grid East Midlands,12.0,2024,GREEN,Annex 4 LDNO charges,"23:00-07:00 (all days), all day (weekends) (default)",0.084,13.15,4.716913043478261,1.06,23,p/kWh
dno_data_enhanced/Copy of EMEB-Schedule of charges and other tables-2024 V.0.1 for publishing.xlsx,National Grid East Midlands,12.0,2024,RED,Nodal prices,16:00-19:00 (weekdays) (default),3.044339517870155,3.044339517870155,3.044339517870155,3.044339517870155,1,p/kWh
dno_data_enhanced/Copy of EMEB-Schedule of charges and other tables-2024 V.0.1 for publishing.xlsx,National Grid East Midlands,12.0,2024,GREEN,Nodal prices,"23:00-07:00 (all days), all day (weekends) (default)",4.95069574636514,5.238643687289392,5.094669716827266,5.238643687289392,2,p/kWh
dno_data_enhanced/Copy of EMEB-Schedule of charges and other tables-2024 V.0.1 for publishing.xlsx,National Grid East Midlands,12.0,2024,GREEN,Charge Calculator,"23:00-07:00 (all days), all day (weekends) (default)",6.87,6.87,6.87,6.87,1,p/kWh
dno_data_enhanced/ED2 PCFM NPgN 20241223.xlsx,Northern Powergrid Northeast,23.0,2024,RED,SelectedInputs,16:00-19:00 (weekdays) (default),0.0115,45.0,8.191271858525122,0.73,17,p/kWh
dno_data_enhanced/ED2 PCFM NPgN 20241223.xlsx,Northern Powergrid Northeast,23.0,2024,AMBER,SelectedInputs,"07:00-16:00, 19:00-23:00 (weekdays) (default)",20.0,33.3,25.855208060030435,24.265624180091308,3,p/kWh
dno_data_enhanced/ED2 PCFM NPgN 20241223.xlsx,Northern Powergrid Northeast,23.0,2024,GREEN,SelectedInputs,"23:00-07:00 (all days), all day (weekends) (default)",0.8725212464589235,33.3,21.499686350684563,31.826224156279338,4,p/kWh
dno_data_enhanced/ED2 PCFM NPgN 20241223.xlsx,Northern Powergrid Northeast,23.0,2024,RED,InputSummary,16:00-19:00 (weekdays) (default),0.0115,45.0,6.412056152642768,0.9,17,p/kWh
dno_data_enhanced/ED2 PCFM NPgN 20241223.xlsx,Northern Powergrid Northeast,23.0,2024,AMBER,InputSummary,"07:00-16:00, 19:00-23:00 (weekdays) (default)",0.0133845309928688,33.3,7.941576127783464,0.6294050991501415,7,p/kWh
dno_data_enhanced/ED2 PCFM NPgN 20241223.xlsx,Northern Powergrid Northeast,23.0,2024,GREEN,InputSummary,"23:00-07:00 (all days), all day (weekends) (default)",0.0149399155569989,33.3,7.94787217458142,0.6494617563739377,7,p/kWh
dno_data_enhanced/ED2 PCFM NPgN 20241223.xlsx,Northern Powergrid Northeast,23.0,2024,RED,Legacy,16:00-19:00 (weekdays) (default),0.01605385,10.92761890233416,2.26719591604652,1.1974314467848666,35,p/kWh
dno_data_enhanced/ED2 PCFM NPgN 20241223.xlsx,Northern Powergrid Northeast,23.0,2024,AMBER,Legacy,"07:00-16:00, 19:00-23:00 (weekdays) (default)",0.0413701832,33.143241726016555,3.843688734233443,1.3719750170526188,31,p/kWh
dno_data_enhanced/ED2 PCFM NPgN 20241223.xlsx,Northern Powergrid Northeast,23.0,2024,GREEN,Legacy,"23:00-07:00 (all days), all day (weekends) (default)",0.0409301584,2.110642632709192,1.190274948414462,1.296515960730474,10,p/kWh
dno_data_enhanced/ED2 PCFM NPgN 20241223.xlsx,Northern Powergrid Northeast,23.0,2024,RED,Totex,16:00-19:00 (weekdays) (default),0.0073691932467225,36.65886775289015,11.640151810353387,6.082792343682665,35,p/kWh
dno_data_enhanced/ED2 PCFM NPgN 20241223.xlsx,Northern Powergrid Northeast,23.0,2024,AMBER,Totex,"07:00-16:00, 19:00-23:00 (weekdays) (default)",0.1152775223512956,31.749633573807003,13.140712249559009,6.390425774469485,33,p/kWh
dno_data_enhanced/ED2 PCFM NPgN 20241223.xlsx,Northern Powergrid Northeast,23.0,2024,GREEN,Totex,"23:00-07:00 (all days), all day (weekends) (default)",1.0,33.53951475260717,14.421528427824567,8.900618096556766,33,p/kWh
dno_data_enhanced/ED2 PCFM NPgN 20241223.xlsx,Northern Powergrid Northeast,23.0,2024,RED,TIM,16:00-19:00 (weekdays) (default),0.499,0.501,0.5,0.501,4,p/kWh
dno_data_enhanced/ED2 PCFM NPgN 20241223.xlsx,Northern Powergrid Northeast,23.0,2024,AMBER,TIM,"07:00-16:00, 19:00-23:00 (weekdays) (default)",0.501,32.06239647825926,11.668469726566594,4.694905173188366,17,p/kWh
dno_data_enhanced/ED2 PCFM NPgN 20241223.xlsx,Northern Powergrid Northeast,23.0,2024,GREEN,TIM,"23:00-07:00 (all days), all day (weekends) (default)",0.501,33.55278688259744,11.89983280723789,4.914012473226162,17,p/kWh
dno_data_enhanced/ED2 PCFM NPgN 20241223.xlsx,Northern Powergrid Northeast,23.0,2024,RED,Annual Inflation,16:00-19:00 (weekdays) (default),0.0155592894707972,1.50334712603879,0.4949384988243163,0.0258846368797245,11,p/kWh
dno_data_enhanced/ED2 PCFM NPgN 20241223.xlsx,Northern Powergrid Northeast,23.0,2024,AMBER,Annual Inflation,"07:00-16:00, 19:00-23:00 (weekdays) (default)",0.0080067749634311,4.0452569031158125,0.8839285599984987,0.0213882457030804,11,p/kWh
dno_data_enhanced/ED2 PCFM NPgN 20241223.xlsx,Northern Powergrid Northeast,23.0,2024,GREEN,Annual Inflation,"23:00-07:00 (all days), all day (weekends) (default)",0.0367371878102802,11.584699426229506,2.1959658359582823,0.0593011753389423,11,p/kWh
dno_data_enhanced/ED2 PCFM NPgN 20241223.xlsx,Northern Powergrid Northeast,23.0,2024,RED,NPgN,16:00-19:00 (weekdays) (default),0.0115,45.0,8.191271858525122,0.73,17,p/kWh
dno_data_enhanced/ED2 PCFM NPgN 20241223.xlsx,Northern Powergrid Northeast,23.0,2024,AMBER,NPgN,"07:00-16:00, 19:00-23:00 (weekdays) (default)",20.0,33.3,25.855208060030435,24.265624180091308,3,p/kWh
dno_data_enhanced/ED2 PCFM NPgN 20241223.xlsx,Northern Powergrid Northeast,23.0,2024,GREEN,NPgN,"23:00-07:00 (all days), all day (weekends) (default)",0.8725212464589235,33.3,21.499686350684563,31.826224156279338,4,p/kWh
dno_data_enhanced/shepd---schedule-of-charges-and-other-tables_april-2024_v1.2.xlsx,SSEN Hydro,17.0,2024,RED,"Annex 1 LV, HV and UMS charges",16:00-19:00 (weekdays) (default),0.71,8.908,3.7478947368421047,3.024,19,p/kWh
dno_data_enhanced/shepd---schedule-of-charges-and-other-tables_april-2024_v1.2.xlsx,SSEN Hydro,17.0,2024,GREEN,"Annex 1 LV, HV and UMS charges","23:00-07:00 (all days), all day (weekends) (default)",0.71,23.41,9.017565217391304,3.024,23,p/kWh
dno_data_enhanced/shepd---schedule-of-charges-and-other-tables_april-2024_v1.2.xlsx,SSEN Hydro,17.0,2024,RED,Annex 3 Preserved charges,16:00-19:00 (weekdays) (default),0.876,16.74,8.08375,10.988,12,p/kWh
dno_data_enhanced/shepd---schedule-of-charges-and-other-tables_april-2024_v1.2.xlsx,SSEN Hydro,17.0,2024,GREEN,Annex 3 Preserved charges,"23:00-07:00 (all days), all day (weekends) (default)",0.71,8.908,3.6605,3.024,12,p/kWh
dno_data_enhanced/shepd---schedule-of-charges-and-other-tables_april-2024_v1.2.xlsx,SSEN Hydro,17.0,2024,RED,Annex 4 LDNO charges,16:00-19:00 (weekdays) (default),0.491,6.162,2.722368421052632,2.092,19,p/kWh
dno_data_enhanced/shepd---schedule-of-charges-and-other-tables_april-2024_v1.2.xlsx,SSEN Hydro,17.0,2024,GREEN,Annex 4 LDNO charges,"23:00-07:00 (all days), all day (weekends) (default)",0.491,16.41,6.294260869565218,2.092,23,p/kWh
dno_data_enhanced/shepd---schedule-of-charges-and-other-tables_april-2024_v1.2.xlsx,SSEN Hydro,17.0,2024,RED,Annex 5 LLFs,16:00-19:00 (weekdays) (default),0.89,1.241,1.0049066147859922,1.0,514,p/kWh
dno_data_enhanced/shepd---schedule-of-charges-and-other-tables_april-2024_v1.2.xlsx,SSEN Hydro,17.0,2024,AMBER,Annex 5 LLFs,"07:00-16:00, 19:00-23:00 (weekdays) (default)",0.892,1.238,1.0062548638132296,1.001,514,p/kWh
dno_data_enhanced/shepd---schedule-of-charges-and-other-tables_april-2024_v1.2.xlsx,SSEN Hydro,17.0,2024,GREEN,Annex 5 LLFs,"23:00-07:00 (all days), all day (weekends) (default)",0.901,1.347,1.00768093385214,1.001,514,p/kWh
dno_data_enhanced/shepd---schedule-of-charges-and-other-tables_april-2024_v1.2.xlsx,SSEN Hydro,17.0,2024,GREEN,Charge Calculator,"23:00-07:00 (all days), all day (weekends) (default)",4.94,4.94,4.94,4.94,1,p/kWh
dno_data_enhanced/Northern Powergrid (Northeast) - 2024-25 Schedule of charges and other tables v0.2.xlsx,Northern Powergrid Northeast,23.0,2024,RED,"Annex 1 LV, HV and UMS charges",16:00-19:00 (weekdays) (default),0.189,6.126,2.3307894736842107,0.942,19,p/kWh
dno_data_enhanced/Northern Powergrid (Northeast) - 2024-25 Schedule of charges and other tables v0.2.xlsx,Northern Powergrid Northeast,23.0,2024,GREEN,"Annex 1 LV, HV and UMS charges","23:00-07:00 (all days), all day (weekends) (default)",0.189,32.82,10.188521739130437,0.942,23,p/kWh
dno_data_enhanced/Northern Powergrid (Northeast) - 2024-25 Schedule of charges and other tables v0.2.xlsx,Northern Powergrid Northeast,23.0,2024,RED,Annex 4 LDNO charges,16:00-19:00 (weekdays) (default),0.11,3.569,1.5336842105263158,0.549,19,p/kWh
dno_data_enhanced/Northern Powergrid (Northeast) - 2024-25 Schedule of charges and other tables v0.2.xlsx,Northern Powergrid Northeast,23.0,2024,GREEN,Annex 4 LDNO charges,"23:00-07:00 (all days), all day (weekends) (default)",0.11,19.41,6.011260869565218,0.549,23,p/kWh
dno_data_enhanced/Northern Powergrid (Northeast) - 2024-25 Schedule of charges and other tables v0.2.xlsx,Northern Powergrid Northeast,23.0,2024,RED,Annex 5 LLFs,16:00-19:00 (weekdays) (default),0.952,1.178,1.0182777777777778,1.008,108,p/kWh
dno_data_enhanced/Northern Powergrid (Northeast) - 2024-25 Schedule of charges and other tables v0.2.xlsx,Northern Powergrid Northeast,23.0,2024,AMBER,Annex 5 LLFs,"07:00-16:00, 19:00-23:00 (weekdays) (default)",0.948,1.202,1.0172222222222222,1.007,108,p/kWh
dno_data_enhanced/Northern Powergrid (Northeast) - 2024-25 Schedule of charges and other tables v0.2.xlsx,Northern Powergrid Northeast,23.0,2024,GREEN,Annex 5 LLFs,"23:00-07:00 (all days), all day (weekends) (default)",0.948,1.607,1.0203055555555556,1.005,108,p/kWh
dno_data_enhanced/Northern Powergrid (Northeast) - 2024-25 Schedule of charges and other tables v0.2.xlsx,Northern Powergrid Northeast,23.0,2024,RED,Nodal prices,16:00-19:00 (weekdays) (default),0.302611060029,0.852737401533,0.577674230781,0.852737401533,2,p/kWh
dno_data_enhanced/Northern Powergrid (Northeast) - 2024-25 Schedule of charges and other tables v0.2.xlsx,Northern Powergrid Northeast,23.0,2024,AMBER,Nodal prices,"07:00-16:00, 19:00-23:00 (weekdays) (default)",0.571161885065,0.733590597309,0.652376241187,0.733590597309,2,p/kWh
dno_data_enhanced/Northern Powergrid (Northeast) - 2024-25 Schedule of charges and other tables v0.2.xlsx,Northern Powergrid Northeast,23.0,2024,GREEN,Nodal prices,"23:00-07:00 (all days), all day (weekends) (default)",0.162242001375,2.10363896011,0.73678871160475,0.470501092326,4,p/kWh
dno_data_enhanced/MIDE-Schedule of charges and other tables-2024 V.0.1 for publishing.xlsx,National Grid East Midlands,12.0,2024,RED,"Annex 1 LV, HV and UMS charges",16:00-19:00 (weekdays) (default),0.155,34.0,7.8525,1.152,18,p/kWh
dno_data_enhanced/MIDE-Schedule of charges and other tables-2024 V.0.1 for publishing.xlsx,National Grid East Midlands,12.0,2024,GREEN,"Annex 1 LV, HV and UMS charges","23:00-07:00 (all days), all day (weekends) (default)",0.155,24.98,8.284,1.152,23,p/kWh
dno_data_enhanced/MIDE-Schedule of charges and other tables-2024 V.0.1 for publishing.xlsx,National Grid East Midlands,12.0,2024,RED,Annex 4 LDNO charges,16:00-19:00 (weekdays) (default),0.101,4.252,1.7,0.747,15,p/kWh
dno_data_enhanced/MIDE-Schedule of charges and other tables-2024 V.0.1 for publishing.xlsx,National Grid East Midlands,12.0,2024,GREEN,Annex 4 LDNO charges,"23:00-07:00 (all days), all day (weekends) (default)",0.101,16.42,5.42904347826087,0.747,23,p/kWh
dno_data_enhanced/SWAE-Schedule of charges and other tables-2024 V.0.1 for publishing.xlsx,National Grid South Wales,21.0,2024,RED,"Annex 1 LV, HV and UMS charges",16:00-19:00 (weekdays) (default),0.133,11.908,4.388333333333334,1.124,15,p/kWh
dno_data_enhanced/SWAE-Schedule of charges and other tables-2024 V.0.1 for publishing.xlsx,National Grid South Wales,21.0,2024,GREEN,"Annex 1 LV, HV and UMS charges","23:00-07:00 (all days), all day (weekends) (default)",0.133,25.32,9.521826086956525,1.124,23,p/kWh
dno_data_enhanced/SWAE-Schedule of charges and other tables-2024 V.0.1 for publishing.xlsx,National Grid South Wales,21.0,2024,RED,Annex 4 LDNO charges,16:00-19:00 (weekdays) (default),0.087,7.776,2.865666666666667,0.734,15,p/kWh
dno_data_enhanced/SWAE-Schedule of charges and other tables-2024 V.0.1 for publishing.xlsx,National Grid South Wales,21.0,2024,GREEN,Annex 4 LDNO charges,"23:00-07:00 (all days), all day (weekends) (default)",0.087,16.78,6.282000000000001,0.734,23,p/kWh
dno_data_enhanced/SWAE-Schedule of charges and other tables-2024 V.0.1 for publishing.xlsx,National Grid South Wales,21.0,2024,RED,Nodal prices,16:00-19:00 (weekdays) (default),0.1379197315804305,6.323312449266765,1.8291178959533363,0.4631034640649668,4,p/kWh
dno_data_enhanced/SWAE-Schedule of charges and other tables-2024 V.0.1 for publishing.xlsx,National Grid South Wales,21.0,2024,GREEN,Charge Calculator,"23:00-07:00 (all days), all day (weekends) (default)",33.29,33.29,33.29,33.29,1,p/kWh
dno_data_enhanced/shepd_pcdm_v5_20241025_26-27_final.xlsx,SSEN Hydro,17.0,2024,RED,Fixed inputs,16:00-19:00 (weekdays) (default),1.0,1.0,1.0,1.0,7,p/kWh
dno_data_enhanced/shepd_pcdm_v5_20241025_26-27_final.xlsx,SSEN Hydro,17.0,2024,AMBER,Fixed inputs,"07:00-16:00, 19:00-23:00 (weekdays) (default)",1.0,1.0,1.0,1.0,6,p/kWh
dno_data_enhanced/shepd_pcdm_v5_20241025_26-27_final.xlsx,SSEN Hydro,17.0,2024,GREEN,Fixed inputs,"23:00-07:00 (all days), all day (weekends) (default)",1.0,1.0,1.0,1.0,5,p/kWh
dno_data_enhanced/shepd_pcdm_v5_20241025_26-27_final.xlsx,SSEN Hydro,17.0,2024,RED,MEAV,16:00-19:00 (weekdays) (default),0.6101920139035042,0.6101920139035042,0.6101920139035042,0.6101920139035042,1,p/kWh
dno_data_enhanced/shepd_pcdm_v5_20241025_26-27_final.xlsx,SSEN Hydro,17.0,2024,RED,Capitalised,16:00-19:00 (weekdays) (default),0.6101920139035042,0.6101920139035042,0.6101920139035042,0.6101920139035042,1,p/kWh
dno_data_enhanced/shepd_pcdm_v5_20241025_26-27_final.xlsx,SSEN Hydro,17.0,2024,RED,Rev allocation,16:00-19:00 (weekdays) (default),0.0107946802422365,1.0,0.3641213407126812,0.2903843579710756,29,p/kWh
dno_data_enhanced/shepd_pcdm_v5_20241025_26-27_final.xlsx,SSEN Hydro,17.0,2024,AMBER,Rev allocation,"07:00-16:00, 19:00-23:00 (weekdays) (default)",0.3453935739861448,1.0,0.559834558185046,0.4201154248905947,11,p/kWh
dno_data_enhanced/shepd_pcdm_v5_20241025_26-27_final.xlsx,SSEN Hydro,17.0,2024,GREEN,Rev allocation,"23:00-07:00 (all days), all day (weekends) (default)",0.1149410933450466,1.0,0.4690493629435512,0.2831727564761601,12,p/kWh
dno_data_enhanced/shepd_pcdm_v5_20241025_26-27_final.xlsx,SSEN Hydro,17.0,2024,RED,EDCM discounts,16:00-19:00 (weekdays) (default),0.0107946802422365,1.0,0.3982434788681309,0.2903843579710756,12,p/kWh
dno_data_enhanced/shepd_pcdm_v5_20241025_26-27_final.xlsx,SSEN Hydro,17.0,2024,AMBER,EDCM discounts,"07:00-16:00, 19:00-23:00 (weekdays) (default)",0.6986048366499154,1.0,0.9109228289832432,0.940013349234576,24,p/kWh
dno_data_enhanced/shepd_pcdm_v5_20241025_26-27_final.xlsx,SSEN Hydro,17.0,2024,GREEN,EDCM discounts,"23:00-07:00 (all days), all day (weekends) (default)",0.4082204786788396,1.0,0.8071403788935799,0.9002539870664586,23,p/kWh
