file_path,dno_name,mpan_code,year,band,sheet_name,time_period,min_rate,max_rate,mean_rate,median_rate,count,unit
dno_data_enhanced/enwl---schedule-of-charges-and-other-tables--2025-v2_0.xlsx,Electricity North West,16.0,2025,RED,"Annex 1 LV, HV and UMS charges",16:00-19:00 (weekdays) (default),0.14,18.089,7.151,3.224,15,p/kWh
dno_data_enhanced/enwl---schedule-of-charges-and-other-tables--2025-v2_0.xlsx,Electricity North West,16.0,2025,GREEN,"Annex 1 LV, HV and UMS charges","23:00-07:00 (all days), all day (weekends) (default)",0.14,18.089,7.473434782608696,3.224,23,p/kWh
dno_data_enhanced/enwl---schedule-of-charges-and-other-tables--2025-v2_0.xlsx,Electricity North West,16.0,2025,RED,Annex 4 LDNO charges,16:00-19:00 (weekdays) (default),0.09,11.542,4.023421052631579,2.057,19,p/kWh
dno_data_enhanced/enwl---schedule-of-charges-and-other-tables--2025-v2_0.xlsx,Electricity North West,16.0,2025,GREEN,Annex 4 LDNO charges,"23:00-07:00 (all days), all day (weekends) (default)",0.09,11.542,4.770086956521738,2.057,23,p/kWh
dno_data_enhanced/enwl---schedule-of-charges-and-other-tables--2025-v2_0.xlsx,Electricity North West,16.0,2025,RED,Annex 5 LLFs,16:00-19:00 (weekdays) (default),0.932,1.115,1.0038148148148147,1.0,243,p/kWh
dno_data_enhanced/enwl---schedule-of-charges-and-other-tables--2025-v2_0.xlsx,Electricity North West,16.0,2025,AMBER,Annex 5 LLFs,"07:00-16:00, 19:00-23:00 (weekdays) (default)",0.932,1.104,1.003567901234568,1.0,243,p/kWh
dno_data_enhanced/enwl---schedule-of-charges-and-other-tables--2025-v2_0.xlsx,Electricity North West,16.0,2025,GREEN,Annex 5 LLFs,"23:00-07:00 (all days), all day (weekends) (default)",0.932,1.097,1.0029465020576132,1.0,243,p/kWh
dno_data_enhanced/enwl---schedule-of-charges-and-other-tables--2025-v2_0.xlsx,Electricity North West,16.0,2025,RED,Nodal prices,16:00-19:00 (weekdays) (default),0.21,12.46,4.806661929678198,3.1652525432272625,66,p/kWh
dno_data_enhanced/enwl---schedule-of-charges-and-other-tables--2025-v2_0.xlsx,Electricity North West,16.0,2025,AMBER,Nodal prices,"07:00-16:00, 19:00-23:00 (weekdays) (default)",1.2157923675972264,5.6702040592249965,3.052582129850795,2.704089921035211,16,p/kWh
dno_data_enhanced/enwl---schedule-of-charges-and-other-tables--2025-v2_0.xlsx,Electricity North West,16.0,2025,GREEN,Nodal prices,"23:00-07:00 (all days), all day (weekends) (default)",0.3877958413887705,10.816359684140844,3.977571942558445,3.741705820967326,102,p/kWh
dno_data_enhanced/enwl-schedule_of_charges-2021-final-v6-llfs.xlsx,Electricity North West,16.0,2021,RED,"Annex 1 LV, HV and UMS charges",16:00-19:00 (weekdays) (default),0.686,9.18,3.915666666666666,1.881,15,p/kWh
dno_data_enhanced/enwl-schedule_of_charges-2021-final-v6-llfs.xlsx,Electricity North West,16.0,2021,GREEN,"Annex 1 LV, HV and UMS charges","23:00-07:00 (all days), all day (weekends) (default)",0.686,9.18,3.7896521739130433,1.881,23,p/kWh
dno_data_enhanced/enwl-schedule_of_charges-2021-final-v6-llfs.xlsx,Electricity North West,16.0,2021,RED,Annex 4 LDNO charges,16:00-19:00 (weekdays) (default),0.44,5.889,2.511666666666667,1.206,15,p/kWh
dno_data_enhanced/enwl-schedule_of_charges-2021-final-v6-llfs.xlsx,Electricity North West,16.0,2021,GREEN,Annex 4 LDNO charges,"23:00-07:00 (all days), all day (weekends) (default)",0.44,5.889,2.442652173913044,1.206,23,p/kWh
dno_data_enhanced/enwl-schedule_of_charges-2021-final-v6-llfs.xlsx,Electricity North West,16.0,2021,RED,Annex 5 LLFs,16:00-19:00 (weekdays) (default),0.941,1.096,1.0019085365853655,1.0,164,p/kWh
dno_data_enhanced/enwl-schedule_of_charges-2021-final-v6-llfs.xlsx,Electricity North West,16.0,2021,AMBER,Annex 5 LLFs,"07:00-16:00, 19:00-23:00 (weekdays) (default)",0.941,1.092,1.0017865853658536,1.0,164,p/kWh
dno_data_enhanced/enwl-schedule_of_charges-2021-final-v6-llfs.xlsx,Electricity North West,16.0,2021,GREEN,Annex 5 LLFs,"23:00-07:00 (all days), all day (weekends) (default)",0.941,1.092,1.0015975609756098,1.0,164,p/kWh
dno_data_enhanced/enwl-schedule_of_charges-2021-final-v6-llfs.xlsx,Electricity North West,16.0,2021,RED,Nodal prices,16:00-19:00 (weekdays) (default),0.04,12.48,2.6777777777777776,2.08,54,p/kWh
dno_data_enhanced/enwl-schedule_of_charges-2021-final-v6-llfs.xlsx,Electricity North West,16.0,2021,AMBER,Nodal prices,"07:00-16:00, 19:00-23:00 (weekdays) (default)",0.39,20.08,3.2971428571428567,1.63,21,p/kWh
dno_data_enhanced/enwl-schedule_of_charges-2021-final-v6-llfs.xlsx,Electricity North West,16.0,2021,GREEN,Nodal prices,"23:00-07:00 (all days), all day (weekends) (default)",0.39,14.3,4.430277777777778,3.74,72,p/kWh
dno_data_enhanced/enwl-schedule_of_charges-2021-final-v6-llfs.xlsx,Electricity North West,16.0,2021,GREEN,Charge Calculator,"23:00-07:00 (all days), all day (weekends) (default)",0.214,17.11,5.120425,3.26,40,p/kWh
dno_data_enhanced/enwl---schedule-of-charges-and-other-tables---2020-final-v3.xlsx,Electricity North West,16.0,2020,RED,Annex 1 LV and HV charges,16:00-19:00 (weekdays) (default),0.685,3.92,2.3210526315789473,2.615,19,p/kWh
dno_data_enhanced/enwl---schedule-of-charges-and-other-tables---2020-final-v3.xlsx,Electricity North West,16.0,2020,GREEN,Annex 1 LV and HV charges,"23:00-07:00 (all days), all day (weekends) (default)",1.0,3.92,2.5653333333333337,2.192,15,p/kWh
dno_data_enhanced/enwl---schedule-of-charges-and-other-tables---2020-final-v3.xlsx,Electricity North West,16.0,2020,RED,Annex 4 LDNO charges,16:00-19:00 (weekdays) (default),0.441,2.52,1.6431578947368422,1.683,19,p/kWh
dno_data_enhanced/enwl---schedule-of-charges-and-other-tables---2020-final-v3.xlsx,Electricity North West,16.0,2020,GREEN,Annex 4 LDNO charges,"23:00-07:00 (all days), all day (weekends) (default)",1.0,2.52,1.7446666666666666,1.41,15,p/kWh
dno_data_enhanced/enwl---schedule-of-charges-and-other-tables---2020-final-v3.xlsx,Electricity North West,16.0,2020,RED,Annex 5 LLFs,16:00-19:00 (weekdays) (default),0.941,1.125,1.0029240506329111,1.0,158,p/kWh
dno_data_enhanced/enwl---schedule-of-charges-and-other-tables---2020-final-v3.xlsx,Electricity North West,16.0,2020,AMBER,Annex 5 LLFs,"07:00-16:00, 19:00-23:00 (weekdays) (default)",0.941,1.125,1.0027974683544305,1.0,158,p/kWh
dno_data_enhanced/enwl---schedule-of-charges-and-other-tables---2020-final-v3.xlsx,Electricity North West,16.0,2020,GREEN,Annex 5 LLFs,"23:00-07:00 (all days), all day (weekends) (default)",0.941,1.125,1.0025569620253163,1.0,158,p/kWh
dno_data_enhanced/enwl---schedule-of-charges-and-other-tables---2020-final-v3.xlsx,Electricity North West,16.0,2020,RED,Nodal prices,16:00-19:00 (weekdays) (default),0.72,11.96,3.785,2.79,40,p/kWh
dno_data_enhanced/enwl---schedule-of-charges-and-other-tables---2020-final-v3.xlsx,Electricity North West,16.0,2020,AMBER,Nodal prices,"07:00-16:00, 19:00-23:00 (weekdays) (default)",0.34,20.61,2.487391304347826,1.04,23,p/kWh
dno_data_enhanced/enwl---schedule-of-charges-and-other-tables---2020-final-v3.xlsx,Electricity North West,16.0,2020,GREEN,Nodal prices,"23:00-07:00 (all days), all day (weekends) (default)",0.34,10.62,3.965694444444445,3.17,72,p/kWh
dno_data_enhanced/enwl---schedule-of-charges-and-other-tables---2020-final-v3.xlsx,Electricity North West,16.0,2020,RED,SSC TPR unit rate lookup,16:00-19:00 (weekdays) (default),1.0,2.0,1.4745762711864407,1.0,59,p/kWh
dno_data_enhanced/enwl---schedule-of-charges-and-other-tables---2020-final-v3.xlsx,Electricity North West,16.0,2020,GREEN,SSC TPR unit rate lookup,"23:00-07:00 (all days), all day (weekends) (default)",1.0,2.0,1.4610778443113772,1.0,167,p/kWh
dno_data_enhanced/enwl-schedule_of_charges_and_other_tables-2022v7_final.xlsx,Electricity North West,16.0,2022,RED,"Annex 1 LV, HV and UMS charges",16:00-19:00 (weekdays) (default),0.214,8.351,3.360666666666667,1.517,15,p/kWh
dno_data_enhanced/enwl-schedule_of_charges_and_other_tables-2022v7_final.xlsx,Electricity North West,16.0,2022,GREEN,"Annex 1 LV, HV and UMS charges","23:00-07:00 (all days), all day (weekends) (default)",0.214,20.25,7.549608695652173,1.517,23,p/kWh
dno_data_enhanced/enwl-schedule_of_charges_and_other_tables-2022v7_final.xlsx,Electricity North West,16.0,2022,RED,Annex 4 LDNO charges,16:00-19:00 (weekdays) (default),0.139,5.44,2.189,0.988,15,p/kWh
dno_data_enhanced/enwl-schedule_of_charges_and_other_tables-2022v7_final.xlsx,Electricity North West,16.0,2022,GREEN,Annex 4 LDNO charges,"23:00-07:00 (all days), all day (weekends) (default)",0.139,16.49,5.778347826086956,0.988,23,p/kWh
dno_data_enhanced/enwl-schedule_of_charges_and_other_tables-2022v7_final.xlsx,Electricity North West,16.0,2022,RED,Annex 5 LLFs,16:00-19:00 (weekdays) (default),0.976,1.093,1.0022426035502958,1.0,169,p/kWh
dno_data_enhanced/enwl-schedule_of_charges_and_other_tables-2022v7_final.xlsx,Electricity North West,16.0,2022,AMBER,Annex 5 LLFs,"07:00-16:00, 19:00-23:00 (weekdays) (default)",0.976,1.085,1.0021538461538462,1.0,169,p/kWh
dno_data_enhanced/enwl-schedule_of_charges_and_other_tables-2022v7_final.xlsx,Electricity North West,16.0,2022,GREEN,Annex 5 LLFs,"23:00-07:00 (all days), all day (weekends) (default)",0.976,1.073,1.002,1.0,169,p/kWh
dno_data_enhanced/enwl-schedule_of_charges_and_other_tables-2022v7_final.xlsx,Electricity North West,16.0,2022,RED,Annex 7 Pass-Through Costs,16:00-19:00 (weekdays) (default),0.069553035014731,0.069553035014731,0.069553035014731,0.069553035014731,8,p/kWh
dno_data_enhanced/enwl-schedule_of_charges_and_other_tables-2022v7_final.xlsx,Electricity North West,16.0,2022,AMBER,Annex 7 Pass-Through Costs,"07:00-16:00, 19:00-23:00 (weekdays) (default)",9.349999999999998,9.36,9.3525,9.35,8,p/kWh
dno_data_enhanced/enwl-schedule_of_charges_and_other_tables-2022v7_final.xlsx,Electricity North West,16.0,2022,GREEN,Annex 7 Pass-Through Costs,"23:00-07:00 (all days), all day (weekends) (default)",0.0388799278328753,0.0388799278328753,0.0388799278328753,0.0388799278328753,158,p/kWh
dno_data_enhanced/enwl-schedule_of_charges_and_other_tables-2022v7_final.xlsx,Electricity North West,16.0,2022,RED,Nodal prices,16:00-19:00 (weekdays) (default),0.08,7.64,2.382222222222222,1.77,54,p/kWh
dno_data_enhanced/enwl-schedule_of_charges_and_other_tables-2022v7_final.xlsx,Electricity North West,16.0,2022,AMBER,Nodal prices,"07:00-16:00, 19:00-23:00 (weekdays) (default)",0.72,12.24,2.735238095238095,2.12,21,p/kWh
dno_data_enhanced/enwl-schedule_of_charges_and_other_tables-2022v7_final.xlsx,Electricity North West,16.0,2022,GREEN,Nodal prices,"23:00-07:00 (all days), all day (weekends) (default)",0.72,10.65,4.267222222222222,3.54,72,p/kWh
dno_data_enhanced/enwl---schedule-of-charges-and-other-tables--2023-final-v2.xlsx,Electricity North West,16.0,2023,RED,"Annex 1 LV, HV and UMS charges",16:00-19:00 (weekdays) (default),0.19,10.266,4.197333333333334,2.136,15,p/kWh
dno_data_enhanced/enwl---schedule-of-charges-and-other-tables--2023-final-v2.xlsx,Electricity North West,16.0,2023,GREEN,"Annex 1 LV, HV and UMS charges","23:00-07:00 (all days), all day (weekends) (default)",0.19,14.89,6.722869565217391,2.136,23,p/kWh
dno_data_enhanced/enwl---schedule-of-charges-and-other-tables--2023-final-v2.xlsx,Electricity North West,16.0,2023,RED,Annex 4 LDNO charges,16:00-19:00 (weekdays) (default),0.124,6.684,2.732666666666667,1.39,15,p/kWh
dno_data_enhanced/enwl---schedule-of-charges-and-other-tables--2023-final-v2.xlsx,Electricity North West,16.0,2023,GREEN,Annex 4 LDNO charges,"23:00-07:00 (all days), all day (weekends) (default)",0.124,10.68,4.634086956521739,1.39,23,p/kWh
dno_data_enhanced/enwl---schedule-of-charges-and-other-tables--2023-final-v2.xlsx,Electricity North West,16.0,2023,RED,Annex 5 LLFs,16:00-19:00 (weekdays) (default),0.93,1.083,1.0014418604651163,1.0,172,p/kWh
dno_data_enhanced/enwl---schedule-of-charges-and-other-tables--2023-final-v2.xlsx,Electricity North West,16.0,2023,AMBER,Annex 5 LLFs,"07:00-16:00, 19:00-23:00 (weekdays) (default)",0.93,1.077,1.0013662790697673,1.0,172,p/kWh
dno_data_enhanced/enwl---schedule-of-charges-and-other-tables--2023-final-v2.xlsx,Electricity North West,16.0,2023,GREEN,Annex 5 LLFs,"23:00-07:00 (all days), all day (weekends) (default)",0.93,1.072,1.0012848837209305,1.0,172,p/kWh
dno_data_enhanced/enwl---schedule-of-charges-and-other-tables--2023-final-v2.xlsx,Electricity North West,16.0,2023,RED,Annex 7 Pass-Through Costs,16:00-19:00 (weekdays) (default),0.1330312723094033,0.1330312723094033,0.1330312723094033,0.1330312723094033,8,p/kWh
dno_data_enhanced/enwl---schedule-of-charges-and-other-tables--2023-final-v2.xlsx,Electricity North West,16.0,2023,AMBER,Annex 7 Pass-Through Costs,"07:00-16:00, 19:00-23:00 (weekdays) (default)",2.58,2.58,2.58,2.58,8,p/kWh
dno_data_enhanced/enwl---schedule-of-charges-and-other-tables--2023-final-v2.xlsx,Electricity North West,16.0,2023,GREEN,Annex 7 Pass-Through Costs,"23:00-07:00 (all days), all day (weekends) (default)",0.1116743494586706,0.1116743494586706,0.1116743494586706,0.1116743494586706,158,p/kWh
dno_data_enhanced/enwl---schedule-of-charges-and-other-tables--2023-final-v2.xlsx,Electricity North West,16.0,2023,RED,Nodal prices,16:00-19:00 (weekdays) (default),0.34,5.08,2.6295238095238096,2.99,42,p/kWh
dno_data_enhanced/enwl---schedule-of-charges-and-other-tables--2023-final-v2.xlsx,Electricity North West,16.0,2023,AMBER,Nodal prices,"07:00-16:00, 19:00-23:00 (weekdays) (default)",0.52,12.4,2.5376190476190477,1.66,21,p/kWh
dno_data_enhanced/enwl---schedule-of-charges-and-other-tables--2023-final-v2.xlsx,Electricity North West,16.0,2023,GREEN,Nodal prices,"23:00-07:00 (all days), all day (weekends) (default)",0.52,15.25,4.403611111111111,3.84,72,p/kWh
dno_data_enhanced/enwl---schedule-of-charges-and-other-tables--2026-27-v1_0-final.xlsx,Electricity North West,16.0,2026,RED,"Annex 1 LV, HV and UMS charges",16:00-19:00 (weekdays) (default),0.15,16.206,6.307,2.565,15,p/kWh
dno_data_enhanced/enwl---schedule-of-charges-and-other-tables--2026-27-v1_0-final.xlsx,Electricity North West,16.0,2026,GREEN,"Annex 1 LV, HV and UMS charges","23:00-07:00 (all days), all day (weekends) (default)",0.15,16.206,4.982608695652174,2.565,23,p/kWh
dno_data_enhanced/enwl---schedule-of-charges-and-other-tables--2026-27-v1_0-final.xlsx,Electricity North West,16.0,2026,RED,Annex 4 LDNO charges,16:00-19:00 (weekdays) (default),0.095,10.264,3.574473684210526,1.624,19,p/kWh
dno_data_enhanced/enwl---schedule-of-charges-and-other-tables--2026-27-v1_0-final.xlsx,Electricity North West,16.0,2026,GREEN,Annex 4 LDNO charges,"23:00-07:00 (all days), all day (weekends) (default)",0.095,10.264,3.157130434782609,1.624,23,p/kWh
dno_data_enhanced/enwl---schedule-of-charges-and-other-tables--2026-27-v1_0-final.xlsx,Electricity North West,16.0,2026,RED,Nodal prices,16:00-19:00 (weekdays) (default),0.14,9.55,3.5072044122006183,2.315421380503534,42,p/kWh
dno_data_enhanced/enwl---schedule-of-charges-and-other-tables--2026-27-v1_0-final.xlsx,Electricity North West,16.0,2026,AMBER,Nodal prices,"07:00-16:00, 19:00-23:00 (weekdays) (default)",1.4458287353370487,5.846177060275893,3.0710764351135684,2.9335655499592295,16,p/kWh
dno_data_enhanced/enwl---schedule-of-charges-and-other-tables--2026-27-v1_0-final.xlsx,Electricity North West,16.0,2026,GREEN,Nodal prices,"23:00-07:00 (all days), all day (weekends) (default)",0.4924199316002992,12.100957893581825,3.742296572738642,3.499324620308509,82,p/kWh
dno_data_enhanced/enwl-schedule-of-charges-and-other-table--april-2018.xlsx,Electricity North West,16.0,2018,RED,Annex 1 LV and HV charges,16:00-19:00 (weekdays) (default),0.686,3.31,2.14,2.536,19,p/kWh
dno_data_enhanced/enwl-schedule-of-charges-and-other-table--april-2018.xlsx,Electricity North West,16.0,2018,GREEN,Annex 1 LV and HV charges,"23:00-07:00 (all days), all day (weekends) (default)",1.0,3.31,2.3256666666666663,2.205,15,p/kWh
dno_data_enhanced/enwl-schedule-of-charges-and-other-table--april-2018.xlsx,Electricity North West,16.0,2018,RED,Annex 4 LDNO charges,16:00-19:00 (weekdays) (default),0.441,2.08,1.513421052631579,1.63,19,p/kWh
dno_data_enhanced/enwl-schedule-of-charges-and-other-table--april-2018.xlsx,Electricity North West,16.0,2018,GREEN,Annex 4 LDNO charges,"23:00-07:00 (all days), all day (weekends) (default)",1.0,2.08,1.5710000000000002,1.417,15,p/kWh
dno_data_enhanced/enwl-schedule-of-charges-and-other-table--april-2018.xlsx,Electricity North West,16.0,2018,RED,Annex 5 LLFs,16:00-19:00 (weekdays) (default),0.978,1.173,1.0093657142857142,1.0,175,p/kWh
dno_data_enhanced/enwl-schedule-of-charges-and-other-table--april-2018.xlsx,Electricity North West,16.0,2018,AMBER,Annex 5 LLFs,"07:00-16:00, 19:00-23:00 (weekdays) (default)",0.978,1.173,1.0088114285714285,1.0,175,p/kWh
dno_data_enhanced/enwl-schedule-of-charges-and-other-table--april-2018.xlsx,Electricity North West,16.0,2018,GREEN,Annex 5 LLFs,"23:00-07:00 (all days), all day (weekends) (default)",0.978,1.173,1.0079942857142856,1.0,175,p/kWh
dno_data_enhanced/enwl-schedule-of-charges-and-other-table--april-2018.xlsx,Electricity North West,16.0,2018,RED,Nodal prices,16:00-19:00 (weekdays) (default),0.74,10.48,3.2555555555555555,2.6,18,p/kWh
dno_data_enhanced/enwl-schedule-of-charges-and-other-table--april-2018.xlsx,Electricity North West,16.0,2018,AMBER,Nodal prices,"07:00-16:00, 19:00-23:00 (weekdays) (default)",0.16,7.39,1.9291666666666665,1.55,12,p/kWh
dno_data_enhanced/enwl-schedule-of-charges-and-other-table--april-2018.xlsx,Electricity North West,16.0,2018,GREEN,Nodal prices,"23:00-07:00 (all days), all day (weekends) (default)",0.16,10.49,4.070833333333334,3.18,36,p/kWh
dno_data_enhanced/enwl-schedule-of-charges-and-other-table--april-2018.xlsx,Electricity North West,16.0,2018,RED,SSC TPR unit rate lookup,16:00-19:00 (weekdays) (default),1.0,2.0,1.4745762711864407,1.0,59,p/kWh
dno_data_enhanced/enwl-schedule-of-charges-and-other-table--april-2018.xlsx,Electricity North West,16.0,2018,GREEN,SSC TPR unit rate lookup,"23:00-07:00 (all days), all day (weekends) (default)",1.0,2.0,1.4610778443113772,1.0,167,p/kWh
