DNO_Name,MPAN_Code,DNO_Key,Short_Code,Band,Time_Period,Min_Rate_p_kWh,Max_Rate_p_kWh,Mean_Rate_p_kWh,Median_Rate_p_kWh,GSP_Group_ID,GSP_Group_Name,Count,Unit,File_Path
Electricity North West,16,ENWL,ENWL,AMBER,"07:00-16:00, 19:00-23:00 (weekdays) (default)",0.976,1.085,1.0021538461538462,1.0,G,North West,169,p/kWh,dno_data_enhanced/enwl-schedule_of_charges_and_other_tables-2022v7_final.xlsx
Electricity North West,16,ENWL,ENWL,AMBER,"07:00-16:00, 19:00-23:00 (weekdays) (default)",9.349999999999998,9.36,9.3525,9.35,G,North West,8,p/kWh,dno_data_enhanced/enwl-schedule_of_charges_and_other_tables-2022v7_final.xlsx
Electricity North West,16,ENWL,ENWL,AMBER,"07:00-16:00, 19:00-23:00 (weekdays) (default)",0.72,12.24,2.735238095238095,2.12,G,North West,21,p/kWh,dno_data_enhanced/enwl-schedule_of_charges_and_other_tables-2022v7_final.xlsx
Electricity North West,16,ENWL,ENWL,GREEN,"23:00-07:00 (all days), all day (weekends) (default)",0.214,20.25,7.549608695652173,1.517,G,North West,23,p/kWh,dno_data_enhanced/enwl-schedule_of_charges_and_other_tables-2022v7_final.xlsx
Electricity North West,16,ENWL,ENWL,GREEN,"23:00-07:00 (all days), all day (weekends) (default)",0.139,16.49,5.778347826086956,0.988,G,North West,23,p/kWh,dno_data_enhanced/enwl-schedule_of_charges_and_other_tables-2022v7_final.xlsx
Electricity North West,16,ENWL,ENWL,GREEN,"23:00-07:00 (all days), all day (weekends) (default)",0.976,1.073,1.002,1.0,G,North West,169,p/kWh,dno_data_enhanced/enwl-schedule_of_charges_and_other_tables-2022v7_final.xlsx
Electricity North West,16,ENWL,ENWL,GREEN,"23:00-07:00 (all days), all day (weekends) (default)",0.0388799278328753,0.0388799278328753,0.0388799278328753,0.0388799278328753,G,North West,158,p/kWh,dno_data_enhanced/enwl-schedule_of_charges_and_other_tables-2022v7_final.xlsx
Electricity North West,16,ENWL,ENWL,GREEN,"23:00-07:00 (all days), all day (weekends) (default)",0.72,10.65,4.267222222222222,3.54,G,North West,72,p/kWh,dno_data_enhanced/enwl-schedule_of_charges_and_other_tables-2022v7_final.xlsx
Electricity North West,16,ENWL,ENWL,RED,16:00-19:00 (weekdays) (default),0.214,8.351,3.360666666666667,1.517,G,North West,15,p/kWh,dno_data_enhanced/enwl-schedule_of_charges_and_other_tables-2022v7_final.xlsx
Electricity North West,16,ENWL,ENWL,RED,16:00-19:00 (weekdays) (default),0.139,5.44,2.189,0.988,G,North West,15,p/kWh,dno_data_enhanced/enwl-schedule_of_charges_and_other_tables-2022v7_final.xlsx
Electricity North West,16,ENWL,ENWL,RED,16:00-19:00 (weekdays) (default),0.976,1.093,1.0022426035502958,1.0,G,North West,169,p/kWh,dno_data_enhanced/enwl-schedule_of_charges_and_other_tables-2022v7_final.xlsx
Electricity North West,16,ENWL,ENWL,RED,16:00-19:00 (weekdays) (default),0.069553035014731,0.069553035014731,0.069553035014731,0.069553035014731,G,North West,8,p/kWh,dno_data_enhanced/enwl-schedule_of_charges_and_other_tables-2022v7_final.xlsx
Electricity North West,16,ENWL,ENWL,RED,16:00-19:00 (weekdays) (default),0.08,7.64,2.382222222222222,1.77,G,North West,54,p/kWh,dno_data_enhanced/enwl-schedule_of_charges_and_other_tables-2022v7_final.xlsx
National Grid Electricity Distribution – East Midlands (EMID),12,UKPN-LPN,LPN,GREEN,"23:00-07:00 (all days), all day (weekends) (default)",0.089,13.33,5.294913043478261,1.209,C,London,23,p/kWh,dno_data_enhanced/EMEB-Schedule of charges and other tables-2022 V.0.1.xlsx
National Grid Electricity Distribution – East Midlands (EMID),12,UKPN-LPN,LPN,GREEN,"23:00-07:00 (all days), all day (weekends) (default)",0.062,9.31,3.695652173913043,0.843,C,London,23,p/kWh,dno_data_enhanced/EMEB-Schedule of charges and other tables-2022 V.0.1.xlsx
National Grid Electricity Distribution – East Midlands (EMID),12,UKPN-LPN,LPN,GREEN,"23:00-07:00 (all days), all day (weekends) (default)",0.09,16.39,5.856347826086957,0.951,C,London,23,p/kWh,dno_data_enhanced/MIDE-Schedule of charges and other tables-2022 V.0.1.xlsx
National Grid Electricity Distribution – East Midlands (EMID),12,UKPN-LPN,LPN,GREEN,"23:00-07:00 (all days), all day (weekends) (default)",0.059,10.89,3.888,0.63,C,London,23,p/kWh,dno_data_enhanced/MIDE-Schedule of charges and other tables-2022 V.0.1.xlsx
National Grid Electricity Distribution – East Midlands (EMID),12,UKPN-LPN,LPN,RED,16:00-19:00 (weekdays) (default),0.089,11.0,4.083611111111111,1.209,C,London,18,p/kWh,dno_data_enhanced/EMEB-Schedule of charges and other tables-2022 V.0.1.xlsx
National Grid Electricity Distribution – East Midlands (EMID),12,UKPN-LPN,LPN,RED,16:00-19:00 (weekdays) (default),0.062,4.742,1.8823333333333332,0.843,C,London,15,p/kWh,dno_data_enhanced/EMEB-Schedule of charges and other tables-2022 V.0.1.xlsx
National Grid Electricity Distribution – East Midlands (EMID),12,UKPN-LPN,LPN,RED,16:00-19:00 (weekdays) (default),0.09,34.0,7.628611111111111,0.951,C,London,18,p/kWh,dno_data_enhanced/MIDE-Schedule of charges and other tables-2022 V.0.1.xlsx
National Grid Electricity Distribution – East Midlands (EMID),12,UKPN-LPN,LPN,RED,16:00-19:00 (weekdays) (default),0.059,3.99,1.5596666666666663,0.63,C,London,15,p/kWh,dno_data_enhanced/MIDE-Schedule of charges and other tables-2022 V.0.1.xlsx
National Grid Electricity Distribution – South Wales (SWALES),21,NGED-SWales,SWALES,GREEN,"23:00-07:00 (all days), all day (weekends) (default)",0.161,16.15,6.7150869565217395,1.131,K,South Wales,23,p/kWh,dno_data_enhanced/SWAE-Schedule of charges and other tables-2022 V.0.1.xlsx
National Grid Electricity Distribution – South Wales (SWALES),21,NGED-SWales,SWALES,GREEN,"23:00-07:00 (all days), all day (weekends) (default)",0.107,10.77,4.473434782608695,0.752,K,South Wales,23,p/kWh,dno_data_enhanced/SWAE-Schedule of charges and other tables-2022 V.0.1.xlsx
National Grid Electricity Distribution – South Wales (SWALES),21,NGED-SWales,SWALES,RED,16:00-19:00 (weekdays) (default),0.161,9.959,3.750333333333333,1.131,K,South Wales,15,p/kWh,dno_data_enhanced/SWAE-Schedule of charges and other tables-2022 V.0.1.xlsx
National Grid Electricity Distribution – South Wales (SWALES),21,NGED-SWales,SWALES,RED,16:00-19:00 (weekdays) (default),0.107,6.623,2.494,0.752,K,South Wales,15,p/kWh,dno_data_enhanced/SWAE-Schedule of charges and other tables-2022 V.0.1.xlsx
National Grid Electricity Distribution – South Wales (SWALES),21,NGED-SWales,SWALES,RED,16:00-19:00 (weekdays) (default),0.04598833,8.75462947,2.5576022025,0.98637451,K,South Wales,4,p/kWh,dno_data_enhanced/SWAE-Schedule of charges and other tables-2022 V.0.1.xlsx
National Grid Electricity Distribution – South West (SWEST),22,NGED-SW,SWEST,GREEN,"23:00-07:00 (all days), all day (weekends) (default)",0.069,19.44,8.409695652173912,0.724,L,South Western,23,p/kWh,dno_data_enhanced/SWEB-Schedule of charges and other tables-2022 V.0.1.xlsx
National Grid Electricity Distribution – South West (SWEST),22,NGED-SW,SWEST,GREEN,"23:00-07:00 (all days), all day (weekends) (default)",0.043,12.08,5.218086956521739,0.448,L,South Western,23,p/kWh,dno_data_enhanced/SWEB-Schedule of charges and other tables-2022 V.0.1.xlsx
National Grid Electricity Distribution – South West (SWEST),22,NGED-SW,SWEST,RED,16:00-19:00 (weekdays) (default),0.069,14.405,5.066,0.724,L,South Western,15,p/kWh,dno_data_enhanced/SWEB-Schedule of charges and other tables-2022 V.0.1.xlsx
National Grid Electricity Distribution – South West (SWEST),22,NGED-SW,SWEST,RED,16:00-19:00 (weekdays) (default),0.043,8.918,3.136333333333333,0.448,L,South Western,15,p/kWh,dno_data_enhanced/SWEB-Schedule of charges and other tables-2022 V.0.1.xlsx
National Grid Electricity Distribution – South West (SWEST),22,NGED-SW,SWEST,RED,16:00-19:00 (weekdays) (default),0.3489256997509984,19.170008252728213,7.156858510060408,1.1867893752347696,L,South Western,5,p/kWh,dno_data_enhanced/SWEB-Schedule of charges and other tables-2022 V.0.1.xlsx
Scottish Hydro Electric Power Distribution (SHEPD),17,SSE-SHEPD,SHEPD,AMBER,"07:00-16:00, 19:00-23:00 (weekdays) (default)",9.263345010360473,9.263345010360473,9.263345010360473,9.263345010360473,P,North Scotland,8,p/kWh,dno_data_enhanced/shepd_schedule-of-charges-and-other-tables-april-2022.xlsx
Scottish Hydro Electric Power Distribution (SHEPD),17,SSE-SHEPD,SHEPD,AMBER,"07:00-16:00, 19:00-23:00 (weekdays) (default)",0.892,1.266,1.006517716535433,1.001,P,North Scotland,508,p/kWh,dno_data_enhanced/shepd_schedule-of-charges-and-other-tables-april-2022_v1.3.xlsx
Scottish Hydro Electric Power Distribution (SHEPD),17,SSE-SHEPD,SHEPD,AMBER,"07:00-16:00, 19:00-23:00 (weekdays) (default)",9.847662688723949,9.847662688723949,9.847662688723949,9.847662688723949,P,North Scotland,8,p/kWh,dno_data_enhanced/shepd_schedule-of-charges-and-other-tables-april-2022_v1.3.xlsx
Scottish Hydro Electric Power Distribution (SHEPD),17,SSE-SHEPD,SHEPD,AMBER,"07:00-16:00, 19:00-23:00 (weekdays) (default)",0.006,1.014,0.2443881168177687,0.06611,P,North Scotland,11,p/kWh,dno_data_enhanced/shepd_cdcm_v9_20221027_final.xlsx
Scottish Hydro Electric Power Distribution (SHEPD),17,SSE-SHEPD,SHEPD,AMBER,"07:00-16:00, 19:00-23:00 (weekdays) (default)",0.004,0.008,0.005,0.004,P,North Scotland,20,p/kWh,dno_data_enhanced/shepd_cdcm_v9_20221027_final.xlsx
Scottish Hydro Electric Power Distribution (SHEPD),17,SSE-SHEPD,SHEPD,AMBER,"07:00-16:00, 19:00-23:00 (weekdays) (default)",0.123478523085507,0.1935626446771114,0.1655793141788752,0.1796967747740071,P,North Scotland,4,p/kWh,dno_data_enhanced/shepd---arp_v7_2022-23_pre-release_20201106.xlsx
Scottish Hydro Electric Power Distribution (SHEPD),17,SSE-SHEPD,SHEPD,AMBER,"07:00-16:00, 19:00-23:00 (weekdays) (default)",0.05,0.533,0.3325666666666667,0.3571,P,North Scotland,16,p/kWh,dno_data_enhanced/shepd---arp_v7_2022-23_pre-release_20201106.xlsx
Scottish Hydro Electric Power Distribution (SHEPD),17,SSE-SHEPD,SHEPD,AMBER,"07:00-16:00, 19:00-23:00 (weekdays) (default)",0.0041617122473246,1.096,0.3970854997406904,0.3776666666666666,P,North Scotland,55,p/kWh,dno_data_enhanced/shepd---arp_v7_2022-23_pre-release_20201106.xlsx
Scottish Hydro Electric Power Distribution (SHEPD),17,SSE-SHEPD,SHEPD,AMBER,"07:00-16:00, 19:00-23:00 (weekdays) (default)",0.0064338235294117,1.015,0.2396421244530869,0.15,P,North Scotland,11,p/kWh,dno_data_enhanced/shepd---arp_v7_2022-23_pre-release_20201106.xlsx
Scottish Hydro Electric Power Distribution (SHEPD),17,SSE-SHEPD,SHEPD,AMBER,"07:00-16:00, 19:00-23:00 (weekdays) (default)",0.0041617122473246,0.0075667495405902,0.005012971570641,0.0041617122473246,P,North Scotland,20,p/kWh,dno_data_enhanced/shepd---arp_v7_2022-23_pre-release_20201106.xlsx
Scottish Hydro Electric Power Distribution (SHEPD),17,SSE-SHEPD,SHEPD,AMBER,"07:00-16:00, 19:00-23:00 (weekdays) (default)",0.0064338235294117,1.015,0.2396421244530869,0.15,P,North Scotland,11,p/kWh,dno_data_enhanced/shepd_cdcm_v7_2022-23_pre-release_20201106_final_v1.1.xlsx
Scottish Hydro Electric Power Distribution (SHEPD),17,SSE-SHEPD,SHEPD,AMBER,"07:00-16:00, 19:00-23:00 (weekdays) (default)",0.0041617122473246,0.0075667495405902,0.005012971570641,0.0041617122473246,P,North Scotland,20,p/kWh,dno_data_enhanced/shepd_cdcm_v7_2022-23_pre-release_20201106_final_v1.1.xlsx
Scottish Hydro Electric Power Distribution (SHEPD),17,SSE-SHEPD,SHEPD,AMBER,"07:00-16:00, 19:00-23:00 (weekdays) (default)",1.0,1.0,1.0,1.0,P,North Scotland,6,p/kWh,dno_data_enhanced/shepd_pcdm_v5_20221027_final.xlsx
Scottish Hydro Electric Power Distribution (SHEPD),17,SSE-SHEPD,SHEPD,AMBER,"07:00-16:00, 19:00-23:00 (weekdays) (default)",0.3379090454556433,1.0,0.5558811861426098,0.4201154248905947,P,North Scotland,11,p/kWh,dno_data_enhanced/shepd_pcdm_v5_20221027_final.xlsx
Scottish Hydro Electric Power Distribution (SHEPD),17,SSE-SHEPD,SHEPD,AMBER,"07:00-16:00, 19:00-23:00 (weekdays) (default)",0.6997231163371487,1.0,0.9111676069372288,0.9400508943030484,P,North Scotland,24,p/kWh,dno_data_enhanced/shepd_pcdm_v5_20221027_final.xlsx
Scottish Hydro Electric Power Distribution (SHEPD),17,SSE-SHEPD,SHEPD,AMBER,"07:00-16:00, 19:00-23:00 (weekdays) (default)",1.0,1.0,1.0,1.0,P,North Scotland,6,p/kWh,dno_data_enhanced/shepd_pcdm_v4_2022-23_pre-release_20201106_final.xlsx
Scottish Hydro Electric Power Distribution (SHEPD),17,SSE-SHEPD,SHEPD,AMBER,"07:00-16:00, 19:00-23:00 (weekdays) (default)",0.3518253334897677,1.0,0.5578554908629445,0.4201154248905947,P,North Scotland,11,p/kWh,dno_data_enhanced/shepd_pcdm_v4_2022-23_pre-release_20201106_final.xlsx
Scottish Hydro Electric Power Distribution (SHEPD),17,SSE-SHEPD,SHEPD,AMBER,"07:00-16:00, 19:00-23:00 (weekdays) (default)",0.6976427338320053,1.0,0.9107122362648202,0.9399810476408084,P,North Scotland,24,p/kWh,dno_data_enhanced/shepd_pcdm_v4_2022-23_pre-release_20201106_final.xlsx
Scottish Hydro Electric Power Distribution (SHEPD),17,SSE-SHEPD,SHEPD,GREEN,"23:00-07:00 (all days), all day (weekends) (default)",0.019,27.13,9.181347826086956,0.962,P,North Scotland,23,p/kWh,dno_data_enhanced/shepd_schedule-of-charges-and-other-tables-april-2022.xlsx
Scottish Hydro Electric Power Distribution (SHEPD),17,SSE-SHEPD,SHEPD,GREEN,"23:00-07:00 (all days), all day (weekends) (default)",0.012,20.18,6.544652173913043,0.585,P,North Scotland,23,p/kWh,dno_data_enhanced/shepd_schedule-of-charges-and-other-tables-april-2022.xlsx
Scottish Hydro Electric Power Distribution (SHEPD),17,SSE-SHEPD,SHEPD,GREEN,"23:00-07:00 (all days), all day (weekends) (default)",0.03449169710709,0.03449169710709,0.03449169710709,0.03449169710709,P,North Scotland,158,p/kWh,dno_data_enhanced/shepd_schedule-of-charges-and-other-tables-april-2022.xlsx
Scottish Hydro Electric Power Distribution (SHEPD),17,SSE-SHEPD,SHEPD,GREEN,"23:00-07:00 (all days), all day (weekends) (default)",3.0,3.0,3.0,3.0,P,North Scotland,1,p/kWh,dno_data_enhanced/shepd_schedule-of-charges-and-other-tables-april-2022.xlsx
Scottish Hydro Electric Power Distribution (SHEPD),17,SSE-SHEPD,SHEPD,GREEN,"23:00-07:00 (all days), all day (weekends) (default)",0.634,27.51,9.720869565217392,1.821,P,North Scotland,23,p/kWh,dno_data_enhanced/shepd_schedule-of-charges-and-other-tables-april-2022_v1.3.xlsx
Scottish Hydro Electric Power Distribution (SHEPD),17,SSE-SHEPD,SHEPD,GREEN,"23:00-07:00 (all days), all day (weekends) (default)",0.634,8.758,3.30325,2.0,P,North Scotland,12,p/kWh,dno_data_enhanced/shepd_schedule-of-charges-and-other-tables-april-2022_v1.3.xlsx
Scottish Hydro Electric Power Distribution (SHEPD),17,SSE-SHEPD,SHEPD,GREEN,"23:00-07:00 (all days), all day (weekends) (default)",0.448,22.34,7.62495652173913,1.286,P,North Scotland,23,p/kWh,dno_data_enhanced/shepd_schedule-of-charges-and-other-tables-april-2022_v1.3.xlsx
Scottish Hydro Electric Power Distribution (SHEPD),17,SSE-SHEPD,SHEPD,GREEN,"23:00-07:00 (all days), all day (weekends) (default)",0.901,1.347,1.0074527559055118,1.001,P,North Scotland,508,p/kWh,dno_data_enhanced/shepd_schedule-of-charges-and-other-tables-april-2022_v1.3.xlsx
Scottish Hydro Electric Power Distribution (SHEPD),17,SSE-SHEPD,SHEPD,GREEN,"23:00-07:00 (all days), all day (weekends) (default)",0.0496960682104958,0.0496960682104958,0.0496960682104958,0.0496960682104958,P,North Scotland,158,p/kWh,dno_data_enhanced/shepd_schedule-of-charges-and-other-tables-april-2022_v1.3.xlsx
Scottish Hydro Electric Power Distribution (SHEPD),17,SSE-SHEPD,SHEPD,GREEN,"23:00-07:00 (all days), all day (weekends) (default)",0.004,1.027,0.2623159284995456,0.178159284995456,P,North Scotland,10,p/kWh,dno_data_enhanced/shepd_cdcm_v9_20221027_final.xlsx
Scottish Hydro Electric Power Distribution (SHEPD),17,SSE-SHEPD,SHEPD,GREEN,"23:00-07:00 (all days), all day (weekends) (default)",0.389,0.425,0.4174210526315789,0.425,P,North Scotland,19,p/kWh,dno_data_enhanced/shepd_cdcm_v9_20221027_final.xlsx
Scottish Hydro Electric Power Distribution (SHEPD),17,SSE-SHEPD,SHEPD,GREEN,"23:00-07:00 (all days), all day (weekends) (default)",3.251902937420179,3.251902937420179,3.251902937420179,3.251902937420179,P,North Scotland,1,p/kWh,dno_data_enhanced/shepd_cdcm_v9_20221027_final.xlsx
Scottish Hydro Electric Power Distribution (SHEPD),17,SSE-SHEPD,SHEPD,GREEN,"23:00-07:00 (all days), all day (weekends) (default)",0.019,17.87,6.765695652173912,0.962,P,North Scotland,23,p/kWh,dno_data_enhanced/shepd_schedule-of-charges-and-other-tables-embedded-networks-april-2022.xlsx
Scottish Hydro Electric Power Distribution (SHEPD),17,SSE-SHEPD,SHEPD,GREEN,"23:00-07:00 (all days), all day (weekends) (default)",0.012,10.92,4.129,0.585,P,North Scotland,23,p/kWh,dno_data_enhanced/shepd_schedule-of-charges-and-other-tables-embedded-networks-april-2022.xlsx
Scottish Hydro Electric Power Distribution (SHEPD),17,SSE-SHEPD,SHEPD,GREEN,"23:00-07:00 (all days), all day (weekends) (default)",3.0,3.0,3.0,3.0,P,North Scotland,1,p/kWh,dno_data_enhanced/shepd_schedule-of-charges-and-other-tables-embedded-networks-april-2022.xlsx
Scottish Hydro Electric Power Distribution (SHEPD),17,SSE-SHEPD,SHEPD,GREEN,"23:00-07:00 (all days), all day (weekends) (default)",0.3981568755556073,0.7803892767695262,0.5744452845350306,0.6975467931256519,P,North Scotland,8,p/kWh,dno_data_enhanced/shepd---arp_v7_2022-23_pre-release_20201106.xlsx
Scottish Hydro Electric Power Distribution (SHEPD),17,SSE-SHEPD,SHEPD,GREEN,"23:00-07:00 (all days), all day (weekends) (default)",0.05,0.533,0.3325666666666667,0.3571,P,North Scotland,16,p/kWh,dno_data_enhanced/shepd---arp_v7_2022-23_pre-release_20201106.xlsx
Scottish Hydro Electric Power Distribution (SHEPD),17,SSE-SHEPD,SHEPD,GREEN,"23:00-07:00 (all days), all day (weekends) (default)",0.0041617122473246,1.09,0.3988253888231074,0.33,P,North Scotland,55,p/kWh,dno_data_enhanced/shepd---arp_v7_2022-23_pre-release_20201106.xlsx
Scottish Hydro Electric Power Distribution (SHEPD),17,SSE-SHEPD,SHEPD,GREEN,"23:00-07:00 (all days), all day (weekends) (default)",0.0041617122473246,1.028,0.256125692357583,0.18,P,North Scotland,10,p/kWh,dno_data_enhanced/shepd---arp_v7_2022-23_pre-release_20201106.xlsx
Scottish Hydro Electric Power Distribution (SHEPD),17,SSE-SHEPD,SHEPD,GREEN,"23:00-07:00 (all days), all day (weekends) (default)",0.388968842196157,0.42522380337704,0.4175911799705383,0.42522380337704,P,North Scotland,19,p/kWh,dno_data_enhanced/shepd---arp_v7_2022-23_pre-release_20201106.xlsx
Scottish Hydro Electric Power Distribution (SHEPD),17,SSE-SHEPD,SHEPD,GREEN,"23:00-07:00 (all days), all day (weekends) (default)",5.216842911877395,5.216842911877395,5.216842911877395,5.216842911877395,P,North Scotland,1,p/kWh,dno_data_enhanced/shepd---arp_v7_2022-23_pre-release_20201106.xlsx
Scottish Hydro Electric Power Distribution (SHEPD),17,SSE-SHEPD,SHEPD,GREEN,"23:00-07:00 (all days), all day (weekends) (default)",0.0041617122473246,1.028,0.256125692357583,0.18,P,North Scotland,10,p/kWh,dno_data_enhanced/shepd_cdcm_v7_2022-23_pre-release_20201106_final_v1.1.xlsx
Scottish Hydro Electric Power Distribution (SHEPD),17,SSE-SHEPD,SHEPD,GREEN,"23:00-07:00 (all days), all day (weekends) (default)",0.388968842196157,0.42522380337704,0.4175911799705383,0.42522380337704,P,North Scotland,19,p/kWh,dno_data_enhanced/shepd_cdcm_v7_2022-23_pre-release_20201106_final_v1.1.xlsx
Scottish Hydro Electric Power Distribution (SHEPD),17,SSE-SHEPD,SHEPD,GREEN,"23:00-07:00 (all days), all day (weekends) (default)",5.216842911877395,5.216842911877395,5.216842911877395,5.216842911877395,P,North Scotland,1,p/kWh,dno_data_enhanced/shepd_cdcm_v7_2022-23_pre-release_20201106_final_v1.1.xlsx
Scottish Hydro Electric Power Distribution (SHEPD),17,SSE-SHEPD,SHEPD,GREEN,"23:00-07:00 (all days), all day (weekends) (default)",1.0,1.0,1.0,1.0,P,North Scotland,5,p/kWh,dno_data_enhanced/shepd_pcdm_v5_20221027_final.xlsx
Scottish Hydro Electric Power Distribution (SHEPD),17,SSE-SHEPD,SHEPD,GREEN,"23:00-07:00 (all days), all day (weekends) (default)",0.1166273100900771,1.0,0.4709715196197193,0.2821688004133141,P,North Scotland,12,p/kWh,dno_data_enhanced/shepd_pcdm_v5_20221027_final.xlsx
Scottish Hydro Electric Power Distribution (SHEPD),17,SSE-SHEPD,SHEPD,GREEN,"23:00-07:00 (all days), all day (weekends) (default)",0.4052191784991305,1.0,0.8059037521274992,0.8997932600323172,P,North Scotland,23,p/kWh,dno_data_enhanced/shepd_pcdm_v5_20221027_final.xlsx
Scottish Hydro Electric Power Distribution (SHEPD),17,SSE-SHEPD,SHEPD,GREEN,"23:00-07:00 (all days), all day (weekends) (default)",1.0,1.0,1.0,1.0,P,North Scotland,5,p/kWh,dno_data_enhanced/shepd_pcdm_v4_2022-23_pre-release_20201106_final.xlsx
Scottish Hydro Electric Power Distribution (SHEPD),17,SSE-SHEPD,SHEPD,GREEN,"23:00-07:00 (all days), all day (weekends) (default)",0.1270504546698425,1.0,0.4759483153074147,0.2840354967171939,P,North Scotland,12,p/kWh,dno_data_enhanced/shepd_pcdm_v4_2022-23_pre-release_20201106_final.xlsx
Scottish Hydro Electric Power Distribution (SHEPD),17,SSE-SHEPD,SHEPD,GREEN,"23:00-07:00 (all days), all day (weekends) (default)",0.410802622835849,1.0,0.8082019566290807,0.9006461101704555,P,North Scotland,23,p/kWh,dno_data_enhanced/shepd_pcdm_v4_2022-23_pre-release_20201106_final.xlsx
Scottish Hydro Electric Power Distribution (SHEPD),17,SSE-SHEPD,SHEPD,RED,16:00-19:00 (weekdays) (default),0.019,8.501,2.916315789473684,0.962,P,North Scotland,19,p/kWh,dno_data_enhanced/shepd_schedule-of-charges-and-other-tables-april-2022.xlsx
Scottish Hydro Electric Power Distribution (SHEPD),17,SSE-SHEPD,SHEPD,RED,16:00-19:00 (weekdays) (default),0.012,5.173,1.9233333333333331,0.585,P,North Scotland,15,p/kWh,dno_data_enhanced/shepd_schedule-of-charges-and-other-tables-april-2022.xlsx
Scottish Hydro Electric Power Distribution (SHEPD),17,SSE-SHEPD,SHEPD,RED,16:00-19:00 (weekdays) (default),0.0797710879447593,0.0797710879447593,0.0797710879447593,0.0797710879447593,P,North Scotland,8,p/kWh,dno_data_enhanced/shepd_schedule-of-charges-and-other-tables-april-2022.xlsx
Scottish Hydro Electric Power Distribution (SHEPD),17,SSE-SHEPD,SHEPD,RED,16:00-19:00 (weekdays) (default),2.0,3.28739163379731,2.643695816898655,3.28739163379731,P,North Scotland,2,p/kWh,dno_data_enhanced/shepd_schedule-of-charges-and-other-tables-april-2022.xlsx
Scottish Hydro Electric Power Distribution (SHEPD),17,SSE-SHEPD,SHEPD,RED,16:00-19:00 (weekdays) (default),0.634,8.758,3.3718421052631578,1.821,P,North Scotland,19,p/kWh,dno_data_enhanced/shepd_schedule-of-charges-and-other-tables-april-2022_v1.3.xlsx
Scottish Hydro Electric Power Distribution (SHEPD),17,SSE-SHEPD,SHEPD,RED,16:00-19:00 (weekdays) (default),0.727,10.37,5.809,10.05,P,North Scotland,12,p/kWh,dno_data_enhanced/shepd_schedule-of-charges-and-other-tables-april-2022_v1.3.xlsx
Scottish Hydro Electric Power Distribution (SHEPD),17,SSE-SHEPD,SHEPD,RED,16:00-19:00 (weekdays) (default),0.448,6.186,2.505263157894737,1.286,P,North Scotland,19,p/kWh,dno_data_enhanced/shepd_schedule-of-charges-and-other-tables-april-2022_v1.3.xlsx
Scottish Hydro Electric Power Distribution (SHEPD),17,SSE-SHEPD,SHEPD,RED,16:00-19:00 (weekdays) (default),0.89,1.26,1.005507874015748,1.0,P,North Scotland,508,p/kWh,dno_data_enhanced/shepd_schedule-of-charges-and-other-tables-april-2022_v1.3.xlsx
Scottish Hydro Electric Power Distribution (SHEPD),17,SSE-SHEPD,SHEPD,RED,16:00-19:00 (weekdays) (default),0.0252316042748831,0.0252316042748831,0.0252316042748831,0.0252316042748831,P,North Scotland,8,p/kWh,dno_data_enhanced/shepd_schedule-of-charges-and-other-tables-april-2022_v1.3.xlsx
Scottish Hydro Electric Power Distribution (SHEPD),17,SSE-SHEPD,SHEPD,RED,16:00-19:00 (weekdays) (default),0.071,1.0,0.348165612142208,0.2906666666666667,P,North Scotland,7,p/kWh,dno_data_enhanced/shepd_cdcm_v9_20221027_final.xlsx
Scottish Hydro Electric Power Distribution (SHEPD),17,SSE-SHEPD,SHEPD,RED,16:00-19:00 (weekdays) (default),1.093,1.093,1.093,1.093,P,North Scotland,1,p/kWh,dno_data_enhanced/shepd_cdcm_v9_20221027_final.xlsx
Scottish Hydro Electric Power Distribution (SHEPD),17,SSE-SHEPD,SHEPD,RED,16:00-19:00 (weekdays) (default),0.006,0.012,0.0075,0.006,P,North Scotland,20,p/kWh,dno_data_enhanced/shepd_cdcm_v9_20221027_final.xlsx
Scottish Hydro Electric Power Distribution (SHEPD),17,SSE-SHEPD,SHEPD,RED,16:00-19:00 (weekdays) (default),1.0,1.0,1.0,1.0,P,North Scotland,7,p/kWh,dno_data_enhanced/shepd_cdcm_v9_20221027_final.xlsx
Scottish Hydro Electric Power Distribution (SHEPD),17,SSE-SHEPD,SHEPD,RED,16:00-19:00 (weekdays) (default),0.019,8.501,2.916315789473684,0.962,P,North Scotland,19,p/kWh,dno_data_enhanced/shepd_schedule-of-charges-and-other-tables-embedded-networks-april-2022.xlsx
Scottish Hydro Electric Power Distribution (SHEPD),17,SSE-SHEPD,SHEPD,RED,16:00-19:00 (weekdays) (default),0.012,5.173,1.9233333333333331,0.585,P,North Scotland,15,p/kWh,dno_data_enhanced/shepd_schedule-of-charges-and-other-tables-embedded-networks-april-2022.xlsx
Scottish Hydro Electric Power Distribution (SHEPD),17,SSE-SHEPD,SHEPD,RED,16:00-19:00 (weekdays) (default),2.0,3.28739163379731,2.643695816898655,3.28739163379731,P,North Scotland,2,p/kWh,dno_data_enhanced/shepd_schedule-of-charges-and-other-tables-embedded-networks-april-2022.xlsx
Scottish Hydro Electric Power Distribution (SHEPD),17,SSE-SHEPD,SHEPD,RED,16:00-19:00 (weekdays) (default),0.4265539202012754,0.8668396000657262,0.6217052186543788,0.7183166235328212,P,North Scotland,8,p/kWh,dno_data_enhanced/shepd---arp_v7_2022-23_pre-release_20201106.xlsx
Scottish Hydro Electric Power Distribution (SHEPD),17,SSE-SHEPD,SHEPD,RED,16:00-19:00 (weekdays) (default),0.1515,0.4848,0.3415833333333333,0.3571,P,North Scotland,16,p/kWh,dno_data_enhanced/shepd---arp_v7_2022-23_pre-release_20201106.xlsx
Scottish Hydro Electric Power Distribution (SHEPD),17,SSE-SHEPD,SHEPD,RED,16:00-19:00 (weekdays) (default),0.0041617122473246,1.099,0.3962793282170468,0.3562,P,North Scotland,55,p/kWh,dno_data_enhanced/shepd---arp_v7_2022-23_pre-release_20201106.xlsx
Scottish Hydro Electric Power Distribution (SHEPD),17,SSE-SHEPD,SHEPD,RED,16:00-19:00 (weekdays) (default),0.068,1.0,0.3734666666666666,0.3562,P,North Scotland,7,p/kWh,dno_data_enhanced/shepd---arp_v7_2022-23_pre-release_20201106.xlsx
Scottish Hydro Electric Power Distribution (SHEPD),17,SSE-SHEPD,SHEPD,RED,16:00-19:00 (weekdays) (default),1.099,1.099,1.099,1.099,P,North Scotland,1,p/kWh,dno_data_enhanced/shepd---arp_v7_2022-23_pre-release_20201106.xlsx
Scottish Hydro Electric Power Distribution (SHEPD),17,SSE-SHEPD,SHEPD,RED,16:00-19:00 (weekdays) (default),0.0064338235294117,0.0116978609625668,0.0077498328877005,0.0064338235294117,P,North Scotland,20,p/kWh,dno_data_enhanced/shepd---arp_v7_2022-23_pre-release_20201106.xlsx
Scottish Hydro Electric Power Distribution (SHEPD),17,SSE-SHEPD,SHEPD,RED,16:00-19:00 (weekdays) (default),1.0,1.0,1.0,1.0,P,North Scotland,7,p/kWh,dno_data_enhanced/shepd---arp_v7_2022-23_pre-release_20201106.xlsx
Scottish Hydro Electric Power Distribution (SHEPD),17,SSE-SHEPD,SHEPD,RED,16:00-19:00 (weekdays) (default),0.068,1.0,0.3734666666666666,0.3562,P,North Scotland,7,p/kWh,dno_data_enhanced/shepd_cdcm_v7_2022-23_pre-release_20201106_final_v1.1.xlsx
Scottish Hydro Electric Power Distribution (SHEPD),17,SSE-SHEPD,SHEPD,RED,16:00-19:00 (weekdays) (default),1.099,1.099,1.099,1.099,P,North Scotland,1,p/kWh,dno_data_enhanced/shepd_cdcm_v7_2022-23_pre-release_20201106_final_v1.1.xlsx
Scottish Hydro Electric Power Distribution (SHEPD),17,SSE-SHEPD,SHEPD,RED,16:00-19:00 (weekdays) (default),0.0064338235294117,0.0116978609625668,0.0077498328877005,0.0064338235294117,P,North Scotland,20,p/kWh,dno_data_enhanced/shepd_cdcm_v7_2022-23_pre-release_20201106_final_v1.1.xlsx
Scottish Hydro Electric Power Distribution (SHEPD),17,SSE-SHEPD,SHEPD,RED,16:00-19:00 (weekdays) (default),1.0,1.0,1.0,1.0,P,North Scotland,7,p/kWh,dno_data_enhanced/shepd_cdcm_v7_2022-23_pre-release_20201106_final_v1.1.xlsx
Scottish Hydro Electric Power Distribution (SHEPD),17,SSE-SHEPD,SHEPD,RED,16:00-19:00 (weekdays) (default),1.0,1.0,1.0,1.0,P,North Scotland,7,p/kWh,dno_data_enhanced/shepd_pcdm_v5_20221027_final.xlsx
Scottish Hydro Electric Power Distribution (SHEPD),17,SSE-SHEPD,SHEPD,RED,16:00-19:00 (weekdays) (default),0.6488698670126777,0.6488698670126777,0.6488698670126777,0.6488698670126777,P,North Scotland,1,p/kWh,dno_data_enhanced/shepd_pcdm_v5_20221027_final.xlsx
Scottish Hydro Electric Power Distribution (SHEPD),17,SSE-SHEPD,SHEPD,RED,16:00-19:00 (weekdays) (default),0.6488698670126777,0.6488698670126777,0.6488698670126777,0.6488698670126777,P,North Scotland,1,p/kWh,dno_data_enhanced/shepd_pcdm_v5_20221027_final.xlsx
Scottish Hydro Electric Power Distribution (SHEPD),17,SSE-SHEPD,SHEPD,RED,16:00-19:00 (weekdays) (default),0.0107463547523384,1.0,0.3641219099112104,0.2945039378380181,P,North Scotland,29,p/kWh,dno_data_enhanced/shepd_pcdm_v5_20221027_final.xlsx
Scottish Hydro Electric Power Distribution (SHEPD),17,SSE-SHEPD,SHEPD,RED,16:00-19:00 (weekdays) (default),0.0107463547523384,1.0,0.3982280979765252,0.2945039378380181,P,North Scotland,12,p/kWh,dno_data_enhanced/shepd_pcdm_v5_20221027_final.xlsx
Scottish Hydro Electric Power Distribution (SHEPD),17,SSE-SHEPD,SHEPD,RED,16:00-19:00 (weekdays) (default),1.0,1.0,1.0,1.0,P,North Scotland,7,p/kWh,dno_data_enhanced/shepd_pcdm_v4_2022-23_pre-release_20201106_final.xlsx
Scottish Hydro Electric Power Distribution (SHEPD),17,SSE-SHEPD,SHEPD,RED,16:00-19:00 (weekdays) (default),0.6996835408424757,0.6996835408424757,0.6996835408424757,0.6996835408424757,P,North Scotland,1,p/kWh,dno_data_enhanced/shepd_pcdm_v4_2022-23_pre-release_20201106_final.xlsx
Scottish Hydro Electric Power Distribution (SHEPD),17,SSE-SHEPD,SHEPD,RED,16:00-19:00 (weekdays) (default),0.6996835408424757,0.6996835408424757,0.6996835408424757,0.6996835408424757,P,North Scotland,1,p/kWh,dno_data_enhanced/shepd_pcdm_v4_2022-23_pre-release_20201106_final.xlsx
Scottish Hydro Electric Power Distribution (SHEPD),17,SSE-SHEPD,SHEPD,RED,16:00-19:00 (weekdays) (default),0.0108362566837464,1.0,0.3641264436688392,0.2868401109961562,P,North Scotland,29,p/kWh,dno_data_enhanced/shepd_pcdm_v4_2022-23_pre-release_20201106_final.xlsx
Scottish Hydro Electric Power Distribution (SHEPD),17,SSE-SHEPD,SHEPD,RED,16:00-19:00 (weekdays) (default),0.0108362566837464,1.0,0.3982567116929105,0.2868401109961562,P,North Scotland,12,p/kWh,dno_data_enhanced/shepd_pcdm_v4_2022-23_pre-release_20201106_final.xlsx
Southern Electric Power Distribution (SEPD),20,SSE-SEPD,SEPD,AMBER,"07:00-16:00, 19:00-23:00 (weekdays) (default)",0.012370413198693,1.013,0.2723628041513933,0.0771435895169734,H,Southern,11,p/kWh,dno_data_enhanced/sepd_cdcm_v9_20221027_final.xlsx
Southern Electric Power Distribution (SEPD),20,SSE-SEPD,SEPD,AMBER,"07:00-16:00, 19:00-23:00 (weekdays) (default)",0.0244009259838578,0.0663810136980219,0.0348959479123988,0.0244009259838578,H,Southern,20,p/kWh,dno_data_enhanced/sepd_cdcm_v9_20221027_final.xlsx
Southern Electric Power Distribution (SEPD),20,SSE-SEPD,SEPD,AMBER,"07:00-16:00, 19:00-23:00 (weekdays) (default)",1.003,1.084,1.0379999999999998,1.037,H,Southern,10,p/kWh,dno_data_enhanced/sepd_schedule-of-charges-and-other-tables-embedded-networks-april-2022.xlsx
Southern Electric Power Distribution (SEPD),20,SSE-SEPD,SEPD,AMBER,"07:00-16:00, 19:00-23:00 (weekdays) (default)",1.004,1.084,1.0394285714285714,1.039,H,Southern,7,p/kWh,dno_data_enhanced/sepd_schedule-of-charges-and-other-tables-embedded-networks-april-2022.xlsx
Southern Electric Power Distribution (SEPD),20,SSE-SEPD,SEPD,AMBER,"07:00-16:00, 19:00-23:00 (weekdays) (default)",9.351456707943546,9.351456707943546,9.351456707943546,9.351456707943546,H,Southern,8,p/kWh,dno_data_enhanced/sepd_schedule-of-charges-and-other-tables-embedded-networks-april-2022.xlsx
Southern Electric Power Distribution (SEPD),20,SSE-SEPD,SEPD,AMBER,"07:00-16:00, 19:00-23:00 (weekdays) (default)",9.243015689558773,9.243015689558773,9.243015689558773,9.243015689558773,H,Southern,8,p/kWh,dno_data_enhanced/sepd_schedule-of-charges-and-other-tables-embedded-networks-april-2022.xlsx
Southern Electric Power Distribution (SEPD),20,SSE-SEPD,SEPD,AMBER,"07:00-16:00, 19:00-23:00 (weekdays) (default)",9.6543477519752,9.6543477519752,9.6543477519752,9.6543477519752,H,Southern,8,p/kWh,dno_data_enhanced/sepd_schedule-of-charges-and-other-tables-embedded-networks-april-2022.xlsx
Southern Electric Power Distribution (SEPD),20,SSE-SEPD,SEPD,AMBER,"07:00-16:00, 19:00-23:00 (weekdays) (default)",9.562906122784565,9.562906122784565,9.562906122784565,9.562906122784565,H,Southern,8,p/kWh,dno_data_enhanced/sepd_schedule-of-charges-and-other-tables-embedded-networks-april-2022.xlsx
Southern Electric Power Distribution (SEPD),20,SSE-SEPD,SEPD,AMBER,"07:00-16:00, 19:00-23:00 (weekdays) (default)",9.325970938564298,9.325970938564298,9.325970938564298,9.325970938564298,H,Southern,8,p/kWh,dno_data_enhanced/sepd_schedule-of-charges-and-other-tables-embedded-networks-april-2022.xlsx
Southern Electric Power Distribution (SEPD),20,SSE-SEPD,SEPD,AMBER,"07:00-16:00, 19:00-23:00 (weekdays) (default)",9.35594173566129,9.35594173566129,9.35594173566129,9.35594173566129,H,Southern,8,p/kWh,dno_data_enhanced/sepd_schedule-of-charges-and-other-tables-embedded-networks-april-2022.xlsx
Southern Electric Power Distribution (SEPD),20,SSE-SEPD,SEPD,AMBER,"07:00-16:00, 19:00-23:00 (weekdays) (default)",9.45363201918255,9.45363201918255,9.45363201918255,9.45363201918255,H,Southern,8,p/kWh,dno_data_enhanced/sepd_schedule-of-charges-and-other-tables-embedded-networks-april-2022.xlsx
Southern Electric Power Distribution (SEPD),20,SSE-SEPD,SEPD,AMBER,"07:00-16:00, 19:00-23:00 (weekdays) (default)",9.59254473825386,9.59254473825386,9.59254473825386,9.59254473825386,H,Southern,8,p/kWh,dno_data_enhanced/sepd_schedule-of-charges-and-other-tables-embedded-networks-april-2022.xlsx
Southern Electric Power Distribution (SEPD),20,SSE-SEPD,SEPD,AMBER,"07:00-16:00, 19:00-23:00 (weekdays) (default)",9.52985806923739,9.52985806923739,9.52985806923739,9.52985806923739,H,Southern,8,p/kWh,dno_data_enhanced/sepd_schedule-of-charges-and-other-tables-embedded-networks-april-2022.xlsx
Southern Electric Power Distribution (SEPD),20,SSE-SEPD,SEPD,AMBER,"07:00-16:00, 19:00-23:00 (weekdays) (default)",0.104108067626797,0.104108067626797,0.104108067626797,0.104108067626797,H,Southern,1,p/kWh,dno_data_enhanced/sepd_schedule-of-charges-and-other-tables-embedded-networks-april-2022.xlsx
Southern Electric Power Distribution (SEPD),20,SSE-SEPD,SEPD,AMBER,"07:00-16:00, 19:00-23:00 (weekdays) (default)",0.148706662015,0.189369740099,0.169038201057,0.189369740099,H,Southern,2,p/kWh,dno_data_enhanced/sepd_schedule-of-charges-and-other-tables-embedded-networks-april-2022.xlsx
Southern Electric Power Distribution (SEPD),20,SSE-SEPD,SEPD,AMBER,"07:00-16:00, 19:00-23:00 (weekdays) (default)",0.72,12.24,2.735238095238095,2.12,H,Southern,21,p/kWh,dno_data_enhanced/sepd_schedule-of-charges-and-other-tables-embedded-networks-april-2022.xlsx
Southern Electric Power Distribution (SEPD),20,SSE-SEPD,SEPD,AMBER,"07:00-16:00, 19:00-23:00 (weekdays) (default)",0.0252141726032051,4.818598254478658,2.4219062135409315,4.818598254478658,H,Southern,2,p/kWh,dno_data_enhanced/sepd_schedule-of-charges-and-other-tables-embedded-networks-april-2022.xlsx
Southern Electric Power Distribution (SEPD),20,SSE-SEPD,SEPD,AMBER,"07:00-16:00, 19:00-23:00 (weekdays) (default)",0.012370413198693,1.014,0.2612648292534596,0.0691478481473648,H,Southern,11,p/kWh,dno_data_enhanced/sepd_cdcm_v7_2022-23_pre-release_20201106_final_v1.1.xlsx
Southern Electric Power Distribution (SEPD),20,SSE-SEPD,SEPD,AMBER,"07:00-16:00, 19:00-23:00 (weekdays) (default)",0.0244009259838578,0.0663810136980219,0.0348959479123988,0.0244009259838578,H,Southern,20,p/kWh,dno_data_enhanced/sepd_cdcm_v7_2022-23_pre-release_20201106_final_v1.1.xlsx
Southern Electric Power Distribution (SEPD),20,SSE-SEPD,SEPD,AMBER,"07:00-16:00, 19:00-23:00 (weekdays) (default)",0.0534550617607938,0.0971485708239393,0.0683719343339817,0.0683719343339817,H,Southern,4,p/kWh,dno_data_enhanced/sepd_arp_v7_2022-23_pre-release_20201106.xlsx
Southern Electric Power Distribution (SEPD),20,SSE-SEPD,SEPD,AMBER,"07:00-16:00, 19:00-23:00 (weekdays) (default)",0.0003252766742631,0.7571483804067973,0.3860645519099286,0.2736158036399433,H,Southern,16,p/kWh,dno_data_enhanced/sepd_arp_v7_2022-23_pre-release_20201106.xlsx
Southern Electric Power Distribution (SEPD),20,SSE-SEPD,SEPD,AMBER,"07:00-16:00, 19:00-23:00 (weekdays) (default)",0.012370413198693,1.079,0.4000292932959341,0.3247837971723195,H,Southern,65,p/kWh,dno_data_enhanced/sepd_arp_v7_2022-23_pre-release_20201106.xlsx
Southern Electric Power Distribution (SEPD),20,SSE-SEPD,SEPD,AMBER,"07:00-16:00, 19:00-23:00 (weekdays) (default)",0.012370413198693,1.014,0.2612648292534596,0.0691478481473648,H,Southern,11,p/kWh,dno_data_enhanced/sepd_arp_v7_2022-23_pre-release_20201106.xlsx
Southern Electric Power Distribution (SEPD),20,SSE-SEPD,SEPD,AMBER,"07:00-16:00, 19:00-23:00 (weekdays) (default)",0.0244009259838578,0.0663810136980219,0.0348959479123988,0.0244009259838578,H,Southern,20,p/kWh,dno_data_enhanced/sepd_arp_v7_2022-23_pre-release_20201106.xlsx
Southern Electric Power Distribution (SEPD),20,SSE-SEPD,SEPD,AMBER,"07:00-16:00, 19:00-23:00 (weekdays) (default)",1.0,1.0,1.0,1.0,H,Southern,6,p/kWh,dno_data_enhanced/sepd_pcdm_v4_2022-23_pre-release_20201106_final.xlsx
Southern Electric Power Distribution (SEPD),20,SSE-SEPD,SEPD,AMBER,"07:00-16:00, 19:00-23:00 (weekdays) (default)",0.2203677035382389,1.0,0.4517854566417287,0.2713138538304829,H,Southern,11,p/kWh,dno_data_enhanced/sepd_pcdm_v4_2022-23_pre-release_20201106_final.xlsx
Southern Electric Power Distribution (SEPD),20,SSE-SEPD,SEPD,AMBER,"07:00-16:00, 19:00-23:00 (weekdays) (default)",0.6669795982883451,1.0,0.8768363336015458,0.9614953320173256,H,Southern,24,p/kWh,dno_data_enhanced/sepd_pcdm_v4_2022-23_pre-release_20201106_final.xlsx
Southern Electric Power Distribution (SEPD),20,SSE-SEPD,SEPD,AMBER,"07:00-16:00, 19:00-23:00 (weekdays) (default)",1.0,1.0,1.0,1.0,H,Southern,6,p/kWh,dno_data_enhanced/sepd_pcdm_v5_20221027_final.xlsx
Southern Electric Power Distribution (SEPD),20,SSE-SEPD,SEPD,AMBER,"07:00-16:00, 19:00-23:00 (weekdays) (default)",0.2071052291217156,1.0,0.4486127119562944,0.2699005998929483,H,Southern,11,p/kWh,dno_data_enhanced/sepd_pcdm_v5_20221027_final.xlsx
Southern Electric Power Distribution (SEPD),20,SSE-SEPD,SEPD,AMBER,"07:00-16:00, 19:00-23:00 (weekdays) (default)",0.6705135468000383,1.0,0.8780332172261195,0.9615758852256864,H,Southern,24,p/kWh,dno_data_enhanced/sepd_pcdm_v5_20221027_final.xlsx
Southern Electric Power Distribution (SEPD),20,SSE-SEPD,SEPD,AMBER,"07:00-16:00, 19:00-23:00 (weekdays) (default)",0.978,1.117,1.016462571976967,1.013,H,Southern,521,p/kWh,dno_data_enhanced/sepd_schedule-of-charges-and-other-tables-april-2022_v1.3.xlsx
Southern Electric Power Distribution (SEPD),20,SSE-SEPD,SEPD,AMBER,"07:00-16:00, 19:00-23:00 (weekdays) (default)",9.32587570010004,9.32587570010004,9.32587570010004,9.32587570010004,H,Southern,8,p/kWh,dno_data_enhanced/sepd_schedule-of-charges-and-other-tables-april-2022_v1.3.xlsx
Southern Electric Power Distribution (SEPD),20,SSE-SEPD,SEPD,AMBER,"07:00-16:00, 19:00-23:00 (weekdays) (default)",3.46012785002733,3.46012785002733,3.46012785002733,3.46012785002733,H,Southern,2,p/kWh,dno_data_enhanced/sepd_schedule-of-charges-and-other-tables-april-2022_v1.3.xlsx
Southern Electric Power Distribution (SEPD),20,SSE-SEPD,SEPD,GREEN,"23:00-07:00 (all days), all day (weekends) (default)",0.0140703997591475,1.018,0.3011608819515142,0.2297104887386627,H,Southern,10,p/kWh,dno_data_enhanced/sepd_cdcm_v9_20221027_final.xlsx
Southern Electric Power Distribution (SEPD),20,SSE-SEPD,SEPD,GREEN,"23:00-07:00 (all days), all day (weekends) (default)",0.343799317773253,0.383232676781521,0.3521010775644673,0.343799317773253,H,Southern,19,p/kWh,dno_data_enhanced/sepd_cdcm_v9_20221027_final.xlsx
Southern Electric Power Distribution (SEPD),20,SSE-SEPD,SEPD,GREEN,"23:00-07:00 (all days), all day (weekends) (default)",9.830576642437304,9.830576642437304,9.830576642437304,9.830576642437304,H,Southern,1,p/kWh,dno_data_enhanced/sepd_cdcm_v9_20221027_final.xlsx
Southern Electric Power Distribution (SEPD),20,SSE-SEPD,SEPD,GREEN,"23:00-07:00 (all days), all day (weekends) (default)",0.122,16.23,7.791260869565218,0.657,H,Southern,23,p/kWh,dno_data_enhanced/sepd_schedule-of-charges-and-other-tables-embedded-networks-april-2022.xlsx
Southern Electric Power Distribution (SEPD),20,SSE-SEPD,SEPD,GREEN,"23:00-07:00 (all days), all day (weekends) (default)",0.089,22.58,7.7079565217391295,1.209,H,Southern,23,p/kWh,dno_data_enhanced/sepd_schedule-of-charges-and-other-tables-embedded-networks-april-2022.xlsx
Southern Electric Power Distribution (SEPD),20,SSE-SEPD,SEPD,GREEN,"23:00-07:00 (all days), all day (weekends) (default)",0.057,10.86,5.372043478260869,1.785,H,Southern,23,p/kWh,dno_data_enhanced/sepd_schedule-of-charges-and-other-tables-embedded-networks-april-2022.xlsx
Southern Electric Power Distribution (SEPD),20,SSE-SEPD,SEPD,GREEN,"23:00-07:00 (all days), all day (weekends) (default)",0.215,25.21,9.479695652173914,1.938,H,Southern,23,p/kWh,dno_data_enhanced/sepd_schedule-of-charges-and-other-tables-embedded-networks-april-2022.xlsx
Southern Electric Power Distribution (SEPD),20,SSE-SEPD,SEPD,GREEN,"23:00-07:00 (all days), all day (weekends) (default)",0.09,25.72,8.290260869565216,0.951,H,Southern,23,p/kWh,dno_data_enhanced/sepd_schedule-of-charges-and-other-tables-embedded-networks-april-2022.xlsx
Southern Electric Power Distribution (SEPD),20,SSE-SEPD,SEPD,GREEN,"23:00-07:00 (all days), all day (weekends) (default)",0.105,26.45,8.586739130434783,0.8,H,Southern,23,p/kWh,dno_data_enhanced/sepd_schedule-of-charges-and-other-tables-embedded-networks-april-2022.xlsx
Southern Electric Power Distribution (SEPD),20,SSE-SEPD,SEPD,GREEN,"23:00-07:00 (all days), all day (weekends) (default)",0.214,20.25,7.549608695652173,1.517,H,Southern,23,p/kWh,dno_data_enhanced/sepd_schedule-of-charges-and-other-tables-embedded-networks-april-2022.xlsx
Southern Electric Power Distribution (SEPD),20,SSE-SEPD,SEPD,GREEN,"23:00-07:00 (all days), all day (weekends) (default)",0.11,19.71,8.930391304347825,0.719,H,Southern,23,p/kWh,dno_data_enhanced/sepd_schedule-of-charges-and-other-tables-embedded-networks-april-2022.xlsx
Southern Electric Power Distribution (SEPD),20,SSE-SEPD,SEPD,GREEN,"23:00-07:00 (all days), all day (weekends) (default)",0.161,25.74,9.21682608695652,1.131,H,Southern,23,p/kWh,dno_data_enhanced/sepd_schedule-of-charges-and-other-tables-embedded-networks-april-2022.xlsx
Southern Electric Power Distribution (SEPD),20,SSE-SEPD,SEPD,GREEN,"23:00-07:00 (all days), all day (weekends) (default)",0.069,28.97,10.89578260869565,0.724,H,Southern,23,p/kWh,dno_data_enhanced/sepd_schedule-of-charges-and-other-tables-embedded-networks-april-2022.xlsx
Southern Electric Power Distribution (SEPD),20,SSE-SEPD,SEPD,GREEN,"23:00-07:00 (all days), all day (weekends) (default)",0.086,26.09,7.969130434782608,0.879,H,Southern,23,p/kWh,dno_data_enhanced/sepd_schedule-of-charges-and-other-tables-embedded-networks-april-2022.xlsx
Southern Electric Power Distribution (SEPD),20,SSE-SEPD,SEPD,GREEN,"23:00-07:00 (all days), all day (weekends) (default)",0.083,14.08,6.099173913043479,0.448,H,Southern,23,p/kWh,dno_data_enhanced/sepd_schedule-of-charges-and-other-tables-embedded-networks-april-2022.xlsx
Southern Electric Power Distribution (SEPD),20,SSE-SEPD,SEPD,GREEN,"23:00-07:00 (all days), all day (weekends) (default)",0.062,18.56,6.108695652173913,0.843,H,Southern,23,p/kWh,dno_data_enhanced/sepd_schedule-of-charges-and-other-tables-embedded-networks-april-2022.xlsx
Southern Electric Power Distribution (SEPD),20,SSE-SEPD,SEPD,GREEN,"23:00-07:00 (all days), all day (weekends) (default)",0.042,10.56,4.605782608695653,1.301,H,Southern,23,p/kWh,dno_data_enhanced/sepd_schedule-of-charges-and-other-tables-embedded-networks-april-2022.xlsx
Southern Electric Power Distribution (SEPD),20,SSE-SEPD,SEPD,GREEN,"23:00-07:00 (all days), all day (weekends) (default)",0.133,19.32,6.840869565217392,1.202,H,Southern,23,p/kWh,dno_data_enhanced/sepd_schedule-of-charges-and-other-tables-embedded-networks-april-2022.xlsx
Southern Electric Power Distribution (SEPD),20,SSE-SEPD,SEPD,GREEN,"23:00-07:00 (all days), all day (weekends) (default)",0.059,20.22,6.32191304347826,0.63,H,Southern,23,p/kWh,dno_data_enhanced/sepd_schedule-of-charges-and-other-tables-embedded-networks-april-2022.xlsx
Southern Electric Power Distribution (SEPD),20,SSE-SEPD,SEPD,GREEN,"23:00-07:00 (all days), all day (weekends) (default)",0.063,19.57,6.110434782608695,0.477,H,Southern,23,p/kWh,dno_data_enhanced/sepd_schedule-of-charges-and-other-tables-embedded-networks-april-2022.xlsx
Southern Electric Power Distribution (SEPD),20,SSE-SEPD,SEPD,GREEN,"23:00-07:00 (all days), all day (weekends) (default)",0.139,16.49,5.778347826086956,0.988,H,Southern,23,p/kWh,dno_data_enhanced/sepd_schedule-of-charges-and-other-tables-embedded-networks-april-2022.xlsx
Southern Electric Power Distribution (SEPD),20,SSE-SEPD,SEPD,GREEN,"23:00-07:00 (all days), all day (weekends) (default)",0.075,16.48,6.879565217391304,0.49,H,Southern,23,p/kWh,dno_data_enhanced/sepd_schedule-of-charges-and-other-tables-embedded-networks-april-2022.xlsx
Southern Electric Power Distribution (SEPD),20,SSE-SEPD,SEPD,GREEN,"23:00-07:00 (all days), all day (weekends) (default)",0.107,20.36,6.975173913043478,0.752,H,Southern,23,p/kWh,dno_data_enhanced/sepd_schedule-of-charges-and-other-tables-embedded-networks-april-2022.xlsx
Southern Electric Power Distribution (SEPD),20,SSE-SEPD,SEPD,GREEN,"23:00-07:00 (all days), all day (weekends) (default)",0.043,21.61,7.704173913043478,0.448,H,Southern,23,p/kWh,dno_data_enhanced/sepd_schedule-of-charges-and-other-tables-embedded-networks-april-2022.xlsx
Southern Electric Power Distribution (SEPD),20,SSE-SEPD,SEPD,GREEN,"23:00-07:00 (all days), all day (weekends) (default)",0.052,19.46,5.774521739130434,0.527,H,Southern,23,p/kWh,dno_data_enhanced/sepd_schedule-of-charges-and-other-tables-embedded-networks-april-2022.xlsx
Southern Electric Power Distribution (SEPD),20,SSE-SEPD,SEPD,GREEN,"23:00-07:00 (all days), all day (weekends) (default)",1.004,1.099,1.0443,1.043,H,Southern,10,p/kWh,dno_data_enhanced/sepd_schedule-of-charges-and-other-tables-embedded-networks-april-2022.xlsx
Southern Electric Power Distribution (SEPD),20,SSE-SEPD,SEPD,GREEN,"23:00-07:00 (all days), all day (weekends) (default)",1.004,1.071,1.0338571428571428,1.033,H,Southern,7,p/kWh,dno_data_enhanced/sepd_schedule-of-charges-and-other-tables-embedded-networks-april-2022.xlsx
Southern Electric Power Distribution (SEPD),20,SSE-SEPD,SEPD,GREEN,"23:00-07:00 (all days), all day (weekends) (default)",0.0510281593944701,0.0510281593944701,0.0510281593944701,0.0510281593944701,H,Southern,158,p/kWh,dno_data_enhanced/sepd_schedule-of-charges-and-other-tables-embedded-networks-april-2022.xlsx
Southern Electric Power Distribution (SEPD),20,SSE-SEPD,SEPD,GREEN,"23:00-07:00 (all days), all day (weekends) (default)",0.041263685548627,0.041263685548627,0.041263685548627,0.041263685548627,H,Southern,158,p/kWh,dno_data_enhanced/sepd_schedule-of-charges-and-other-tables-embedded-networks-april-2022.xlsx
Southern Electric Power Distribution (SEPD),20,SSE-SEPD,SEPD,GREEN,"23:00-07:00 (all days), all day (weekends) (default)",0.0522267622350527,0.0522267622350527,0.0522267622350527,0.0522267622350527,H,Southern,158,p/kWh,dno_data_enhanced/sepd_schedule-of-charges-and-other-tables-embedded-networks-april-2022.xlsx
Southern Electric Power Distribution (SEPD),20,SSE-SEPD,SEPD,GREEN,"23:00-07:00 (all days), all day (weekends) (default)",0.0667265122388635,0.0667265122388635,0.0667265122388635,0.0667265122388635,H,Southern,158,p/kWh,dno_data_enhanced/sepd_schedule-of-charges-and-other-tables-embedded-networks-april-2022.xlsx
Southern Electric Power Distribution (SEPD),20,SSE-SEPD,SEPD,GREEN,"23:00-07:00 (all days), all day (weekends) (default)",0.0672090347161974,0.0672090347161974,0.0672090347161974,0.0672090347161974,H,Southern,158,p/kWh,dno_data_enhanced/sepd_schedule-of-charges-and-other-tables-embedded-networks-april-2022.xlsx
Southern Electric Power Distribution (SEPD),20,SSE-SEPD,SEPD,GREEN,"23:00-07:00 (all days), all day (weekends) (default)",0.0388799278328753,0.0388799278328753,0.0388799278328753,0.0388799278328753,H,Southern,158,p/kWh,dno_data_enhanced/sepd_schedule-of-charges-and-other-tables-embedded-networks-april-2022.xlsx
Southern Electric Power Distribution (SEPD),20,SSE-SEPD,SEPD,GREEN,"23:00-07:00 (all days), all day (weekends) (default)",0.0652583629709989,0.0652583629709989,0.0652583629709989,0.0652583629709989,H,Southern,158,p/kWh,dno_data_enhanced/sepd_schedule-of-charges-and-other-tables-embedded-networks-april-2022.xlsx
Southern Electric Power Distribution (SEPD),20,SSE-SEPD,SEPD,GREEN,"23:00-07:00 (all days), all day (weekends) (default)",0.0721943444797833,0.0721943444797833,0.0721943444797833,0.0721943444797833,H,Southern,158,p/kWh,dno_data_enhanced/sepd_schedule-of-charges-and-other-tables-embedded-networks-april-2022.xlsx
Southern Electric Power Distribution (SEPD),20,SSE-SEPD,SEPD,GREEN,"23:00-07:00 (all days), all day (weekends) (default)",0.0952349053026654,0.0952349053026654,0.0952349053026654,0.0952349053026654,H,Southern,158,p/kWh,dno_data_enhanced/sepd_schedule-of-charges-and-other-tables-embedded-networks-april-2022.xlsx
Southern Electric Power Distribution (SEPD),20,SSE-SEPD,SEPD,GREEN,"23:00-07:00 (all days), all day (weekends) (default)",0.0282968423445437,0.0282968423445437,0.0282968423445437,0.0282968423445437,H,Southern,1,p/kWh,dno_data_enhanced/sepd_schedule-of-charges-and-other-tables-embedded-networks-april-2022.xlsx
Southern Electric Power Distribution (SEPD),20,SSE-SEPD,SEPD,GREEN,"23:00-07:00 (all days), all day (weekends) (default)",2.24214563958143,2.24214563958143,2.24214563958143,2.24214563958143,H,Southern,1,p/kWh,dno_data_enhanced/sepd_schedule-of-charges-and-other-tables-embedded-networks-april-2022.xlsx
Southern Electric Power Distribution (SEPD),20,SSE-SEPD,SEPD,GREEN,"23:00-07:00 (all days), all day (weekends) (default)",2.0,3.0,2.909090909090909,3.0,H,Southern,11,p/kWh,dno_data_enhanced/sepd_schedule-of-charges-and-other-tables-embedded-networks-april-2022.xlsx
Southern Electric Power Distribution (SEPD),20,SSE-SEPD,SEPD,GREEN,"23:00-07:00 (all days), all day (weekends) (default)",0.1541222362089999,2.2252742984,0.750564623117,0.433160208359,H,Southern,4,p/kWh,dno_data_enhanced/sepd_schedule-of-charges-and-other-tables-embedded-networks-april-2022.xlsx
Southern Electric Power Distribution (SEPD),20,SSE-SEPD,SEPD,GREEN,"23:00-07:00 (all days), all day (weekends) (default)",0.72,10.65,4.267222222222222,3.54,H,Southern,72,p/kWh,dno_data_enhanced/sepd_schedule-of-charges-and-other-tables-embedded-networks-april-2022.xlsx
Southern Electric Power Distribution (SEPD),20,SSE-SEPD,SEPD,GREEN,"23:00-07:00 (all days), all day (weekends) (default)",0.0570385171064828,14.821396404773674,7.439217460940078,14.821396404773674,H,Southern,2,p/kWh,dno_data_enhanced/sepd_schedule-of-charges-and-other-tables-embedded-networks-april-2022.xlsx
Southern Electric Power Distribution (SEPD),20,SSE-SEPD,SEPD,GREEN,"23:00-07:00 (all days), all day (weekends) (default)",0.0129267156397,3.13103783626,0.749874421688225,0.59889689823,H,Southern,12,p/kWh,dno_data_enhanced/sepd_schedule-of-charges-and-other-tables-embedded-networks-april-2022.xlsx
Southern Electric Power Distribution (SEPD),20,SSE-SEPD,SEPD,GREEN,"23:00-07:00 (all days), all day (weekends) (default)",0.0134129874322818,1.019,0.2897526837007479,0.2297104887386627,H,Southern,10,p/kWh,dno_data_enhanced/sepd_cdcm_v7_2022-23_pre-release_20201106_final_v1.1.xlsx
Southern Electric Power Distribution (SEPD),20,SSE-SEPD,SEPD,GREEN,"23:00-07:00 (all days), all day (weekends) (default)",0.343799317773253,0.383232676781521,0.3521010775644673,0.343799317773253,H,Southern,19,p/kWh,dno_data_enhanced/sepd_cdcm_v7_2022-23_pre-release_20201106_final_v1.1.xlsx
Southern Electric Power Distribution (SEPD),20,SSE-SEPD,SEPD,GREEN,"23:00-07:00 (all days), all day (weekends) (default)",9.521372469849393,9.521372469849393,9.521372469849393,9.521372469849393,H,Southern,1,p/kWh,dno_data_enhanced/sepd_cdcm_v7_2022-23_pre-release_20201106_final_v1.1.xlsx
Southern Electric Power Distribution (SEPD),20,SSE-SEPD,SEPD,GREEN,"23:00-07:00 (all days), all day (weekends) (default)",0.3499531760386655,0.706530400130214,0.5309675799946404,0.5990991322472152,H,Southern,8,p/kWh,dno_data_enhanced/sepd_arp_v7_2022-23_pre-release_20201106.xlsx
Southern Electric Power Distribution (SEPD),20,SSE-SEPD,SEPD,GREEN,"23:00-07:00 (all days), all day (weekends) (default)",0.0003252766742631,0.7571483804067973,0.3860645519099286,0.2736158036399433,H,Southern,16,p/kWh,dno_data_enhanced/sepd_arp_v7_2022-23_pre-release_20201106.xlsx
Southern Electric Power Distribution (SEPD),20,SSE-SEPD,SEPD,GREEN,"23:00-07:00 (all days), all day (weekends) (default)",0.0025650962408412,1.089,0.3888448017741733,0.3393962715835692,H,Southern,65,p/kWh,dno_data_enhanced/sepd_arp_v7_2022-23_pre-release_20201106.xlsx
Southern Electric Power Distribution (SEPD),20,SSE-SEPD,SEPD,GREEN,"23:00-07:00 (all days), all day (weekends) (default)",0.0134129874322818,1.019,0.2897526837007479,0.2297104887386627,H,Southern,10,p/kWh,dno_data_enhanced/sepd_arp_v7_2022-23_pre-release_20201106.xlsx
Southern Electric Power Distribution (SEPD),20,SSE-SEPD,SEPD,GREEN,"23:00-07:00 (all days), all day (weekends) (default)",0.343799317773253,0.383232676781521,0.3521010775644673,0.343799317773253,H,Southern,19,p/kWh,dno_data_enhanced/sepd_arp_v7_2022-23_pre-release_20201106.xlsx
Southern Electric Power Distribution (SEPD),20,SSE-SEPD,SEPD,GREEN,"23:00-07:00 (all days), all day (weekends) (default)",9.521372469849393,9.521372469849393,9.521372469849393,9.521372469849393,H,Southern,1,p/kWh,dno_data_enhanced/sepd_arp_v7_2022-23_pre-release_20201106.xlsx
Southern Electric Power Distribution (SEPD),20,SSE-SEPD,SEPD,GREEN,"23:00-07:00 (all days), all day (weekends) (default)",1.0,1.0,1.0,1.0,H,Southern,5,p/kWh,dno_data_enhanced/sepd_pcdm_v4_2022-23_pre-release_20201106_final.xlsx
Southern Electric Power Distribution (SEPD),20,SSE-SEPD,SEPD,GREEN,"23:00-07:00 (all days), all day (weekends) (default)",0.1619932812999745,1.0,0.5305999740438586,0.4087800322284658,H,Southern,12,p/kWh,dno_data_enhanced/sepd_pcdm_v4_2022-23_pre-release_20201106_final.xlsx
Southern Electric Power Distribution (SEPD),20,SSE-SEPD,SEPD,GREEN,"23:00-07:00 (all days), all day (weekends) (default)",0.3059961490477728,1.0,0.7300898199066495,0.6985184543637448,H,Southern,23,p/kWh,dno_data_enhanced/sepd_pcdm_v4_2022-23_pre-release_20201106_final.xlsx
Southern Electric Power Distribution (SEPD),20,SSE-SEPD,SEPD,GREEN,"23:00-07:00 (all days), all day (weekends) (default)",1.0,1.0,1.0,1.0,H,Southern,5,p/kWh,dno_data_enhanced/sepd_pcdm_v5_20221027_final.xlsx
Southern Electric Power Distribution (SEPD),20,SSE-SEPD,SEPD,GREEN,"23:00-07:00 (all days), all day (weekends) (default)",0.1501886817385608,1.0,0.5262106299203347,0.4015773242876743,H,Southern,12,p/kWh,dno_data_enhanced/sepd_pcdm_v5_20221027_final.xlsx
Southern Electric Power Distribution (SEPD),20,SSE-SEPD,SEPD,GREEN,"23:00-07:00 (all days), all day (weekends) (default)",0.2996368357025302,1.0,0.7271835213050963,0.6967785649571404,H,Southern,23,p/kWh,dno_data_enhanced/sepd_pcdm_v5_20221027_final.xlsx
Southern Electric Power Distribution (SEPD),20,SSE-SEPD,SEPD,GREEN,"23:00-07:00 (all days), all day (weekends) (default)",0.045,21.32,7.520739130434783,0.937,H,Southern,23,p/kWh,dno_data_enhanced/sepd_schedule-of-charges-and-other-tables-april-2022_v1.3.xlsx
Southern Electric Power Distribution (SEPD),20,SSE-SEPD,SEPD,GREEN,"23:00-07:00 (all days), all day (weekends) (default)",0.045,21.32,7.53375,7.833,H,Southern,12,p/kWh,dno_data_enhanced/sepd_schedule-of-charges-and-other-tables-april-2022_v1.3.xlsx
Southern Electric Power Distribution (SEPD),20,SSE-SEPD,SEPD,GREEN,"23:00-07:00 (all days), all day (weekends) (default)",0.029,17.13,5.737434782608695,0.607,H,Southern,23,p/kWh,dno_data_enhanced/sepd_schedule-of-charges-and-other-tables-april-2022_v1.3.xlsx
Southern Electric Power Distribution (SEPD),20,SSE-SEPD,SEPD,GREEN,"23:00-07:00 (all days), all day (weekends) (default)",0.964,1.118,1.0168886756238005,1.014,H,Southern,521,p/kWh,dno_data_enhanced/sepd_schedule-of-charges-and-other-tables-april-2022_v1.3.xlsx
Southern Electric Power Distribution (SEPD),20,SSE-SEPD,SEPD,GREEN,"23:00-07:00 (all days), all day (weekends) (default)",0.0525798888076089,0.0525798888076089,0.0525798888076089,0.0525798888076089,H,Southern,158,p/kWh,dno_data_enhanced/sepd_schedule-of-charges-and-other-tables-april-2022_v1.3.xlsx
Southern Electric Power Distribution (SEPD),20,SSE-SEPD,SEPD,RED,16:00-19:00 (weekdays) (default),0.0449437590929799,1.0,0.4994455306377407,0.7220189359948014,H,Southern,6,p/kWh,dno_data_enhanced/sepd_cdcm_v9_20221027_final.xlsx
Southern Electric Power Distribution (SEPD),20,SSE-SEPD,SEPD,RED,16:00-19:00 (weekdays) (default),1.09,1.09,1.09,1.09,H,Southern,1,p/kWh,dno_data_enhanced/sepd_cdcm_v9_20221027_final.xlsx
Southern Electric Power Distribution (SEPD),20,SSE-SEPD,SEPD,RED,16:00-19:00 (weekdays) (default),0.012370413198693,0.0345307447997926,0.0179104960989679,0.012370413198693,H,Southern,20,p/kWh,dno_data_enhanced/sepd_cdcm_v9_20221027_final.xlsx
Southern Electric Power Distribution (SEPD),20,SSE-SEPD,SEPD,RED,16:00-19:00 (weekdays) (default),8.319253248370345,8.319253248370345,8.319253248370345,8.319253248370345,H,Southern,1,p/kWh,dno_data_enhanced/sepd_cdcm_v9_20221027_final.xlsx
Southern Electric Power Distribution (SEPD),20,SSE-SEPD,SEPD,RED,16:00-19:00 (weekdays) (default),1.0,1.0,1.0,1.0,H,Southern,7,p/kWh,dno_data_enhanced/sepd_cdcm_v9_20221027_final.xlsx
Southern Electric Power Distribution (SEPD),20,SSE-SEPD,SEPD,RED,16:00-19:00 (weekdays) (default),0.122,15.429,4.686315789473684,0.657,H,Southern,19,p/kWh,dno_data_enhanced/sepd_schedule-of-charges-and-other-tables-embedded-networks-april-2022.xlsx
Southern Electric Power Distribution (SEPD),20,SSE-SEPD,SEPD,RED,16:00-19:00 (weekdays) (default),0.089,6.803,2.5528947368421053,1.209,H,Southern,19,p/kWh,dno_data_enhanced/sepd_schedule-of-charges-and-other-tables-embedded-networks-april-2022.xlsx
Southern Electric Power Distribution (SEPD),20,SSE-SEPD,SEPD,RED,16:00-19:00 (weekdays) (default),0.057,9.469,3.397631578947368,1.785,H,Southern,19,p/kWh,dno_data_enhanced/sepd_schedule-of-charges-and-other-tables-embedded-networks-april-2022.xlsx
Southern Electric Power Distribution (SEPD),20,SSE-SEPD,SEPD,RED,16:00-19:00 (weekdays) (default),0.215,10.771,3.822105263157895,1.938,H,Southern,19,p/kWh,dno_data_enhanced/sepd_schedule-of-charges-and-other-tables-embedded-networks-april-2022.xlsx
Southern Electric Power Distribution (SEPD),20,SSE-SEPD,SEPD,RED,16:00-19:00 (weekdays) (default),0.09,6.022,2.279736842105263,0.951,H,Southern,19,p/kWh,dno_data_enhanced/sepd_schedule-of-charges-and-other-tables-embedded-networks-april-2022.xlsx
Southern Electric Power Distribution (SEPD),20,SSE-SEPD,SEPD,RED,16:00-19:00 (weekdays) (default),0.105,6.673,2.415263157894737,0.8,H,Southern,19,p/kWh,dno_data_enhanced/sepd_schedule-of-charges-and-other-tables-embedded-networks-april-2022.xlsx
Southern Electric Power Distribution (SEPD),20,SSE-SEPD,SEPD,RED,16:00-19:00 (weekdays) (default),0.214,8.351,3.0742105263157895,1.517,H,Southern,19,p/kWh,dno_data_enhanced/sepd_schedule-of-charges-and-other-tables-embedded-networks-april-2022.xlsx
Southern Electric Power Distribution (SEPD),20,SSE-SEPD,SEPD,RED,16:00-19:00 (weekdays) (default),0.11,16.433,4.963684210526316,0.719,H,Southern,19,p/kWh,dno_data_enhanced/sepd_schedule-of-charges-and-other-tables-embedded-networks-april-2022.xlsx
Southern Electric Power Distribution (SEPD),20,SSE-SEPD,SEPD,RED,16:00-19:00 (weekdays) (default),0.161,9.959,3.3818421052631575,1.131,H,Southern,19,p/kWh,dno_data_enhanced/sepd_schedule-of-charges-and-other-tables-embedded-networks-april-2022.xlsx
Southern Electric Power Distribution (SEPD),20,SSE-SEPD,SEPD,RED,16:00-19:00 (weekdays) (default),0.069,14.405,4.420526315789473,0.724,H,Southern,19,p/kWh,dno_data_enhanced/sepd_schedule-of-charges-and-other-tables-embedded-networks-april-2022.xlsx
Southern Electric Power Distribution (SEPD),20,SSE-SEPD,SEPD,RED,16:00-19:00 (weekdays) (default),0.086,4.192,1.7781578947368424,0.879,H,Southern,19,p/kWh,dno_data_enhanced/sepd_schedule-of-charges-and-other-tables-embedded-networks-april-2022.xlsx
Southern Electric Power Distribution (SEPD),20,SSE-SEPD,SEPD,RED,16:00-19:00 (weekdays) (default),0.083,10.523,3.3299999999999996,0.448,H,Southern,19,p/kWh,dno_data_enhanced/sepd_schedule-of-charges-and-other-tables-embedded-networks-april-2022.xlsx
Southern Electric Power Distribution (SEPD),20,SSE-SEPD,SEPD,RED,16:00-19:00 (weekdays) (default),0.062,4.742,1.9071052631578944,0.843,H,Southern,19,p/kWh,dno_data_enhanced/sepd_schedule-of-charges-and-other-tables-embedded-networks-april-2022.xlsx
Southern Electric Power Distribution (SEPD),20,SSE-SEPD,SEPD,RED,16:00-19:00 (weekdays) (default),0.042,6.903,2.5910526315789473,1.301,H,Southern,19,p/kWh,dno_data_enhanced/sepd_schedule-of-charges-and-other-tables-embedded-networks-april-2022.xlsx
Southern Electric Power Distribution (SEPD),20,SSE-SEPD,SEPD,RED,16:00-19:00 (weekdays) (default),0.133,6.682,2.6723333333333334,1.202,H,Southern,15,p/kWh,dno_data_enhanced/sepd_schedule-of-charges-and-other-tables-embedded-networks-april-2022.xlsx
Southern Electric Power Distribution (SEPD),20,SSE-SEPD,SEPD,RED,16:00-19:00 (weekdays) (default),0.059,3.99,1.6523684210526317,0.63,H,Southern,19,p/kWh,dno_data_enhanced/sepd_schedule-of-charges-and-other-tables-embedded-networks-april-2022.xlsx
Southern Electric Power Distribution (SEPD),20,SSE-SEPD,SEPD,RED,16:00-19:00 (weekdays) (default),0.063,3.976,1.6094736842105262,0.477,H,Southern,19,p/kWh,dno_data_enhanced/sepd_schedule-of-charges-and-other-tables-embedded-networks-april-2022.xlsx
Southern Electric Power Distribution (SEPD),20,SSE-SEPD,SEPD,RED,16:00-19:00 (weekdays) (default),0.139,5.44,2.189,0.988,H,Southern,15,p/kWh,dno_data_enhanced/sepd_schedule-of-charges-and-other-tables-embedded-networks-april-2022.xlsx
Southern Electric Power Distribution (SEPD),20,SSE-SEPD,SEPD,RED,16:00-19:00 (weekdays) (default),0.075,11.192,3.5149999999999997,0.49,H,Southern,19,p/kWh,dno_data_enhanced/sepd_schedule-of-charges-and-other-tables-embedded-networks-april-2022.xlsx
Southern Electric Power Distribution (SEPD),20,SSE-SEPD,SEPD,RED,16:00-19:00 (weekdays) (default),0.107,6.623,2.39,0.752,H,Southern,19,p/kWh,dno_data_enhanced/sepd_schedule-of-charges-and-other-tables-embedded-networks-april-2022.xlsx
Southern Electric Power Distribution (SEPD),20,SSE-SEPD,SEPD,RED,16:00-19:00 (weekdays) (default),0.043,8.918,2.8971052631578944,0.448,H,Southern,19,p/kWh,dno_data_enhanced/sepd_schedule-of-charges-and-other-tables-embedded-networks-april-2022.xlsx
Southern Electric Power Distribution (SEPD),20,SSE-SEPD,SEPD,RED,16:00-19:00 (weekdays) (default),0.052,2.516,1.2355263157894738,0.527,H,Southern,19,p/kWh,dno_data_enhanced/sepd_schedule-of-charges-and-other-tables-embedded-networks-april-2022.xlsx
Southern Electric Power Distribution (SEPD),20,SSE-SEPD,SEPD,RED,16:00-19:00 (weekdays) (default),1.005,1.113,1.0496,1.048,H,Southern,10,p/kWh,dno_data_enhanced/sepd_schedule-of-charges-and-other-tables-embedded-networks-april-2022.xlsx
Southern Electric Power Distribution (SEPD),20,SSE-SEPD,SEPD,RED,16:00-19:00 (weekdays) (default),1.004,1.08,1.0374285714285714,1.037,H,Southern,7,p/kWh,dno_data_enhanced/sepd_schedule-of-charges-and-other-tables-embedded-networks-april-2022.xlsx
Southern Electric Power Distribution (SEPD),20,SSE-SEPD,SEPD,RED,16:00-19:00 (weekdays) (default),0.0567040105355688,0.0567040105355688,0.0567040105355688,0.0567040105355688,H,Southern,8,p/kWh,dno_data_enhanced/sepd_schedule-of-charges-and-other-tables-embedded-networks-april-2022.xlsx
Southern Electric Power Distribution (SEPD),20,SSE-SEPD,SEPD,RED,16:00-19:00 (weekdays) (default),0.0249818260964779,0.0249818260964779,0.0249818260964779,0.0249818260964779,H,Southern,8,p/kWh,dno_data_enhanced/sepd_schedule-of-charges-and-other-tables-embedded-networks-april-2022.xlsx
Southern Electric Power Distribution (SEPD),20,SSE-SEPD,SEPD,RED,16:00-19:00 (weekdays) (default),0.0585927595840297,0.0585927595840297,0.0585927595840297,0.0585927595840297,H,Southern,8,p/kWh,dno_data_enhanced/sepd_schedule-of-charges-and-other-tables-embedded-networks-april-2022.xlsx
Southern Electric Power Distribution (SEPD),20,SSE-SEPD,SEPD,RED,16:00-19:00 (weekdays) (default),0.0816701427748491,0.0816701427748491,0.0816701427748491,0.0816701427748491,H,Southern,8,p/kWh,dno_data_enhanced/sepd_schedule-of-charges-and-other-tables-embedded-networks-april-2022.xlsx
Southern Electric Power Distribution (SEPD),20,SSE-SEPD,SEPD,RED,16:00-19:00 (weekdays) (default),0.0253289826771261,0.0253289826771261,0.0253289826771261,0.0253289826771261,H,Southern,8,p/kWh,dno_data_enhanced/sepd_schedule-of-charges-and-other-tables-embedded-networks-april-2022.xlsx
Southern Electric Power Distribution (SEPD),20,SSE-SEPD,SEPD,RED,16:00-19:00 (weekdays) (default),0.069553035014731,0.069553035014731,0.069553035014731,0.069553035014731,H,Southern,8,p/kWh,dno_data_enhanced/sepd_schedule-of-charges-and-other-tables-embedded-networks-april-2022.xlsx
Southern Electric Power Distribution (SEPD),20,SSE-SEPD,SEPD,RED,16:00-19:00 (weekdays) (default),0.0575384270371138,0.0575384270371138,0.0575384270371138,0.0575384270371138,H,Southern,8,p/kWh,dno_data_enhanced/sepd_schedule-of-charges-and-other-tables-embedded-networks-april-2022.xlsx
Southern Electric Power Distribution (SEPD),20,SSE-SEPD,SEPD,RED,16:00-19:00 (weekdays) (default),0.0259957363955502,0.0259957363955502,0.0259957363955502,0.0259957363955502,H,Southern,8,p/kWh,dno_data_enhanced/sepd_schedule-of-charges-and-other-tables-embedded-networks-april-2022.xlsx
Southern Electric Power Distribution (SEPD),20,SSE-SEPD,SEPD,RED,16:00-19:00 (weekdays) (default),0.0259365788201084,0.0259365788201084,0.0259365788201084,0.0259365788201084,H,Southern,8,p/kWh,dno_data_enhanced/sepd_schedule-of-charges-and-other-tables-embedded-networks-april-2022.xlsx
Southern Electric Power Distribution (SEPD),20,SSE-SEPD,SEPD,RED,16:00-19:00 (weekdays) (default),0.115256306719451,0.26249118684284,0.2523326701398847,0.26210341931407,H,Southern,15,p/kWh,dno_data_enhanced/sepd_schedule-of-charges-and-other-tables-embedded-networks-april-2022.xlsx
Southern Electric Power Distribution (SEPD),20,SSE-SEPD,SEPD,RED,16:00-19:00 (weekdays) (default),0.320105572447,0.8904886624580001,0.6052971174525,0.8904886624580001,H,Southern,2,p/kWh,dno_data_enhanced/sepd_schedule-of-charges-and-other-tables-embedded-networks-april-2022.xlsx
Southern Electric Power Distribution (SEPD),20,SSE-SEPD,SEPD,RED,16:00-19:00 (weekdays) (default),0.08,7.64,2.382222222222222,1.77,H,Southern,54,p/kWh,dno_data_enhanced/sepd_schedule-of-charges-and-other-tables-embedded-networks-april-2022.xlsx
Southern Electric Power Distribution (SEPD),20,SSE-SEPD,SEPD,RED,16:00-19:00 (weekdays) (default),0.0247996114243237,16.268259415055464,8.146529513239894,16.268259415055464,H,Southern,4,p/kWh,dno_data_enhanced/sepd_schedule-of-charges-and-other-tables-embedded-networks-april-2022.xlsx
Southern Electric Power Distribution (SEPD),20,SSE-SEPD,SEPD,RED,16:00-19:00 (weekdays) (default),0.04598833,8.75462947,2.5576022025,0.98637451,H,Southern,4,p/kWh,dno_data_enhanced/sepd_schedule-of-charges-and-other-tables-embedded-networks-april-2022.xlsx
Southern Electric Power Distribution (SEPD),20,SSE-SEPD,SEPD,RED,16:00-19:00 (weekdays) (default),0.3489256997509984,19.170008252728213,7.156858510060408,1.1867893752347696,H,Southern,5,p/kWh,dno_data_enhanced/sepd_schedule-of-charges-and-other-tables-embedded-networks-april-2022.xlsx
Southern Electric Power Distribution (SEPD),20,SSE-SEPD,SEPD,RED,16:00-19:00 (weekdays) (default),0.281629318852,1.98681792004,1.070513306317,1.69042390678,H,Southern,4,p/kWh,dno_data_enhanced/sepd_schedule-of-charges-and-other-tables-embedded-networks-april-2022.xlsx
Southern Electric Power Distribution (SEPD),20,SSE-SEPD,SEPD,RED,16:00-19:00 (weekdays) (default),0.0387967337298345,1.0,0.4567408681916511,0.4719379866814095,H,Southern,6,p/kWh,dno_data_enhanced/sepd_cdcm_v7_2022-23_pre-release_20201106_final_v1.1.xlsx
Southern Electric Power Distribution (SEPD),20,SSE-SEPD,SEPD,RED,16:00-19:00 (weekdays) (default),1.088,1.088,1.088,1.088,H,Southern,1,p/kWh,dno_data_enhanced/sepd_cdcm_v7_2022-23_pre-release_20201106_final_v1.1.xlsx
Southern Electric Power Distribution (SEPD),20,SSE-SEPD,SEPD,RED,16:00-19:00 (weekdays) (default),0.012370413198693,0.0345307447997926,0.0179104960989679,0.012370413198693,H,Southern,20,p/kWh,dno_data_enhanced/sepd_cdcm_v7_2022-23_pre-release_20201106_final_v1.1.xlsx
Southern Electric Power Distribution (SEPD),20,SSE-SEPD,SEPD,RED,16:00-19:00 (weekdays) (default),8.268327646798245,8.268327646798245,8.268327646798245,8.268327646798245,H,Southern,1,p/kWh,dno_data_enhanced/sepd_cdcm_v7_2022-23_pre-release_20201106_final_v1.1.xlsx
Southern Electric Power Distribution (SEPD),20,SSE-SEPD,SEPD,RED,16:00-19:00 (weekdays) (default),1.0,1.0,1.0,1.0,H,Southern,7,p/kWh,dno_data_enhanced/sepd_cdcm_v7_2022-23_pre-release_20201106_final_v1.1.xlsx
Southern Electric Power Distribution (SEPD),20,SSE-SEPD,SEPD,RED,16:00-19:00 (weekdays) (default),0.4145355181707716,0.9205195085478975,0.6535763366510251,0.8392126245893381,H,Southern,8,p/kWh,dno_data_enhanced/sepd_arp_v7_2022-23_pre-release_20201106.xlsx
Southern Electric Power Distribution (SEPD),20,SSE-SEPD,SEPD,RED,16:00-19:00 (weekdays) (default),0.1118491770725072,0.8881508229274927,0.4906459955604698,0.4978045813289006,H,Southern,12,p/kWh,dno_data_enhanced/sepd_arp_v7_2022-23_pre-release_20201106.xlsx
Southern Electric Power Distribution (SEPD),20,SSE-SEPD,SEPD,RED,16:00-19:00 (weekdays) (default),0.0041228615705776,1.088,0.3850082326791251,0.343799317773253,H,Southern,65,p/kWh,dno_data_enhanced/sepd_arp_v7_2022-23_pre-release_20201106.xlsx
Southern Electric Power Distribution (SEPD),20,SSE-SEPD,SEPD,RED,16:00-19:00 (weekdays) (default),0.0387967337298345,1.0,0.4567408681916511,0.4719379866814095,H,Southern,6,p/kWh,dno_data_enhanced/sepd_arp_v7_2022-23_pre-release_20201106.xlsx
Southern Electric Power Distribution (SEPD),20,SSE-SEPD,SEPD,RED,16:00-19:00 (weekdays) (default),1.088,1.088,1.088,1.088,H,Southern,1,p/kWh,dno_data_enhanced/sepd_arp_v7_2022-23_pre-release_20201106.xlsx
Southern Electric Power Distribution (SEPD),20,SSE-SEPD,SEPD,RED,16:00-19:00 (weekdays) (default),0.012370413198693,0.0345307447997926,0.0179104960989679,0.012370413198693,H,Southern,20,p/kWh,dno_data_enhanced/sepd_arp_v7_2022-23_pre-release_20201106.xlsx
Southern Electric Power Distribution (SEPD),20,SSE-SEPD,SEPD,RED,16:00-19:00 (weekdays) (default),8.268327646798245,8.268327646798245,8.268327646798245,8.268327646798245,H,Southern,1,p/kWh,dno_data_enhanced/sepd_arp_v7_2022-23_pre-release_20201106.xlsx
Southern Electric Power Distribution (SEPD),20,SSE-SEPD,SEPD,RED,16:00-19:00 (weekdays) (default),1.0,1.0,1.0,1.0,H,Southern,7,p/kWh,dno_data_enhanced/sepd_arp_v7_2022-23_pre-release_20201106.xlsx
Southern Electric Power Distribution (SEPD),20,SSE-SEPD,SEPD,RED,16:00-19:00 (weekdays) (default),1.0,1.0,1.0,1.0,H,Southern,7,p/kWh,dno_data_enhanced/sepd_pcdm_v4_2022-23_pre-release_20201106_final.xlsx
Southern Electric Power Distribution (SEPD),20,SSE-SEPD,SEPD,RED,16:00-19:00 (weekdays) (default),0.8458726911329552,0.8458726911329552,0.8458726911329552,0.8458726911329552,H,Southern,1,p/kWh,dno_data_enhanced/sepd_pcdm_v4_2022-23_pre-release_20201106_final.xlsx
Southern Electric Power Distribution (SEPD),20,SSE-SEPD,SEPD,RED,16:00-19:00 (weekdays) (default),0.8458726911329552,0.8458726911329552,0.8458726911329552,0.8458726911329552,H,Southern,1,p/kWh,dno_data_enhanced/sepd_pcdm_v4_2022-23_pre-release_20201106_final.xlsx
Southern Electric Power Distribution (SEPD),20,SSE-SEPD,SEPD,RED,16:00-19:00 (weekdays) (default),0.0333060210236283,1.0,0.3293204070428574,0.2297369975979471,H,Southern,32,p/kWh,dno_data_enhanced/sepd_pcdm_v4_2022-23_pre-release_20201106_final.xlsx
Southern Electric Power Distribution (SEPD),20,SSE-SEPD,SEPD,RED,16:00-19:00 (weekdays) (default),0.0131924474180949,1.0,0.347547057599561,0.1208410084037978,H,Southern,14,p/kWh,dno_data_enhanced/sepd_pcdm_v4_2022-23_pre-release_20201106_final.xlsx
Southern Electric Power Distribution (SEPD),20,SSE-SEPD,SEPD,RED,16:00-19:00 (weekdays) (default),1.0,1.0,1.0,1.0,H,Southern,7,p/kWh,dno_data_enhanced/sepd_pcdm_v5_20221027_final.xlsx
Southern Electric Power Distribution (SEPD),20,SSE-SEPD,SEPD,RED,16:00-19:00 (weekdays) (default),0.8209667421610332,0.8209667421610332,0.8209667421610332,0.8209667421610332,H,Southern,1,p/kWh,dno_data_enhanced/sepd_pcdm_v5_20221027_final.xlsx
Southern Electric Power Distribution (SEPD),20,SSE-SEPD,SEPD,RED,16:00-19:00 (weekdays) (default),0.8209667421610332,0.8209667421610332,0.8209667421610332,0.8209667421610332,H,Southern,1,p/kWh,dno_data_enhanced/sepd_pcdm_v5_20221027_final.xlsx
Southern Electric Power Distribution (SEPD),20,SSE-SEPD,SEPD,RED,16:00-19:00 (weekdays) (default),0.0329154854990253,1.0,0.3293166592622801,0.2253270871868659,H,Southern,32,p/kWh,dno_data_enhanced/sepd_pcdm_v5_20221027_final.xlsx
Southern Electric Power Distribution (SEPD),20,SSE-SEPD,SEPD,RED,16:00-19:00 (weekdays) (default),0.0130377570883924,1.0,0.3475190239869957,0.119424066206558,H,Southern,14,p/kWh,dno_data_enhanced/sepd_pcdm_v5_20221027_final.xlsx
Southern Electric Power Distribution (SEPD),20,SSE-SEPD,SEPD,RED,16:00-19:00 (weekdays) (default),0.045,7.833,2.740789473684211,0.937,H,Southern,19,p/kWh,dno_data_enhanced/sepd_schedule-of-charges-and-other-tables-april-2022_v1.3.xlsx
Southern Electric Power Distribution (SEPD),20,SSE-SEPD,SEPD,RED,16:00-19:00 (weekdays) (default),0.045,7.833,2.9383333333333335,0.937,H,Southern,9,p/kWh,dno_data_enhanced/sepd_schedule-of-charges-and-other-tables-april-2022_v1.3.xlsx
Southern Electric Power Distribution (SEPD),20,SSE-SEPD,SEPD,RED,16:00-19:00 (weekdays) (default),0.029,5.073,1.9234210526315791,0.607,H,Southern,19,p/kWh,dno_data_enhanced/sepd_schedule-of-charges-and-other-tables-april-2022_v1.3.xlsx
Southern Electric Power Distribution (SEPD),20,SSE-SEPD,SEPD,RED,16:00-19:00 (weekdays) (default),0.987,1.093,1.0188406909788867,1.016,H,Southern,521,p/kWh,dno_data_enhanced/sepd_schedule-of-charges-and-other-tables-april-2022_v1.3.xlsx
Southern Electric Power Distribution (SEPD),20,SSE-SEPD,SEPD,RED,16:00-19:00 (weekdays) (default),0.0358487340607103,0.04,0.0394810917575888,0.04,H,Southern,8,p/kWh,dno_data_enhanced/sepd_schedule-of-charges-and-other-tables-april-2022_v1.3.xlsx
Unknown,,,,AMBER,"07:00-16:00, 19:00-23:00 (weekdays) (default)",1.0,2.0,1.5555555555555556,2.0,,,9,p/kWh,dno_data_enhanced/EDCM-LRIC_v10_20221027.xlsx
Unknown,,,,GREEN,"23:00-07:00 (all days), all day (weekends) (default)",1.0,3.0,2.111111111111111,2.0,,,9,p/kWh,dno_data_enhanced/EDCM-LRIC_v10_20221027.xlsx
Unknown,,,,RED,16:00-19:00 (weekdays) (default),3.0,3.0,3.0,3.0,,,1,p/kWh,dno_data_enhanced/EDCM-LRIC_v10_20221027.xlsx
Unknown,,,,RED,16:00-19:00 (weekdays) (default),1.0,1.0,1.0,1.0,,,9,p/kWh,dno_data_enhanced/EDCM-LRIC_v10_20221027.xlsx
