DNO_Name,MPAN_Code,DNO_Key,Short_Code,Band,Time_Period,Min_Rate_p_kWh,Max_Rate_p_kWh,Mean_Rate_p_kWh,Median_Rate_p_kWh,GSP_Group_ID,GSP_Group_Name,Count,Unit,File_Path
National Grid Electricity Distribution – East Midlands (EMID),12,UKPN-LPN,LPN,GREEN,"23:00-07:00 (all days), all day (weekends) (default)",0.123,18.91,6.813391304347826,1.55,C,London,23,p/kWh,dno_data_enhanced/Copy of EMEB-Schedule of charges and other tables-2024 V.0.1 for publishing.xlsx
National Grid Electricity Distribution – East Midlands (EMID),12,UKPN-LPN,LPN,GREEN,"23:00-07:00 (all days), all day (weekends) (default)",0.084,13.15,4.716913043478261,1.06,C,London,23,p/kWh,dno_data_enhanced/Copy of EMEB-Schedule of charges and other tables-2024 V.0.1 for publishing.xlsx
National Grid Electricity Distribution – East Midlands (EMID),12,UKPN-LPN,LPN,GREEN,"23:00-07:00 (all days), all day (weekends) (default)",4.95069574636514,5.238643687289392,5.094669716827266,5.238643687289392,C,London,2,p/kWh,dno_data_enhanced/Copy of EMEB-Schedule of charges and other tables-2024 V.0.1 for publishing.xlsx
National Grid Electricity Distribution – East Midlands (EMID),12,UKPN-LPN,LPN,GREEN,"23:00-07:00 (all days), all day (weekends) (default)",6.87,6.87,6.87,6.87,C,London,1,p/kWh,dno_data_enhanced/Copy of EMEB-Schedule of charges and other tables-2024 V.0.1 for publishing.xlsx
National Grid Electricity Distribution – East Midlands (EMID),12,UKPN-LPN,LPN,GREEN,"23:00-07:00 (all days), all day (weekends) (default)",0.155,24.98,8.284,1.152,C,London,23,p/kWh,dno_data_enhanced/MIDE-Schedule of charges and other tables-2024 V.0.1 for publishing.xlsx
National Grid Electricity Distribution – East Midlands (EMID),12,UKPN-LPN,LPN,GREEN,"23:00-07:00 (all days), all day (weekends) (default)",0.101,16.42,5.42904347826087,0.747,C,London,23,p/kWh,dno_data_enhanced/MIDE-Schedule of charges and other tables-2024 V.0.1 for publishing.xlsx
National Grid Electricity Distribution – East Midlands (EMID),12,UKPN-LPN,LPN,RED,16:00-19:00 (weekdays) (default),0.123,11.0,4.143055555555556,1.55,C,London,18,p/kWh,dno_data_enhanced/Copy of EMEB-Schedule of charges and other tables-2024 V.0.1 for publishing.xlsx
National Grid Electricity Distribution – East Midlands (EMID),12,UKPN-LPN,LPN,RED,16:00-19:00 (weekdays) (default),0.084,4.545,1.8963333333333336,1.06,C,London,15,p/kWh,dno_data_enhanced/Copy of EMEB-Schedule of charges and other tables-2024 V.0.1 for publishing.xlsx
National Grid Electricity Distribution – East Midlands (EMID),12,UKPN-LPN,LPN,RED,16:00-19:00 (weekdays) (default),3.044339517870155,3.044339517870155,3.044339517870155,3.044339517870155,C,London,1,p/kWh,dno_data_enhanced/Copy of EMEB-Schedule of charges and other tables-2024 V.0.1 for publishing.xlsx
National Grid Electricity Distribution – East Midlands (EMID),12,UKPN-LPN,LPN,RED,16:00-19:00 (weekdays) (default),0.155,34.0,7.8525,1.152,C,London,18,p/kWh,dno_data_enhanced/MIDE-Schedule of charges and other tables-2024 V.0.1 for publishing.xlsx
National Grid Electricity Distribution – East Midlands (EMID),12,UKPN-LPN,LPN,RED,16:00-19:00 (weekdays) (default),0.101,4.252,1.7,0.747,C,London,15,p/kWh,dno_data_enhanced/MIDE-Schedule of charges and other tables-2024 V.0.1 for publishing.xlsx
National Grid Electricity Distribution – South Wales (SWALES),21,NGED-SWales,SWALES,GREEN,"23:00-07:00 (all days), all day (weekends) (default)",0.133,25.32,9.521826086956525,1.124,K,South Wales,23,p/kWh,dno_data_enhanced/SWAE-Schedule of charges and other tables-2024 V.0.1 for publishing.xlsx
National Grid Electricity Distribution – South Wales (SWALES),21,NGED-SWales,SWALES,GREEN,"23:00-07:00 (all days), all day (weekends) (default)",0.087,16.78,6.282000000000001,0.734,K,South Wales,23,p/kWh,dno_data_enhanced/SWAE-Schedule of charges and other tables-2024 V.0.1 for publishing.xlsx
National Grid Electricity Distribution – South Wales (SWALES),21,NGED-SWales,SWALES,GREEN,"23:00-07:00 (all days), all day (weekends) (default)",33.29,33.29,33.29,33.29,K,South Wales,1,p/kWh,dno_data_enhanced/SWAE-Schedule of charges and other tables-2024 V.0.1 for publishing.xlsx
National Grid Electricity Distribution – South Wales (SWALES),21,NGED-SWales,SWALES,RED,16:00-19:00 (weekdays) (default),0.133,11.908,4.388333333333334,1.124,K,South Wales,15,p/kWh,dno_data_enhanced/SWAE-Schedule of charges and other tables-2024 V.0.1 for publishing.xlsx
National Grid Electricity Distribution – South Wales (SWALES),21,NGED-SWales,SWALES,RED,16:00-19:00 (weekdays) (default),0.087,7.776,2.865666666666667,0.734,K,South Wales,15,p/kWh,dno_data_enhanced/SWAE-Schedule of charges and other tables-2024 V.0.1 for publishing.xlsx
National Grid Electricity Distribution – South Wales (SWALES),21,NGED-SWales,SWALES,RED,16:00-19:00 (weekdays) (default),0.1379197315804305,6.323312449266765,1.8291178959533363,0.4631034640649668,K,South Wales,4,p/kWh,dno_data_enhanced/SWAE-Schedule of charges and other tables-2024 V.0.1 for publishing.xlsx
National Grid Electricity Distribution – South West (SWEST),22,NGED-SW,SWEST,GREEN,"23:00-07:00 (all days), all day (weekends) (default)",0.054,29.42,11.183347826086957,0.758,L,South Western,23,p/kWh,dno_data_enhanced/SWEB-Schedule of charges and other tables-2024 V.0.1 for publishing.xlsx
National Grid Electricity Distribution – South West (SWEST),22,NGED-SW,SWEST,GREEN,"23:00-07:00 (all days), all day (weekends) (default)",0.033,18.29,6.909565217391304,0.462,L,South Western,23,p/kWh,dno_data_enhanced/SWEB-Schedule of charges and other tables-2024 V.0.1 for publishing.xlsx
National Grid Electricity Distribution – South West (SWEST),22,NGED-SW,SWEST,RED,16:00-19:00 (weekdays) (default),0.054,15.165,5.325666666666666,0.758,L,South Western,15,p/kWh,dno_data_enhanced/SWEB-Schedule of charges and other tables-2024 V.0.1 for publishing.xlsx
National Grid Electricity Distribution – South West (SWEST),22,NGED-SW,SWEST,RED,16:00-19:00 (weekdays) (default),0.033,9.242,3.2456666666666667,0.462,L,South Western,15,p/kWh,dno_data_enhanced/SWEB-Schedule of charges and other tables-2024 V.0.1 for publishing.xlsx
National Grid Electricity Distribution – South West (SWEST),22,NGED-SW,SWEST,RED,16:00-19:00 (weekdays) (default),0.1559477559424647,16.26750579028373,7.518440865738714,5.511622417402568,L,South Western,5,p/kWh,dno_data_enhanced/SWEB-Schedule of charges and other tables-2024 V.0.1 for publishing.xlsx
Northern Powergrid (North East),23,NPg-Y,Y,AMBER,"07:00-16:00, 19:00-23:00 (weekdays) (default)",1.0,1.0,1.0,1.0,M,Yorkshire,6,p/kWh,dno_data_enhanced/Northern Powergrid (Northeast) - 2024-25 PCDM Model v0.1.xlsx
Northern Powergrid (North East),23,NPg-Y,Y,AMBER,"07:00-16:00, 19:00-23:00 (weekdays) (default)",0.2104736524875005,1.0,0.4374978197947136,0.2382600734485183,M,Yorkshire,11,p/kWh,dno_data_enhanced/Northern Powergrid (Northeast) - 2024-25 PCDM Model v0.1.xlsx
Northern Powergrid (North East),23,NPg-Y,Y,AMBER,"07:00-16:00, 19:00-23:00 (weekdays) (default)",0.7272172906791761,1.0,0.9143673220204968,0.9797787071975472,M,Yorkshire,24,p/kWh,dno_data_enhanced/Northern Powergrid (Northeast) - 2024-25 PCDM Model v0.1.xlsx
Northern Powergrid (North East),23,NPg-Y,Y,AMBER,"07:00-16:00, 19:00-23:00 (weekdays) (default)",0.001,1.004,0.2782968901046913,0.1197582034553575,M,Yorkshire,11,p/kWh,dno_data_enhanced/Northern Powergrid (Northeast) - 2024-25 CDCM Model v0.1.xlsx
Northern Powergrid (North East),23,NPg-Y,Y,AMBER,"07:00-16:00, 19:00-23:00 (weekdays) (default)",0.002,1.0,0.3158620689655173,0.002,M,Yorkshire,29,p/kWh,dno_data_enhanced/Northern Powergrid (Northeast) - 2024-25 CDCM Model v0.1.xlsx
Northern Powergrid (North East),23,NPg-Y,Y,AMBER,"07:00-16:00, 19:00-23:00 (weekdays) (default)",20.0,33.3,25.855208060030435,24.265624180091308,M,Yorkshire,3,p/kWh,dno_data_enhanced/ED2 PCFM NPgN 20241223.xlsx
Northern Powergrid (North East),23,NPg-Y,Y,AMBER,"07:00-16:00, 19:00-23:00 (weekdays) (default)",0.0133845309928688,33.3,7.941576127783464,0.6294050991501415,M,Yorkshire,7,p/kWh,dno_data_enhanced/ED2 PCFM NPgN 20241223.xlsx
Northern Powergrid (North East),23,NPg-Y,Y,AMBER,"07:00-16:00, 19:00-23:00 (weekdays) (default)",0.0413701832,33.143241726016555,3.843688734233443,1.3719750170526188,M,Yorkshire,31,p/kWh,dno_data_enhanced/ED2 PCFM NPgN 20241223.xlsx
Northern Powergrid (North East),23,NPg-Y,Y,AMBER,"07:00-16:00, 19:00-23:00 (weekdays) (default)",0.1152775223512956,31.749633573807003,13.140712249559009,6.390425774469485,M,Yorkshire,33,p/kWh,dno_data_enhanced/ED2 PCFM NPgN 20241223.xlsx
Northern Powergrid (North East),23,NPg-Y,Y,AMBER,"07:00-16:00, 19:00-23:00 (weekdays) (default)",0.501,32.06239647825926,11.668469726566594,4.694905173188366,M,Yorkshire,17,p/kWh,dno_data_enhanced/ED2 PCFM NPgN 20241223.xlsx
Northern Powergrid (North East),23,NPg-Y,Y,AMBER,"07:00-16:00, 19:00-23:00 (weekdays) (default)",0.0080067749634311,4.0452569031158125,0.8839285599984987,0.0213882457030804,M,Yorkshire,11,p/kWh,dno_data_enhanced/ED2 PCFM NPgN 20241223.xlsx
Northern Powergrid (North East),23,NPg-Y,Y,AMBER,"07:00-16:00, 19:00-23:00 (weekdays) (default)",20.0,33.3,25.855208060030435,24.265624180091308,M,Yorkshire,3,p/kWh,dno_data_enhanced/ED2 PCFM NPgN 20241223.xlsx
Northern Powergrid (North East),23,NPg-Y,Y,AMBER,"07:00-16:00, 19:00-23:00 (weekdays) (default)",0.948,1.202,1.0172222222222222,1.007,M,Yorkshire,108,p/kWh,dno_data_enhanced/Northern Powergrid (Northeast) - 2024-25 Schedule of charges and other tables v0.2.xlsx
Northern Powergrid (North East),23,NPg-Y,Y,AMBER,"07:00-16:00, 19:00-23:00 (weekdays) (default)",0.571161885065,0.733590597309,0.652376241187,0.733590597309,M,Yorkshire,2,p/kWh,dno_data_enhanced/Northern Powergrid (Northeast) - 2024-25 Schedule of charges and other tables v0.2.xlsx
Northern Powergrid (North East),23,NPg-Y,Y,GREEN,"23:00-07:00 (all days), all day (weekends) (default)",1.0,1.0,1.0,1.0,M,Yorkshire,5,p/kWh,dno_data_enhanced/Northern Powergrid (Northeast) - 2024-25 PCDM Model v0.1.xlsx
Northern Powergrid (North East),23,NPg-Y,Y,GREEN,"23:00-07:00 (all days), all day (weekends) (default)",0.1203930099511558,1.0,0.5112952871131152,0.4062545615765401,M,Yorkshire,12,p/kWh,dno_data_enhanced/Northern Powergrid (Northeast) - 2024-25 PCDM Model v0.1.xlsx
Northern Powergrid (North East),23,NPg-Y,Y,GREEN,"23:00-07:00 (all days), all day (weekends) (default)",0.3149188922624901,1.0,0.7620676471083542,0.7860578800885369,M,Yorkshire,23,p/kWh,dno_data_enhanced/Northern Powergrid (Northeast) - 2024-25 PCDM Model v0.1.xlsx
Northern Powergrid (North East),23,NPg-Y,Y,GREEN,"23:00-07:00 (all days), all day (weekends) (default)",0.002,1.006,0.2807274393039859,0.1342148716879077,M,Yorkshire,10,p/kWh,dno_data_enhanced/Northern Powergrid (Northeast) - 2024-25 CDCM Model v0.1.xlsx
Northern Powergrid (North East),23,NPg-Y,Y,GREEN,"23:00-07:00 (all days), all day (weekends) (default)",0.031,0.087,0.045,0.031,M,Yorkshire,20,p/kWh,dno_data_enhanced/Northern Powergrid (Northeast) - 2024-25 CDCM Model v0.1.xlsx
Northern Powergrid (North East),23,NPg-Y,Y,GREEN,"23:00-07:00 (all days), all day (weekends) (default)",8.44326761426494,8.44326761426494,8.44326761426494,8.44326761426494,M,Yorkshire,1,p/kWh,dno_data_enhanced/Northern Powergrid (Northeast) - 2024-25 CDCM Model v0.1.xlsx
Northern Powergrid (North East),23,NPg-Y,Y,GREEN,"23:00-07:00 (all days), all day (weekends) (default)",0.8725212464589235,33.3,21.499686350684563,31.826224156279338,M,Yorkshire,4,p/kWh,dno_data_enhanced/ED2 PCFM NPgN 20241223.xlsx
Northern Powergrid (North East),23,NPg-Y,Y,GREEN,"23:00-07:00 (all days), all day (weekends) (default)",0.0149399155569989,33.3,7.94787217458142,0.6494617563739377,M,Yorkshire,7,p/kWh,dno_data_enhanced/ED2 PCFM NPgN 20241223.xlsx
Northern Powergrid (North East),23,NPg-Y,Y,GREEN,"23:00-07:00 (all days), all day (weekends) (default)",0.0409301584,2.110642632709192,1.190274948414462,1.296515960730474,M,Yorkshire,10,p/kWh,dno_data_enhanced/ED2 PCFM NPgN 20241223.xlsx
Northern Powergrid (North East),23,NPg-Y,Y,GREEN,"23:00-07:00 (all days), all day (weekends) (default)",1.0,33.53951475260717,14.421528427824567,8.900618096556766,M,Yorkshire,33,p/kWh,dno_data_enhanced/ED2 PCFM NPgN 20241223.xlsx
Northern Powergrid (North East),23,NPg-Y,Y,GREEN,"23:00-07:00 (all days), all day (weekends) (default)",0.501,33.55278688259744,11.89983280723789,4.914012473226162,M,Yorkshire,17,p/kWh,dno_data_enhanced/ED2 PCFM NPgN 20241223.xlsx
Northern Powergrid (North East),23,NPg-Y,Y,GREEN,"23:00-07:00 (all days), all day (weekends) (default)",0.0367371878102802,11.584699426229506,2.1959658359582823,0.0593011753389423,M,Yorkshire,11,p/kWh,dno_data_enhanced/ED2 PCFM NPgN 20241223.xlsx
Northern Powergrid (North East),23,NPg-Y,Y,GREEN,"23:00-07:00 (all days), all day (weekends) (default)",0.8725212464589235,33.3,21.499686350684563,31.826224156279338,M,Yorkshire,4,p/kWh,dno_data_enhanced/ED2 PCFM NPgN 20241223.xlsx
Northern Powergrid (North East),23,NPg-Y,Y,GREEN,"23:00-07:00 (all days), all day (weekends) (default)",0.189,32.82,10.188521739130437,0.942,M,Yorkshire,23,p/kWh,dno_data_enhanced/Northern Powergrid (Northeast) - 2024-25 Schedule of charges and other tables v0.2.xlsx
Northern Powergrid (North East),23,NPg-Y,Y,GREEN,"23:00-07:00 (all days), all day (weekends) (default)",0.11,19.41,6.011260869565218,0.549,M,Yorkshire,23,p/kWh,dno_data_enhanced/Northern Powergrid (Northeast) - 2024-25 Schedule of charges and other tables v0.2.xlsx
Northern Powergrid (North East),23,NPg-Y,Y,GREEN,"23:00-07:00 (all days), all day (weekends) (default)",0.948,1.607,1.0203055555555556,1.005,M,Yorkshire,108,p/kWh,dno_data_enhanced/Northern Powergrid (Northeast) - 2024-25 Schedule of charges and other tables v0.2.xlsx
Northern Powergrid (North East),23,NPg-Y,Y,GREEN,"23:00-07:00 (all days), all day (weekends) (default)",0.162242001375,2.10363896011,0.73678871160475,0.470501092326,M,Yorkshire,4,p/kWh,dno_data_enhanced/Northern Powergrid (Northeast) - 2024-25 Schedule of charges and other tables v0.2.xlsx
Northern Powergrid (North East),23,NPg-Y,Y,RED,16:00-19:00 (weekdays) (default),1.0,1.0,1.0,1.0,M,Yorkshire,7,p/kWh,dno_data_enhanced/Northern Powergrid (Northeast) - 2024-25 PCDM Model v0.1.xlsx
Northern Powergrid (North East),23,NPg-Y,Y,RED,16:00-19:00 (weekdays) (default),7.432,8.4,7.916,8.4,M,Yorkshire,2,p/kWh,dno_data_enhanced/Northern Powergrid (Northeast) - 2024-25 PCDM Model v0.1.xlsx
Northern Powergrid (North East),23,NPg-Y,Y,RED,16:00-19:00 (weekdays) (default),0.8825232623807912,0.8825232623807912,0.8825232623807912,0.8825232623807912,M,Yorkshire,1,p/kWh,dno_data_enhanced/Northern Powergrid (Northeast) - 2024-25 PCDM Model v0.1.xlsx
Northern Powergrid (North East),23,NPg-Y,Y,RED,16:00-19:00 (weekdays) (default),0.8825232623807912,0.8825232623807912,0.8825232623807912,0.8825232623807912,M,Yorkshire,1,p/kWh,dno_data_enhanced/Northern Powergrid (Northeast) - 2024-25 PCDM Model v0.1.xlsx
Northern Powergrid (North East),23,NPg-Y,Y,RED,16:00-19:00 (weekdays) (default),0.0201064135442202,1.0,0.3287533254232568,0.2160349265024103,M,Yorkshire,32,p/kWh,dno_data_enhanced/Northern Powergrid (Northeast) - 2024-25 PCDM Model v0.1.xlsx
Northern Powergrid (North East),23,NPg-Y,Y,RED,16:00-19:00 (weekdays) (default),0.0071869426456096,1.0,0.3483310654810377,0.1044452397749895,M,Yorkshire,14,p/kWh,dno_data_enhanced/Northern Powergrid (Northeast) - 2024-25 PCDM Model v0.1.xlsx
Northern Powergrid (North East),23,NPg-Y,Y,RED,16:00-19:00 (weekdays) (default),0.0200348446697582,1.0,0.4633205548422798,0.2497490502377356,M,Yorkshire,7,p/kWh,dno_data_enhanced/Northern Powergrid (Northeast) - 2024-25 CDCM Model v0.1.xlsx
Northern Powergrid (North East),23,NPg-Y,Y,RED,16:00-19:00 (weekdays) (default),1.092,1.092,1.092,1.092,M,Yorkshire,1,p/kWh,dno_data_enhanced/Northern Powergrid (Northeast) - 2024-25 CDCM Model v0.1.xlsx
Northern Powergrid (North East),23,NPg-Y,Y,RED,16:00-19:00 (weekdays) (default),0.001,1.0,0.1679166666666667,0.001,M,Yorkshire,24,p/kWh,dno_data_enhanced/Northern Powergrid (Northeast) - 2024-25 CDCM Model v0.1.xlsx
Northern Powergrid (North East),23,NPg-Y,Y,RED,16:00-19:00 (weekdays) (default),6.145884427084702,6.145884427084702,6.145884427084702,6.145884427084702,M,Yorkshire,1,p/kWh,dno_data_enhanced/Northern Powergrid (Northeast) - 2024-25 CDCM Model v0.1.xlsx
Northern Powergrid (North East),23,NPg-Y,Y,RED,16:00-19:00 (weekdays) (default),1.0,1.0,1.0,1.0,M,Yorkshire,7,p/kWh,dno_data_enhanced/Northern Powergrid (Northeast) - 2024-25 CDCM Model v0.1.xlsx
Northern Powergrid (North East),23,NPg-Y,Y,RED,16:00-19:00 (weekdays) (default),0.0115,45.0,8.191271858525122,0.73,M,Yorkshire,17,p/kWh,dno_data_enhanced/ED2 PCFM NPgN 20241223.xlsx
Northern Powergrid (North East),23,NPg-Y,Y,RED,16:00-19:00 (weekdays) (default),0.0115,45.0,6.412056152642768,0.9,M,Yorkshire,17,p/kWh,dno_data_enhanced/ED2 PCFM NPgN 20241223.xlsx
Northern Powergrid (North East),23,NPg-Y,Y,RED,16:00-19:00 (weekdays) (default),0.01605385,10.92761890233416,2.26719591604652,1.1974314467848666,M,Yorkshire,35,p/kWh,dno_data_enhanced/ED2 PCFM NPgN 20241223.xlsx
Northern Powergrid (North East),23,NPg-Y,Y,RED,16:00-19:00 (weekdays) (default),0.0073691932467225,36.65886775289015,11.640151810353387,6.082792343682665,M,Yorkshire,35,p/kWh,dno_data_enhanced/ED2 PCFM NPgN 20241223.xlsx
Northern Powergrid (North East),23,NPg-Y,Y,RED,16:00-19:00 (weekdays) (default),0.499,0.501,0.5,0.501,M,Yorkshire,4,p/kWh,dno_data_enhanced/ED2 PCFM NPgN 20241223.xlsx
Northern Powergrid (North East),23,NPg-Y,Y,RED,16:00-19:00 (weekdays) (default),0.0155592894707972,1.50334712603879,0.4949384988243163,0.0258846368797245,M,Yorkshire,11,p/kWh,dno_data_enhanced/ED2 PCFM NPgN 20241223.xlsx
Northern Powergrid (North East),23,NPg-Y,Y,RED,16:00-19:00 (weekdays) (default),0.0115,45.0,8.191271858525122,0.73,M,Yorkshire,17,p/kWh,dno_data_enhanced/ED2 PCFM NPgN 20241223.xlsx
Northern Powergrid (North East),23,NPg-Y,Y,RED,16:00-19:00 (weekdays) (default),0.189,6.126,2.3307894736842107,0.942,M,Yorkshire,19,p/kWh,dno_data_enhanced/Northern Powergrid (Northeast) - 2024-25 Schedule of charges and other tables v0.2.xlsx
Northern Powergrid (North East),23,NPg-Y,Y,RED,16:00-19:00 (weekdays) (default),0.11,3.569,1.5336842105263158,0.549,M,Yorkshire,19,p/kWh,dno_data_enhanced/Northern Powergrid (Northeast) - 2024-25 Schedule of charges and other tables v0.2.xlsx
Northern Powergrid (North East),23,NPg-Y,Y,RED,16:00-19:00 (weekdays) (default),0.952,1.178,1.0182777777777778,1.008,M,Yorkshire,108,p/kWh,dno_data_enhanced/Northern Powergrid (Northeast) - 2024-25 Schedule of charges and other tables v0.2.xlsx
Northern Powergrid (North East),23,NPg-Y,Y,RED,16:00-19:00 (weekdays) (default),0.302611060029,0.852737401533,0.577674230781,0.852737401533,M,Yorkshire,2,p/kWh,dno_data_enhanced/Northern Powergrid (Northeast) - 2024-25 Schedule of charges and other tables v0.2.xlsx
Northern Powergrid (Yorkshire),15,NPg-NE,NE,AMBER,"07:00-16:00, 19:00-23:00 (weekdays) (default)",1.0,1.0,1.0,1.0,F,North East,6,p/kWh,dno_data_enhanced/Northern Powergrid (Yorkshire) - 2024-25 PCDM Model v0.1.xlsx
Northern Powergrid (Yorkshire),15,NPg-NE,NE,AMBER,"07:00-16:00, 19:00-23:00 (weekdays) (default)",0.1939780810354855,1.0,0.4380888151300881,0.2555611325266815,F,North East,11,p/kWh,dno_data_enhanced/Northern Powergrid (Yorkshire) - 2024-25 PCDM Model v0.1.xlsx
Northern Powergrid (Yorkshire),15,NPg-NE,NE,AMBER,"07:00-16:00, 19:00-23:00 (weekdays) (default)",0.720661432568954,1.0,0.9104296844597992,0.9721558944885684,F,North East,24,p/kWh,dno_data_enhanced/Northern Powergrid (Yorkshire) - 2024-25 PCDM Model v0.1.xlsx
Northern Powergrid (Yorkshire),15,NPg-NE,NE,AMBER,"07:00-16:00, 19:00-23:00 (weekdays) (default)",0.001,1.006,0.2576643408542634,0.10235944962902,F,North East,11,p/kWh,dno_data_enhanced/Northern Powergrid (Yorkshire) - 2024-25 CDCM Model v0.1.xlsx
Northern Powergrid (Yorkshire),15,NPg-NE,NE,AMBER,"07:00-16:00, 19:00-23:00 (weekdays) (default)",0.002,1.0,0.3158620689655173,0.002,F,North East,29,p/kWh,dno_data_enhanced/Northern Powergrid (Yorkshire) - 2024-25 CDCM Model v0.1.xlsx
Northern Powergrid (Yorkshire),15,NPg-NE,NE,AMBER,"07:00-16:00, 19:00-23:00 (weekdays) (default)",20.0,33.3,25.978697241608504,24.636091724825523,F,North East,3,p/kWh,dno_data_enhanced/ED2 PCFM NPgY 20241223.xlsx
Northern Powergrid (Yorkshire),15,NPg-NE,NE,AMBER,"07:00-16:00, 19:00-23:00 (weekdays) (default)",0.0133845309928688,33.3,7.941576127783464,0.6294050991501415,F,North East,7,p/kWh,dno_data_enhanced/ED2 PCFM NPgY 20241223.xlsx
Northern Powergrid (Yorkshire),15,NPg-NE,NE,AMBER,"07:00-16:00, 19:00-23:00 (weekdays) (default)",0.0230728,13.99627624757993,3.0574716804245523,1.2563104625843515,F,North East,33,p/kWh,dno_data_enhanced/ED2 PCFM NPgY 20241223.xlsx
Northern Powergrid (Yorkshire),15,NPg-NE,NE,AMBER,"07:00-16:00, 19:00-23:00 (weekdays) (default)",0.0145492423512957,46.37843985930544,18.03206739795193,10.980597195734404,F,North East,32,p/kWh,dno_data_enhanced/ED2 PCFM NPgY 20241223.xlsx
Northern Powergrid (Yorkshire),15,NPg-NE,NE,AMBER,"07:00-16:00, 19:00-23:00 (weekdays) (default)",0.501,39.96560063874227,15.303885786870287,5.211090883476645,F,North East,17,p/kWh,dno_data_enhanced/ED2 PCFM NPgY 20241223.xlsx
Northern Powergrid (Yorkshire),15,NPg-NE,NE,AMBER,"07:00-16:00, 19:00-23:00 (weekdays) (default)",0.0080067749634311,4.0452569031158125,0.8839285599984987,0.0213882457030804,F,North East,11,p/kWh,dno_data_enhanced/ED2 PCFM NPgY 20241223.xlsx
Northern Powergrid (Yorkshire),15,NPg-NE,NE,AMBER,"07:00-16:00, 19:00-23:00 (weekdays) (default)",20.0,33.3,25.978697241608504,24.636091724825523,F,North East,3,p/kWh,dno_data_enhanced/ED2 PCFM NPgY 20241223.xlsx
Northern Powergrid (Yorkshire),15,NPg-NE,NE,AMBER,"07:00-16:00, 19:00-23:00 (weekdays) (default)",0.958,1.17,1.0119533678756476,1.005,F,North East,193,p/kWh,dno_data_enhanced/Northern Powergrid (Yorkshire) - 2024-25 Schedule of charges and other tables v0.2.xlsx
Northern Powergrid (Yorkshire),15,NPg-NE,NE,GREEN,"23:00-07:00 (all days), all day (weekends) (default)",1.0,1.0,1.0,1.0,F,North East,5,p/kWh,dno_data_enhanced/Northern Powergrid (Yorkshire) - 2024-25 PCDM Model v0.1.xlsx
Northern Powergrid (Yorkshire),15,NPg-NE,NE,GREEN,"23:00-07:00 (all days), all day (weekends) (default)",0.1443108134082144,1.0,0.5123258016437787,0.391287964346341,F,North East,12,p/kWh,dno_data_enhanced/Northern Powergrid (Yorkshire) - 2024-25 PCDM Model v0.1.xlsx
Northern Powergrid (Yorkshire),15,NPg-NE,NE,GREEN,"23:00-07:00 (all days), all day (weekends) (default)",0.3131211572668939,1.0,0.7584316567069094,0.7800099550227875,F,North East,23,p/kWh,dno_data_enhanced/Northern Powergrid (Yorkshire) - 2024-25 PCDM Model v0.1.xlsx
Northern Powergrid (Yorkshire),15,NPg-NE,NE,GREEN,"23:00-07:00 (all days), all day (weekends) (default)",0.002,1.009,0.2672188157790173,0.1402512849162133,F,North East,10,p/kWh,dno_data_enhanced/Northern Powergrid (Yorkshire) - 2024-25 CDCM Model v0.1.xlsx
Northern Powergrid (Yorkshire),15,NPg-NE,NE,GREEN,"23:00-07:00 (all days), all day (weekends) (default)",0.031,0.087,0.045,0.031,F,North East,20,p/kWh,dno_data_enhanced/Northern Powergrid (Yorkshire) - 2024-25 CDCM Model v0.1.xlsx
Northern Powergrid (Yorkshire),15,NPg-NE,NE,GREEN,"23:00-07:00 (all days), all day (weekends) (default)",5.740462583097171,5.740462583097171,5.740462583097171,5.740462583097171,F,North East,1,p/kWh,dno_data_enhanced/Northern Powergrid (Yorkshire) - 2024-25 CDCM Model v0.1.xlsx
Northern Powergrid (Yorkshire),15,NPg-NE,NE,GREEN,"23:00-07:00 (all days), all day (weekends) (default)",0.8725212464589235,33.3,16.320478081704074,20.0,F,North East,4,p/kWh,dno_data_enhanced/ED2 PCFM NPgY 20241223.xlsx
Northern Powergrid (Yorkshire),15,NPg-NE,NE,GREEN,"23:00-07:00 (all days), all day (weekends) (default)",0.0149399155569989,33.3,7.94787217458142,0.6494617563739377,F,North East,7,p/kWh,dno_data_enhanced/ED2 PCFM NPgY 20241223.xlsx
Northern Powergrid (Yorkshire),15,NPg-NE,NE,GREEN,"23:00-07:00 (all days), all day (weekends) (default)",0.0413701832,42.422083053526016,4.1266126988321785,1.321109844088743,F,North East,31,p/kWh,dno_data_enhanced/ED2 PCFM NPgY 20241223.xlsx
Northern Powergrid (Yorkshire),15,NPg-NE,NE,GREEN,"23:00-07:00 (all days), all day (weekends) (default)",0.3313681704456866,47.265692178112126,18.567528767448945,10.60825367518272,F,North East,33,p/kWh,dno_data_enhanced/ED2 PCFM NPgY 20241223.xlsx
Northern Powergrid (Yorkshire),15,NPg-NE,NE,GREEN,"23:00-07:00 (all days), all day (weekends) (default)",0.501,38.15251432412348,12.617576731933877,5.301046033569332,F,North East,17,p/kWh,dno_data_enhanced/ED2 PCFM NPgY 20241223.xlsx
Northern Powergrid (Yorkshire),15,NPg-NE,NE,GREEN,"23:00-07:00 (all days), all day (weekends) (default)",0.0367371878102802,11.584699426229506,2.1959658359582823,0.0593011753389423,F,North East,11,p/kWh,dno_data_enhanced/ED2 PCFM NPgY 20241223.xlsx
Northern Powergrid (Yorkshire),15,NPg-NE,NE,GREEN,"23:00-07:00 (all days), all day (weekends) (default)",0.8725212464589235,33.3,16.320478081704074,20.0,F,North East,4,p/kWh,dno_data_enhanced/ED2 PCFM NPgY 20241223.xlsx
Northern Powergrid (Yorkshire),15,NPg-NE,NE,GREEN,"23:00-07:00 (all days), all day (weekends) (default)",0.162,29.3,8.754565217391304,1.118,F,North East,23,p/kWh,dno_data_enhanced/Northern Powergrid (Yorkshire) - 2024-25 Schedule of charges and other tables v0.2.xlsx
Northern Powergrid (Yorkshire),15,NPg-NE,NE,GREEN,"23:00-07:00 (all days), all day (weekends) (default)",0.095,17.47,5.210086956521739,0.657,F,North East,23,p/kWh,dno_data_enhanced/Northern Powergrid (Yorkshire) - 2024-25 Schedule of charges and other tables v0.2.xlsx
Northern Powergrid (Yorkshire),15,NPg-NE,NE,GREEN,"23:00-07:00 (all days), all day (weekends) (default)",0.937,1.266,1.011839378238342,1.005,F,North East,193,p/kWh,dno_data_enhanced/Northern Powergrid (Yorkshire) - 2024-25 Schedule of charges and other tables v0.2.xlsx
Northern Powergrid (Yorkshire),15,NPg-NE,NE,GREEN,"23:00-07:00 (all days), all day (weekends) (default)",0.00668118418824,3.38658374745,0.6568646041587534,0.529888499559,F,North East,12,p/kWh,dno_data_enhanced/Northern Powergrid (Yorkshire) - 2024-25 Schedule of charges and other tables v0.2.xlsx
Northern Powergrid (Yorkshire),15,NPg-NE,NE,RED,16:00-19:00 (weekdays) (default),1.0,1.0,1.0,1.0,F,North East,7,p/kWh,dno_data_enhanced/Northern Powergrid (Yorkshire) - 2024-25 PCDM Model v0.1.xlsx
Northern Powergrid (Yorkshire),15,NPg-NE,NE,RED,16:00-19:00 (weekdays) (default),0.8883964283521205,0.8883964283521205,0.8883964283521205,0.8883964283521205,F,North East,1,p/kWh,dno_data_enhanced/Northern Powergrid (Yorkshire) - 2024-25 PCDM Model v0.1.xlsx
Northern Powergrid (Yorkshire),15,NPg-NE,NE,RED,16:00-19:00 (weekdays) (default),0.8883964283521205,0.8883964283521205,0.8883964283521205,0.8883964283521205,F,North East,1,p/kWh,dno_data_enhanced/Northern Powergrid (Yorkshire) - 2024-25 PCDM Model v0.1.xlsx
Northern Powergrid (Yorkshire),15,NPg-NE,NE,RED,16:00-19:00 (weekdays) (default),0.0276948626029311,1.0,0.3289904644563416,0.2094777661909504,F,North East,32,p/kWh,dno_data_enhanced/Northern Powergrid (Yorkshire) - 2024-25 PCDM Model v0.1.xlsx
Northern Powergrid (Yorkshire),15,NPg-NE,NE,RED,16:00-19:00 (weekdays) (default),0.0100315584422329,1.0,0.3446111891209934,0.1141587160286718,F,North East,14,p/kWh,dno_data_enhanced/Northern Powergrid (Yorkshire) - 2024-25 PCDM Model v0.1.xlsx
Northern Powergrid (Yorkshire),15,NPg-NE,NE,RED,16:00-19:00 (weekdays) (default),0.0534057540357118,1.0,0.4016535653075138,0.3479740896104906,F,North East,7,p/kWh,dno_data_enhanced/Northern Powergrid (Yorkshire) - 2024-25 CDCM Model v0.1.xlsx
Northern Powergrid (Yorkshire),15,NPg-NE,NE,RED,16:00-19:00 (weekdays) (default),1.121,1.121,1.121,1.121,F,North East,1,p/kWh,dno_data_enhanced/Northern Powergrid (Yorkshire) - 2024-25 CDCM Model v0.1.xlsx
Northern Powergrid (Yorkshire),15,NPg-NE,NE,RED,16:00-19:00 (weekdays) (default),0.001,1.0,0.1679166666666667,0.001,F,North East,24,p/kWh,dno_data_enhanced/Northern Powergrid (Yorkshire) - 2024-25 CDCM Model v0.1.xlsx
Northern Powergrid (Yorkshire),15,NPg-NE,NE,RED,16:00-19:00 (weekdays) (default),4.682632593391588,4.682632593391588,4.682632593391588,4.682632593391588,F,North East,1,p/kWh,dno_data_enhanced/Northern Powergrid (Yorkshire) - 2024-25 CDCM Model v0.1.xlsx
Northern Powergrid (Yorkshire),15,NPg-NE,NE,RED,16:00-19:00 (weekdays) (default),1.0,1.0,1.0,1.0,F,North East,7,p/kWh,dno_data_enhanced/Northern Powergrid (Yorkshire) - 2024-25 CDCM Model v0.1.xlsx
Northern Powergrid (Yorkshire),15,NPg-NE,NE,RED,16:00-19:00 (weekdays) (default),0.0115,45.0,8.925725495497973,0.75,F,North East,17,p/kWh,dno_data_enhanced/ED2 PCFM NPgY 20241223.xlsx
Northern Powergrid (Yorkshire),15,NPg-NE,NE,RED,16:00-19:00 (weekdays) (default),0.0115,45.0,6.480627436674444,0.9,F,North East,17,p/kWh,dno_data_enhanced/ED2 PCFM NPgY 20241223.xlsx
Northern Powergrid (Yorkshire),15,NPg-NE,NE,RED,16:00-19:00 (weekdays) (default),0.0201904,8.22600126500771,1.286990907443335,0.9140831899999996,F,North East,11,p/kWh,dno_data_enhanced/ED2 PCFM NPgY 20241223.xlsx
Northern Powergrid (Yorkshire),15,NPg-NE,NE,RED,16:00-19:00 (weekdays) (default),0.0073691932467225,47.38413652681814,13.165701795471907,9.37929661003786,F,North East,31,p/kWh,dno_data_enhanced/ED2 PCFM NPgY 20241223.xlsx
Northern Powergrid (Yorkshire),15,NPg-NE,NE,RED,16:00-19:00 (weekdays) (default),0.499,0.501,0.5,0.501,F,North East,4,p/kWh,dno_data_enhanced/ED2 PCFM NPgY 20241223.xlsx
Northern Powergrid (Yorkshire),15,NPg-NE,NE,RED,16:00-19:00 (weekdays) (default),0.0155592894707972,1.50334712603879,0.4949384988243163,0.0258846368797245,F,North East,11,p/kWh,dno_data_enhanced/ED2 PCFM NPgY 20241223.xlsx
Northern Powergrid (Yorkshire),15,NPg-NE,NE,RED,16:00-19:00 (weekdays) (default),0.0115,45.0,8.925725495497973,0.75,F,North East,17,p/kWh,dno_data_enhanced/ED2 PCFM NPgY 20241223.xlsx
Northern Powergrid (Yorkshire),15,NPg-NE,NE,RED,16:00-19:00 (weekdays) (default),0.162,3.575,1.6986842105263158,1.118,F,North East,19,p/kWh,dno_data_enhanced/Northern Powergrid (Yorkshire) - 2024-25 Schedule of charges and other tables v0.2.xlsx
Northern Powergrid (Yorkshire),15,NPg-NE,NE,RED,16:00-19:00 (weekdays) (default),0.095,2.1,1.171578947368421,0.657,F,North East,19,p/kWh,dno_data_enhanced/Northern Powergrid (Yorkshire) - 2024-25 Schedule of charges and other tables v0.2.xlsx
Northern Powergrid (Yorkshire),15,NPg-NE,NE,RED,16:00-19:00 (weekdays) (default),0.961,1.339,1.014103626943005,1.005,F,North East,193,p/kWh,dno_data_enhanced/Northern Powergrid (Yorkshire) - 2024-25 Schedule of charges and other tables v0.2.xlsx
Northern Powergrid (Yorkshire),15,NPg-NE,NE,RED,16:00-19:00 (weekdays) (default),0.178504325314,1.7629294699500002,1.033351155913,1.65674083236,F,North East,4,p/kWh,dno_data_enhanced/Northern Powergrid (Yorkshire) - 2024-25 Schedule of charges and other tables v0.2.xlsx
Scottish Hydro Electric Power Distribution (SHEPD),17,SSE-SHEPD,SHEPD,AMBER,"07:00-16:00, 19:00-23:00 (weekdays) (default)",0.0933333333333333,1.036,0.4200800704807965,0.3043333333333333,P,North Scotland,7,p/kWh,dno_data_enhanced/shepd_cdcm_v11_20241025_26-27_final.xlsx
Scottish Hydro Electric Power Distribution (SHEPD),17,SSE-SHEPD,SHEPD,AMBER,"07:00-16:00, 19:00-23:00 (weekdays) (default)",0.892,1.238,1.0062548638132296,1.001,P,North Scotland,514,p/kWh,dno_data_enhanced/shepd---schedule-of-charges-and-other-tables_april-2024_v1.2.xlsx
Scottish Hydro Electric Power Distribution (SHEPD),17,SSE-SHEPD,SHEPD,AMBER,"07:00-16:00, 19:00-23:00 (weekdays) (default)",1.0,1.0,1.0,1.0,P,North Scotland,6,p/kWh,dno_data_enhanced/shepd_pcdm_v5_20241025_26-27_final.xlsx
Scottish Hydro Electric Power Distribution (SHEPD),17,SSE-SHEPD,SHEPD,AMBER,"07:00-16:00, 19:00-23:00 (weekdays) (default)",0.3453935739861448,1.0,0.559834558185046,0.4201154248905947,P,North Scotland,11,p/kWh,dno_data_enhanced/shepd_pcdm_v5_20241025_26-27_final.xlsx
Scottish Hydro Electric Power Distribution (SHEPD),17,SSE-SHEPD,SHEPD,AMBER,"07:00-16:00, 19:00-23:00 (weekdays) (default)",0.6986048366499154,1.0,0.9109228289832432,0.940013349234576,P,North Scotland,24,p/kWh,dno_data_enhanced/shepd_pcdm_v5_20241025_26-27_final.xlsx
Scottish Hydro Electric Power Distribution (SHEPD),17,SSE-SHEPD,SHEPD,GREEN,"23:00-07:00 (all days), all day (weekends) (default)",0.0933333333333333,1.064,0.420813405835598,0.3043333333333333,P,North Scotland,6,p/kWh,dno_data_enhanced/shepd_cdcm_v11_20241025_26-27_final.xlsx
Scottish Hydro Electric Power Distribution (SHEPD),17,SSE-SHEPD,SHEPD,GREEN,"23:00-07:00 (all days), all day (weekends) (default)",2.4505065147267873,2.4505065147267873,2.4505065147267873,2.4505065147267873,P,North Scotland,1,p/kWh,dno_data_enhanced/shepd_cdcm_v11_20241025_26-27_final.xlsx
Scottish Hydro Electric Power Distribution (SHEPD),17,SSE-SHEPD,SHEPD,GREEN,"23:00-07:00 (all days), all day (weekends) (default)",0.017,25.29,8.654782608695653,0.953,P,North Scotland,23,p/kWh,dno_data_enhanced/shepd_schedule-of-charges-and-other-tables-embedded-networks-april-2024_v0.2.xlsx
Scottish Hydro Electric Power Distribution (SHEPD),17,SSE-SHEPD,SHEPD,GREEN,"23:00-07:00 (all days), all day (weekends) (default)",0.01,15.21,5.189391304347827,0.566,P,North Scotland,23,p/kWh,dno_data_enhanced/shepd_schedule-of-charges-and-other-tables-embedded-networks-april-2024_v0.2.xlsx
Scottish Hydro Electric Power Distribution (SHEPD),17,SSE-SHEPD,SHEPD,GREEN,"23:00-07:00 (all days), all day (weekends) (default)",3.0,3.0,3.0,3.0,P,North Scotland,2,p/kWh,dno_data_enhanced/shepd_schedule-of-charges-and-other-tables-embedded-networks-april-2024_v0.2.xlsx
Scottish Hydro Electric Power Distribution (SHEPD),17,SSE-SHEPD,SHEPD,GREEN,"23:00-07:00 (all days), all day (weekends) (default)",0.71,23.41,9.017565217391304,3.024,P,North Scotland,23,p/kWh,dno_data_enhanced/shepd---schedule-of-charges-and-other-tables_april-2024_v1.2.xlsx
Scottish Hydro Electric Power Distribution (SHEPD),17,SSE-SHEPD,SHEPD,GREEN,"23:00-07:00 (all days), all day (weekends) (default)",0.71,8.908,3.6605,3.024,P,North Scotland,12,p/kWh,dno_data_enhanced/shepd---schedule-of-charges-and-other-tables_april-2024_v1.2.xlsx
Scottish Hydro Electric Power Distribution (SHEPD),17,SSE-SHEPD,SHEPD,GREEN,"23:00-07:00 (all days), all day (weekends) (default)",0.491,16.41,6.294260869565218,2.092,P,North Scotland,23,p/kWh,dno_data_enhanced/shepd---schedule-of-charges-and-other-tables_april-2024_v1.2.xlsx
Scottish Hydro Electric Power Distribution (SHEPD),17,SSE-SHEPD,SHEPD,GREEN,"23:00-07:00 (all days), all day (weekends) (default)",0.901,1.347,1.00768093385214,1.001,P,North Scotland,514,p/kWh,dno_data_enhanced/shepd---schedule-of-charges-and-other-tables_april-2024_v1.2.xlsx
Scottish Hydro Electric Power Distribution (SHEPD),17,SSE-SHEPD,SHEPD,GREEN,"23:00-07:00 (all days), all day (weekends) (default)",4.94,4.94,4.94,4.94,P,North Scotland,1,p/kWh,dno_data_enhanced/shepd---schedule-of-charges-and-other-tables_april-2024_v1.2.xlsx
Scottish Hydro Electric Power Distribution (SHEPD),17,SSE-SHEPD,SHEPD,GREEN,"23:00-07:00 (all days), all day (weekends) (default)",1.0,1.0,1.0,1.0,P,North Scotland,5,p/kWh,dno_data_enhanced/shepd_pcdm_v5_20241025_26-27_final.xlsx
Scottish Hydro Electric Power Distribution (SHEPD),17,SSE-SHEPD,SHEPD,GREEN,"23:00-07:00 (all days), all day (weekends) (default)",0.1149410933450466,1.0,0.4690493629435512,0.2831727564761601,P,North Scotland,12,p/kWh,dno_data_enhanced/shepd_pcdm_v5_20241025_26-27_final.xlsx
Scottish Hydro Electric Power Distribution (SHEPD),17,SSE-SHEPD,SHEPD,GREEN,"23:00-07:00 (all days), all day (weekends) (default)",0.4082204786788396,1.0,0.8071403788935799,0.9002539870664586,P,North Scotland,23,p/kWh,dno_data_enhanced/shepd_pcdm_v5_20241025_26-27_final.xlsx
Scottish Hydro Electric Power Distribution (SHEPD),17,SSE-SHEPD,SHEPD,RED,16:00-19:00 (weekdays) (default),0.1179761401366893,1.0,0.3458785541421309,0.2190350001177025,P,North Scotland,7,p/kWh,dno_data_enhanced/shepd_cdcm_v11_20241025_26-27_final.xlsx
Scottish Hydro Electric Power Distribution (SHEPD),17,SSE-SHEPD,SHEPD,RED,16:00-19:00 (weekdays) (default),1.091,1.091,1.091,1.091,P,North Scotland,1,p/kWh,dno_data_enhanced/shepd_cdcm_v11_20241025_26-27_final.xlsx
Scottish Hydro Electric Power Distribution (SHEPD),17,SSE-SHEPD,SHEPD,RED,16:00-19:00 (weekdays) (default),1.0,1.0,1.0,1.0,P,North Scotland,7,p/kWh,dno_data_enhanced/shepd_cdcm_v11_20241025_26-27_final.xlsx
Scottish Hydro Electric Power Distribution (SHEPD),17,SSE-SHEPD,SHEPD,RED,16:00-19:00 (weekdays) (default),0.017,8.3,2.860526315789474,0.953,P,North Scotland,19,p/kWh,dno_data_enhanced/shepd_schedule-of-charges-and-other-tables-embedded-networks-april-2024_v0.2.xlsx
Scottish Hydro Electric Power Distribution (SHEPD),17,SSE-SHEPD,SHEPD,RED,16:00-19:00 (weekdays) (default),0.01,4.928,1.834666666666667,0.566,P,North Scotland,15,p/kWh,dno_data_enhanced/shepd_schedule-of-charges-and-other-tables-embedded-networks-april-2024_v0.2.xlsx
Scottish Hydro Electric Power Distribution (SHEPD),17,SSE-SHEPD,SHEPD,RED,16:00-19:00 (weekdays) (default),2.0,2.0,2.0,2.0,P,North Scotland,1,p/kWh,dno_data_enhanced/shepd_schedule-of-charges-and-other-tables-embedded-networks-april-2024_v0.2.xlsx
Scottish Hydro Electric Power Distribution (SHEPD),17,SSE-SHEPD,SHEPD,RED,16:00-19:00 (weekdays) (default),0.71,8.908,3.7478947368421047,3.024,P,North Scotland,19,p/kWh,dno_data_enhanced/shepd---schedule-of-charges-and-other-tables_april-2024_v1.2.xlsx
Scottish Hydro Electric Power Distribution (SHEPD),17,SSE-SHEPD,SHEPD,RED,16:00-19:00 (weekdays) (default),0.876,16.74,8.08375,10.988,P,North Scotland,12,p/kWh,dno_data_enhanced/shepd---schedule-of-charges-and-other-tables_april-2024_v1.2.xlsx
Scottish Hydro Electric Power Distribution (SHEPD),17,SSE-SHEPD,SHEPD,RED,16:00-19:00 (weekdays) (default),0.491,6.162,2.722368421052632,2.092,P,North Scotland,19,p/kWh,dno_data_enhanced/shepd---schedule-of-charges-and-other-tables_april-2024_v1.2.xlsx
Scottish Hydro Electric Power Distribution (SHEPD),17,SSE-SHEPD,SHEPD,RED,16:00-19:00 (weekdays) (default),0.89,1.241,1.0049066147859922,1.0,P,North Scotland,514,p/kWh,dno_data_enhanced/shepd---schedule-of-charges-and-other-tables_april-2024_v1.2.xlsx
Scottish Hydro Electric Power Distribution (SHEPD),17,SSE-SHEPD,SHEPD,RED,16:00-19:00 (weekdays) (default),1.0,1.0,1.0,1.0,P,North Scotland,7,p/kWh,dno_data_enhanced/shepd_pcdm_v5_20241025_26-27_final.xlsx
Scottish Hydro Electric Power Distribution (SHEPD),17,SSE-SHEPD,SHEPD,RED,16:00-19:00 (weekdays) (default),0.6101920139035042,0.6101920139035042,0.6101920139035042,0.6101920139035042,P,North Scotland,1,p/kWh,dno_data_enhanced/shepd_pcdm_v5_20241025_26-27_final.xlsx
Scottish Hydro Electric Power Distribution (SHEPD),17,SSE-SHEPD,SHEPD,RED,16:00-19:00 (weekdays) (default),0.6101920139035042,0.6101920139035042,0.6101920139035042,0.6101920139035042,P,North Scotland,1,p/kWh,dno_data_enhanced/shepd_pcdm_v5_20241025_26-27_final.xlsx
Scottish Hydro Electric Power Distribution (SHEPD),17,SSE-SHEPD,SHEPD,RED,16:00-19:00 (weekdays) (default),0.0107946802422365,1.0,0.3641213407126812,0.2903843579710756,P,North Scotland,29,p/kWh,dno_data_enhanced/shepd_pcdm_v5_20241025_26-27_final.xlsx
Scottish Hydro Electric Power Distribution (SHEPD),17,SSE-SHEPD,SHEPD,RED,16:00-19:00 (weekdays) (default),0.0107946802422365,1.0,0.3982434788681309,0.2903843579710756,P,North Scotland,12,p/kWh,dno_data_enhanced/shepd_pcdm_v5_20241025_26-27_final.xlsx
Southern Electric Power Distribution (SEPD),20,SSE-SEPD,SEPD,AMBER,"07:00-16:00, 19:00-23:00 (weekdays) (default)",1.0,1.0,1.0,1.0,H,Southern,6,p/kWh,dno_data_enhanced/sepd_pcdm_v5_20241025_26-27_final.xlsx
Southern Electric Power Distribution (SEPD),20,SSE-SEPD,SEPD,AMBER,"07:00-16:00, 19:00-23:00 (weekdays) (default)",0.2144931761743719,1.0,0.4508232161616527,0.2716175834408704,H,Southern,11,p/kWh,dno_data_enhanced/sepd_pcdm_v5_20241025_26-27_final.xlsx
Southern Electric Power Distribution (SEPD),20,SSE-SEPD,SEPD,AMBER,"07:00-16:00, 19:00-23:00 (weekdays) (default)",0.6685467643000131,1.0,0.8773671040216997,0.9615310541705644,H,Southern,24,p/kWh,dno_data_enhanced/sepd_pcdm_v5_20241025_26-27_final.xlsx
Southern Electric Power Distribution (SEPD),20,SSE-SEPD,SEPD,AMBER,"07:00-16:00, 19:00-23:00 (weekdays) (default)",0.975,1.083,1.0142379182156134,1.012,H,Southern,538,p/kWh,dno_data_enhanced/sepd---schedule-of-charges-and-other-tables_april-2024_v1.2.xlsx
Southern Electric Power Distribution (SEPD),20,SSE-SEPD,SEPD,AMBER,"07:00-16:00, 19:00-23:00 (weekdays) (default)",1.783,2.167,2.0389999999999997,2.167,H,Southern,3,p/kWh,dno_data_enhanced/sepd---schedule-of-charges-and-other-tables_april-2024_v1.2.xlsx
Southern Electric Power Distribution (SEPD),20,SSE-SEPD,SEPD,AMBER,"07:00-16:00, 19:00-23:00 (weekdays) (default)",1.004,1.092,1.0323,1.027,H,Southern,10,p/kWh,dno_data_enhanced/sepd_schedule-of-charges-and-other-tables-embedded-networks-april-2024_v0.3.xlsx
Southern Electric Power Distribution (SEPD),20,SSE-SEPD,SEPD,AMBER,"07:00-16:00, 19:00-23:00 (weekdays) (default)",1.005,1.083,1.0317142857142856,1.025,H,Southern,7,p/kWh,dno_data_enhanced/sepd_schedule-of-charges-and-other-tables-embedded-networks-april-2024_v0.3.xlsx
Southern Electric Power Distribution (SEPD),20,SSE-SEPD,SEPD,AMBER,"07:00-16:00, 19:00-23:00 (weekdays) (default)",0.0055625751321623,0.0055625751321623,0.0055625751321623,0.0055625751321623,H,Southern,1,p/kWh,dno_data_enhanced/sepd_schedule-of-charges-and-other-tables-embedded-networks-april-2024_v0.3.xlsx
Southern Electric Power Distribution (SEPD),20,SSE-SEPD,SEPD,AMBER,"07:00-16:00, 19:00-23:00 (weekdays) (default)",0.571161885065,0.733590597309,0.652376241187,0.733590597309,H,Southern,2,p/kWh,dno_data_enhanced/sepd_schedule-of-charges-and-other-tables-embedded-networks-april-2024_v0.3.xlsx
Southern Electric Power Distribution (SEPD),20,SSE-SEPD,SEPD,AMBER,"07:00-16:00, 19:00-23:00 (weekdays) (default)",0.5892086724376507,4.499411680432969,1.8894850836580117,1.553368318244715,H,Southern,32,p/kWh,dno_data_enhanced/sepd_schedule-of-charges-and-other-tables-embedded-networks-april-2024_v0.3.xlsx
Southern Electric Power Distribution (SEPD),20,SSE-SEPD,SEPD,GREEN,"23:00-07:00 (all days), all day (weekends) (default)",1.0,1.0,1.0,1.0,H,Southern,5,p/kWh,dno_data_enhanced/sepd_pcdm_v5_20241025_26-27_final.xlsx
Southern Electric Power Distribution (SEPD),20,SSE-SEPD,SEPD,GREEN,"23:00-07:00 (all days), all day (weekends) (default)",0.1555489764464782,1.0,0.5277337682831077,0.4015865260221384,H,Southern,12,p/kWh,dno_data_enhanced/sepd_pcdm_v5_20241025_26-27_final.xlsx
Southern Electric Power Distribution (SEPD),20,SSE-SEPD,SEPD,GREEN,"23:00-07:00 (all days), all day (weekends) (default)",0.3031760457838923,1.0,0.7288038983372751,0.6977535765105377,H,Southern,23,p/kWh,dno_data_enhanced/sepd_pcdm_v5_20241025_26-27_final.xlsx
Southern Electric Power Distribution (SEPD),20,SSE-SEPD,SEPD,GREEN,"23:00-07:00 (all days), all day (weekends) (default)",0.057,25.96,9.121347826086955,1.184,H,Southern,23,p/kWh,dno_data_enhanced/sepd---schedule-of-charges-and-other-tables_april-2024_v1.2.xlsx
Southern Electric Power Distribution (SEPD),20,SSE-SEPD,SEPD,GREEN,"23:00-07:00 (all days), all day (weekends) (default)",0.057,25.96,9.1295,9.317,H,Southern,12,p/kWh,dno_data_enhanced/sepd---schedule-of-charges-and-other-tables_april-2024_v1.2.xlsx
Southern Electric Power Distribution (SEPD),20,SSE-SEPD,SEPD,GREEN,"23:00-07:00 (all days), all day (weekends) (default)",0.036,16.61,5.81091304347826,0.745,H,Southern,23,p/kWh,dno_data_enhanced/sepd---schedule-of-charges-and-other-tables_april-2024_v1.2.xlsx
Southern Electric Power Distribution (SEPD),20,SSE-SEPD,SEPD,GREEN,"23:00-07:00 (all days), all day (weekends) (default)",0.957,1.086,1.01385687732342,1.011,H,Southern,538,p/kWh,dno_data_enhanced/sepd---schedule-of-charges-and-other-tables_april-2024_v1.2.xlsx
Southern Electric Power Distribution (SEPD),20,SSE-SEPD,SEPD,GREEN,"23:00-07:00 (all days), all day (weekends) (default)",0.86,3.21,2.4266666666666667,3.21,H,Southern,3,p/kWh,dno_data_enhanced/sepd---schedule-of-charges-and-other-tables_april-2024_v1.2.xlsx
Southern Electric Power Distribution (SEPD),20,SSE-SEPD,SEPD,GREEN,"23:00-07:00 (all days), all day (weekends) (default)",0.246,15.296,7.224956521739131,1.203,H,Southern,23,p/kWh,dno_data_enhanced/sepd_schedule-of-charges-and-other-tables-embedded-networks-april-2024_v0.3.xlsx
Southern Electric Power Distribution (SEPD),20,SSE-SEPD,SEPD,GREEN,"23:00-07:00 (all days), all day (weekends) (default)",0.123,18.91,6.813391304347826,1.55,H,Southern,23,p/kWh,dno_data_enhanced/sepd_schedule-of-charges-and-other-tables-embedded-networks-april-2024_v0.3.xlsx
Southern Electric Power Distribution (SEPD),20,SSE-SEPD,SEPD,GREEN,"23:00-07:00 (all days), all day (weekends) (default)",0.145,10.692,3.715565217391304,0.908,H,Southern,23,p/kWh,dno_data_enhanced/sepd_schedule-of-charges-and-other-tables-embedded-networks-april-2024_v0.3.xlsx
Southern Electric Power Distribution (SEPD),20,SSE-SEPD,SEPD,GREEN,"23:00-07:00 (all days), all day (weekends) (default)",0.26,28.68,10.40308695652174,2.796,H,Southern,23,p/kWh,dno_data_enhanced/sepd_schedule-of-charges-and-other-tables-embedded-networks-april-2024_v0.3.xlsx
Southern Electric Power Distribution (SEPD),20,SSE-SEPD,SEPD,GREEN,"23:00-07:00 (all days), all day (weekends) (default)",0.155,24.98,8.284,1.152,H,Southern,23,p/kWh,dno_data_enhanced/sepd_schedule-of-charges-and-other-tables-embedded-networks-april-2024_v0.3.xlsx
Southern Electric Power Distribution (SEPD),20,SSE-SEPD,SEPD,GREEN,"23:00-07:00 (all days), all day (weekends) (default)",0.189,32.82,10.188521739130437,0.942,H,Southern,23,p/kWh,dno_data_enhanced/sepd_schedule-of-charges-and-other-tables-embedded-networks-april-2024_v0.3.xlsx
Southern Electric Power Distribution (SEPD),20,SSE-SEPD,SEPD,GREEN,"23:00-07:00 (all days), all day (weekends) (default)",0.16,14.23,7.107434782608696,2.516,H,Southern,23,p/kWh,dno_data_enhanced/sepd_schedule-of-charges-and-other-tables-embedded-networks-april-2024_v0.3.xlsx
Southern Electric Power Distribution (SEPD),20,SSE-SEPD,SEPD,GREEN,"23:00-07:00 (all days), all day (weekends) (default)",0.224,20.0,9.246956521739133,0.656,H,Southern,23,p/kWh,dno_data_enhanced/sepd_schedule-of-charges-and-other-tables-embedded-networks-april-2024_v0.3.xlsx
Southern Electric Power Distribution (SEPD),20,SSE-SEPD,SEPD,GREEN,"23:00-07:00 (all days), all day (weekends) (default)",0.133,25.32,9.521826086956525,1.124,H,Southern,23,p/kWh,dno_data_enhanced/sepd_schedule-of-charges-and-other-tables-embedded-networks-april-2024_v0.3.xlsx
Southern Electric Power Distribution (SEPD),20,SSE-SEPD,SEPD,GREEN,"23:00-07:00 (all days), all day (weekends) (default)",0.054,29.42,11.183347826086957,0.758,H,Southern,23,p/kWh,dno_data_enhanced/sepd_schedule-of-charges-and-other-tables-embedded-networks-april-2024_v0.3.xlsx
Southern Electric Power Distribution (SEPD),20,SSE-SEPD,SEPD,GREEN,"23:00-07:00 (all days), all day (weekends) (default)",0.162,29.3,8.754565217391304,1.118,H,Southern,23,p/kWh,dno_data_enhanced/sepd_schedule-of-charges-and-other-tables-embedded-networks-april-2024_v0.3.xlsx
Southern Electric Power Distribution (SEPD),20,SSE-SEPD,SEPD,GREEN,"23:00-07:00 (all days), all day (weekends) (default)",0.163,10.181,4.8803913043478255,0.801,H,Southern,23,p/kWh,dno_data_enhanced/sepd_schedule-of-charges-and-other-tables-embedded-networks-april-2024_v0.3.xlsx
Southern Electric Power Distribution (SEPD),20,SSE-SEPD,SEPD,GREEN,"23:00-07:00 (all days), all day (weekends) (default)",0.084,13.15,4.716913043478261,1.06,H,Southern,23,p/kWh,dno_data_enhanced/sepd_schedule-of-charges-and-other-tables-embedded-networks-april-2024_v0.3.xlsx
Southern Electric Power Distribution (SEPD),20,SSE-SEPD,SEPD,GREEN,"23:00-07:00 (all days), all day (weekends) (default)",0.103,7.647,2.701434782608696,0.65,H,Southern,23,p/kWh,dno_data_enhanced/sepd_schedule-of-charges-and-other-tables-embedded-networks-april-2024_v0.3.xlsx
Southern Electric Power Distribution (SEPD),20,SSE-SEPD,SEPD,GREEN,"23:00-07:00 (all days), all day (weekends) (default)",0.157,17.65,6.373260869565216,1.693,H,Southern,23,p/kWh,dno_data_enhanced/sepd_schedule-of-charges-and-other-tables-embedded-networks-april-2024_v0.3.xlsx
Southern Electric Power Distribution (SEPD),20,SSE-SEPD,SEPD,GREEN,"23:00-07:00 (all days), all day (weekends) (default)",0.101,16.42,5.42904347826087,0.747,H,Southern,23,p/kWh,dno_data_enhanced/sepd_schedule-of-charges-and-other-tables-embedded-networks-april-2024_v0.3.xlsx
Southern Electric Power Distribution (SEPD),20,SSE-SEPD,SEPD,GREEN,"23:00-07:00 (all days), all day (weekends) (default)",0.11,19.41,6.011260869565218,0.549,H,Southern,23,p/kWh,dno_data_enhanced/sepd_schedule-of-charges-and-other-tables-embedded-networks-april-2024_v0.3.xlsx
Southern Electric Power Distribution (SEPD),20,SSE-SEPD,SEPD,GREEN,"23:00-07:00 (all days), all day (weekends) (default)",0.101,9.22,4.545739130434783,1.586,H,Southern,23,p/kWh,dno_data_enhanced/sepd_schedule-of-charges-and-other-tables-embedded-networks-april-2024_v0.3.xlsx
Southern Electric Power Distribution (SEPD),20,SSE-SEPD,SEPD,GREEN,"23:00-07:00 (all days), all day (weekends) (default)",0.148,13.56,6.200695652173914,0.433,H,Southern,23,p/kWh,dno_data_enhanced/sepd_schedule-of-charges-and-other-tables-embedded-networks-april-2024_v0.3.xlsx
Southern Electric Power Distribution (SEPD),20,SSE-SEPD,SEPD,GREEN,"23:00-07:00 (all days), all day (weekends) (default)",0.087,16.78,6.282000000000001,0.734,H,Southern,23,p/kWh,dno_data_enhanced/sepd_schedule-of-charges-and-other-tables-embedded-networks-april-2024_v0.3.xlsx
Southern Electric Power Distribution (SEPD),20,SSE-SEPD,SEPD,GREEN,"23:00-07:00 (all days), all day (weekends) (default)",0.033,18.29,6.909565217391304,0.462,H,Southern,23,p/kWh,dno_data_enhanced/sepd_schedule-of-charges-and-other-tables-embedded-networks-april-2024_v0.3.xlsx
Southern Electric Power Distribution (SEPD),20,SSE-SEPD,SEPD,GREEN,"23:00-07:00 (all days), all day (weekends) (default)",0.095,17.47,5.210086956521739,0.657,H,Southern,23,p/kWh,dno_data_enhanced/sepd_schedule-of-charges-and-other-tables-embedded-networks-april-2024_v0.3.xlsx
Southern Electric Power Distribution (SEPD),20,SSE-SEPD,SEPD,GREEN,"23:00-07:00 (all days), all day (weekends) (default)",1.005,1.111,1.0376999999999998,1.031,H,Southern,10,p/kWh,dno_data_enhanced/sepd_schedule-of-charges-and-other-tables-embedded-networks-april-2024_v0.3.xlsx
Southern Electric Power Distribution (SEPD),20,SSE-SEPD,SEPD,GREEN,"23:00-07:00 (all days), all day (weekends) (default)",1.004,1.07,1.0277142857142858,1.022,H,Southern,7,p/kWh,dno_data_enhanced/sepd_schedule-of-charges-and-other-tables-embedded-networks-april-2024_v0.3.xlsx
Southern Electric Power Distribution (SEPD),20,SSE-SEPD,SEPD,GREEN,"23:00-07:00 (all days), all day (weekends) (default)",0.2567953866712986,2.8284961277384895,1.1695703507236863,1.0110304398377776,H,Southern,6,p/kWh,dno_data_enhanced/sepd_schedule-of-charges-and-other-tables-embedded-networks-april-2024_v0.3.xlsx
Southern Electric Power Distribution (SEPD),20,SSE-SEPD,SEPD,GREEN,"23:00-07:00 (all days), all day (weekends) (default)",4.95069574636514,5.238643687289392,5.094669716827266,5.238643687289392,H,Southern,2,p/kWh,dno_data_enhanced/sepd_schedule-of-charges-and-other-tables-embedded-networks-april-2024_v0.3.xlsx
Southern Electric Power Distribution (SEPD),20,SSE-SEPD,SEPD,GREEN,"23:00-07:00 (all days), all day (weekends) (default)",9.652889774034356e-06,0.8278472093242271,0.4139284311070005,0.8278472093242271,H,Southern,2,p/kWh,dno_data_enhanced/sepd_schedule-of-charges-and-other-tables-embedded-networks-april-2024_v0.3.xlsx
Southern Electric Power Distribution (SEPD),20,SSE-SEPD,SEPD,GREEN,"23:00-07:00 (all days), all day (weekends) (default)",0.361808480935453,3.0,2.7201391139181115,3.0,H,Southern,13,p/kWh,dno_data_enhanced/sepd_schedule-of-charges-and-other-tables-embedded-networks-april-2024_v0.3.xlsx
Southern Electric Power Distribution (SEPD),20,SSE-SEPD,SEPD,GREEN,"23:00-07:00 (all days), all day (weekends) (default)",0.162242001375,2.10363896011,0.73678871160475,0.470501092326,H,Southern,4,p/kWh,dno_data_enhanced/sepd_schedule-of-charges-and-other-tables-embedded-networks-april-2024_v0.3.xlsx
Southern Electric Power Distribution (SEPD),20,SSE-SEPD,SEPD,GREEN,"23:00-07:00 (all days), all day (weekends) (default)",0.503505592810356,14.68736527112762,4.072156621702779,3.1710139462099014,H,Southern,102,p/kWh,dno_data_enhanced/sepd_schedule-of-charges-and-other-tables-embedded-networks-april-2024_v0.3.xlsx
Southern Electric Power Distribution (SEPD),20,SSE-SEPD,SEPD,GREEN,"23:00-07:00 (all days), all day (weekends) (default)",0.0021789649266464,2.05186558633107,1.0270222756288585,2.05186558633107,H,Southern,2,p/kWh,dno_data_enhanced/sepd_schedule-of-charges-and-other-tables-embedded-networks-april-2024_v0.3.xlsx
Southern Electric Power Distribution (SEPD),20,SSE-SEPD,SEPD,GREEN,"23:00-07:00 (all days), all day (weekends) (default)",0.00668118418824,3.38658374745,0.6568646041587534,0.529888499559,H,Southern,12,p/kWh,dno_data_enhanced/sepd_schedule-of-charges-and-other-tables-embedded-networks-april-2024_v0.3.xlsx
Southern Electric Power Distribution (SEPD),20,SSE-SEPD,SEPD,RED,16:00-19:00 (weekdays) (default),1.0,1.0,1.0,1.0,H,Southern,7,p/kWh,dno_data_enhanced/sepd_pcdm_v5_20241025_26-27_final.xlsx
Southern Electric Power Distribution (SEPD),20,SSE-SEPD,SEPD,RED,16:00-19:00 (weekdays) (default),0.82099817797538,0.82099817797538,0.82099817797538,0.82099817797538,H,Southern,1,p/kWh,dno_data_enhanced/sepd_pcdm_v5_20241025_26-27_final.xlsx
Southern Electric Power Distribution (SEPD),20,SSE-SEPD,SEPD,RED,16:00-19:00 (weekdays) (default),0.82099817797538,0.82099817797538,0.82099817797538,0.82099817797538,H,Southern,1,p/kWh,dno_data_enhanced/sepd_pcdm_v5_20241025_26-27_final.xlsx
Southern Electric Power Distribution (SEPD),20,SSE-SEPD,SEPD,RED,16:00-19:00 (weekdays) (default),0.0331328340067599,1.0,0.3293179898920887,0.2277813772237735,H,Southern,32,p/kWh,dno_data_enhanced/sepd_pcdm_v5_20241025_26-27_final.xlsx
Southern Electric Power Distribution (SEPD),20,SSE-SEPD,SEPD,RED,16:00-19:00 (weekdays) (default),0.0131238483917533,1.0,0.3475346258041765,0.1202126507339945,H,Southern,14,p/kWh,dno_data_enhanced/sepd_pcdm_v5_20241025_26-27_final.xlsx
Southern Electric Power Distribution (SEPD),20,SSE-SEPD,SEPD,RED,16:00-19:00 (weekdays) (default),0.057,9.317,3.1994736842105262,1.184,H,Southern,19,p/kWh,dno_data_enhanced/sepd---schedule-of-charges-and-other-tables_april-2024_v1.2.xlsx
Southern Electric Power Distribution (SEPD),20,SSE-SEPD,SEPD,RED,16:00-19:00 (weekdays) (default),0.057,9.317,3.5193333333333334,1.184,H,Southern,9,p/kWh,dno_data_enhanced/sepd---schedule-of-charges-and-other-tables_april-2024_v1.2.xlsx
Southern Electric Power Distribution (SEPD),20,SSE-SEPD,SEPD,RED,16:00-19:00 (weekdays) (default),0.036,5.861,2.1689473684210525,0.745,H,Southern,19,p/kWh,dno_data_enhanced/sepd---schedule-of-charges-and-other-tables_april-2024_v1.2.xlsx
Southern Electric Power Distribution (SEPD),20,SSE-SEPD,SEPD,RED,16:00-19:00 (weekdays) (default),0.976,1.089,1.0167323420074348,1.013,H,Southern,538,p/kWh,dno_data_enhanced/sepd---schedule-of-charges-and-other-tables_april-2024_v1.2.xlsx
Southern Electric Power Distribution (SEPD),20,SSE-SEPD,SEPD,RED,16:00-19:00 (weekdays) (default),0.246,15.296,5.581666666666666,1.203,H,Southern,15,p/kWh,dno_data_enhanced/sepd_schedule-of-charges-and-other-tables-embedded-networks-april-2024_v0.3.xlsx
Southern Electric Power Distribution (SEPD),20,SSE-SEPD,SEPD,RED,16:00-19:00 (weekdays) (default),0.123,6.642,2.771666666666667,1.55,H,Southern,15,p/kWh,dno_data_enhanced/sepd_schedule-of-charges-and-other-tables-embedded-networks-april-2024_v0.3.xlsx
Southern Electric Power Distribution (SEPD),20,SSE-SEPD,SEPD,RED,16:00-19:00 (weekdays) (default),0.145,10.692,3.915,0.908,H,Southern,15,p/kWh,dno_data_enhanced/sepd_schedule-of-charges-and-other-tables-embedded-networks-april-2024_v0.3.xlsx
Southern Electric Power Distribution (SEPD),20,SSE-SEPD,SEPD,RED,16:00-19:00 (weekdays) (default),0.26,9.771,4.275666666666667,2.796,H,Southern,15,p/kWh,dno_data_enhanced/sepd_schedule-of-charges-and-other-tables-embedded-networks-april-2024_v0.3.xlsx
Southern Electric Power Distribution (SEPD),20,SSE-SEPD,SEPD,RED,16:00-19:00 (weekdays) (default),0.155,6.562,2.623,1.152,H,Southern,15,p/kWh,dno_data_enhanced/sepd_schedule-of-charges-and-other-tables-embedded-networks-april-2024_v0.3.xlsx
Southern Electric Power Distribution (SEPD),20,SSE-SEPD,SEPD,RED,16:00-19:00 (weekdays) (default),0.189,6.126,2.3307894736842107,0.942,H,Southern,19,p/kWh,dno_data_enhanced/sepd_schedule-of-charges-and-other-tables-embedded-networks-april-2024_v0.3.xlsx
Southern Electric Power Distribution (SEPD),20,SSE-SEPD,SEPD,RED,16:00-19:00 (weekdays) (default),0.16,12.407,5.027666666666667,2.516,H,Southern,15,p/kWh,dno_data_enhanced/sepd_schedule-of-charges-and-other-tables-embedded-networks-april-2024_v0.3.xlsx
Southern Electric Power Distribution (SEPD),20,SSE-SEPD,SEPD,RED,16:00-19:00 (weekdays) (default),0.224,17.48,6.12,0.656,H,Southern,15,p/kWh,dno_data_enhanced/sepd_schedule-of-charges-and-other-tables-embedded-networks-april-2024_v0.3.xlsx
Southern Electric Power Distribution (SEPD),20,SSE-SEPD,SEPD,RED,16:00-19:00 (weekdays) (default),0.133,11.908,4.388333333333334,1.124,H,Southern,15,p/kWh,dno_data_enhanced/sepd_schedule-of-charges-and-other-tables-embedded-networks-april-2024_v0.3.xlsx
Southern Electric Power Distribution (SEPD),20,SSE-SEPD,SEPD,RED,16:00-19:00 (weekdays) (default),0.054,15.165,5.325666666666666,0.758,H,Southern,15,p/kWh,dno_data_enhanced/sepd_schedule-of-charges-and-other-tables-embedded-networks-april-2024_v0.3.xlsx
Southern Electric Power Distribution (SEPD),20,SSE-SEPD,SEPD,RED,16:00-19:00 (weekdays) (default),0.162,3.575,1.6986842105263158,1.118,H,Southern,19,p/kWh,dno_data_enhanced/sepd_schedule-of-charges-and-other-tables-embedded-networks-april-2024_v0.3.xlsx
Southern Electric Power Distribution (SEPD),20,SSE-SEPD,SEPD,RED,16:00-19:00 (weekdays) (default),0.163,10.181,3.7149999999999994,0.801,H,Southern,15,p/kWh,dno_data_enhanced/sepd_schedule-of-charges-and-other-tables-embedded-networks-april-2024_v0.3.xlsx
Southern Electric Power Distribution (SEPD),20,SSE-SEPD,SEPD,RED,16:00-19:00 (weekdays) (default),0.084,4.545,1.8963333333333336,1.06,H,Southern,15,p/kWh,dno_data_enhanced/sepd_schedule-of-charges-and-other-tables-embedded-networks-april-2024_v0.3.xlsx
Southern Electric Power Distribution (SEPD),20,SSE-SEPD,SEPD,RED,16:00-19:00 (weekdays) (default),0.103,7.647,2.8,0.65,H,Southern,15,p/kWh,dno_data_enhanced/sepd_schedule-of-charges-and-other-tables-embedded-networks-april-2024_v0.3.xlsx
Southern Electric Power Distribution (SEPD),20,SSE-SEPD,SEPD,RED,16:00-19:00 (weekdays) (default),0.157,5.917,2.589,1.693,H,Southern,15,p/kWh,dno_data_enhanced/sepd_schedule-of-charges-and-other-tables-embedded-networks-april-2024_v0.3.xlsx
Southern Electric Power Distribution (SEPD),20,SSE-SEPD,SEPD,RED,16:00-19:00 (weekdays) (default),0.101,4.252,1.7,0.747,H,Southern,15,p/kWh,dno_data_enhanced/sepd_schedule-of-charges-and-other-tables-embedded-networks-april-2024_v0.3.xlsx
Southern Electric Power Distribution (SEPD),20,SSE-SEPD,SEPD,RED,16:00-19:00 (weekdays) (default),0.11,3.569,1.5336842105263158,0.549,H,Southern,19,p/kWh,dno_data_enhanced/sepd_schedule-of-charges-and-other-tables-embedded-networks-april-2024_v0.3.xlsx
Southern Electric Power Distribution (SEPD),20,SSE-SEPD,SEPD,RED,16:00-19:00 (weekdays) (default),0.101,7.822,3.169666666666666,1.586,H,Southern,15,p/kWh,dno_data_enhanced/sepd_schedule-of-charges-and-other-tables-embedded-networks-april-2024_v0.3.xlsx
Southern Electric Power Distribution (SEPD),20,SSE-SEPD,SEPD,RED,16:00-19:00 (weekdays) (default),0.148,11.554,4.045,0.433,H,Southern,15,p/kWh,dno_data_enhanced/sepd_schedule-of-charges-and-other-tables-embedded-networks-april-2024_v0.3.xlsx
Southern Electric Power Distribution (SEPD),20,SSE-SEPD,SEPD,RED,16:00-19:00 (weekdays) (default),0.087,7.776,2.865666666666667,0.734,H,Southern,15,p/kWh,dno_data_enhanced/sepd_schedule-of-charges-and-other-tables-embedded-networks-april-2024_v0.3.xlsx
Southern Electric Power Distribution (SEPD),20,SSE-SEPD,SEPD,RED,16:00-19:00 (weekdays) (default),0.033,9.242,3.2456666666666667,0.462,H,Southern,15,p/kWh,dno_data_enhanced/sepd_schedule-of-charges-and-other-tables-embedded-networks-april-2024_v0.3.xlsx
Southern Electric Power Distribution (SEPD),20,SSE-SEPD,SEPD,RED,16:00-19:00 (weekdays) (default),0.095,2.1,1.171578947368421,0.657,H,Southern,19,p/kWh,dno_data_enhanced/sepd_schedule-of-charges-and-other-tables-embedded-networks-april-2024_v0.3.xlsx
Southern Electric Power Distribution (SEPD),20,SSE-SEPD,SEPD,RED,16:00-19:00 (weekdays) (default),1.006,1.127,1.0419,1.034,H,Southern,10,p/kWh,dno_data_enhanced/sepd_schedule-of-charges-and-other-tables-embedded-networks-april-2024_v0.3.xlsx
Southern Electric Power Distribution (SEPD),20,SSE-SEPD,SEPD,RED,16:00-19:00 (weekdays) (default),1.005,1.078,1.0301428571428572,1.024,H,Southern,7,p/kWh,dno_data_enhanced/sepd_schedule-of-charges-and-other-tables-embedded-networks-april-2024_v0.3.xlsx
Southern Electric Power Distribution (SEPD),20,SSE-SEPD,SEPD,RED,16:00-19:00 (weekdays) (default),1.4058814497362928,2.8455021089676067,2.1256702783672843,2.845288630253314,H,Southern,4,p/kWh,dno_data_enhanced/sepd_schedule-of-charges-and-other-tables-embedded-networks-april-2024_v0.3.xlsx
Southern Electric Power Distribution (SEPD),20,SSE-SEPD,SEPD,RED,16:00-19:00 (weekdays) (default),3.044339517870155,3.044339517870155,3.044339517870155,3.044339517870155,H,Southern,1,p/kWh,dno_data_enhanced/sepd_schedule-of-charges-and-other-tables-embedded-networks-april-2024_v0.3.xlsx
Southern Electric Power Distribution (SEPD),20,SSE-SEPD,SEPD,RED,16:00-19:00 (weekdays) (default),0.302611060029,0.852737401533,0.577674230781,0.852737401533,H,Southern,2,p/kWh,dno_data_enhanced/sepd_schedule-of-charges-and-other-tables-embedded-networks-april-2024_v0.3.xlsx
Southern Electric Power Distribution (SEPD),20,SSE-SEPD,SEPD,RED,16:00-19:00 (weekdays) (default),0.0214257699068236,6.374166547280039,2.8838491134309456,2.6246568135858985,H,Southern,72,p/kWh,dno_data_enhanced/sepd_schedule-of-charges-and-other-tables-embedded-networks-april-2024_v0.3.xlsx
Southern Electric Power Distribution (SEPD),20,SSE-SEPD,SEPD,RED,16:00-19:00 (weekdays) (default),0.0116869242930866,1.802066058063625,0.9068764911783558,1.802066058063625,H,Southern,4,p/kWh,dno_data_enhanced/sepd_schedule-of-charges-and-other-tables-embedded-networks-april-2024_v0.3.xlsx
Southern Electric Power Distribution (SEPD),20,SSE-SEPD,SEPD,RED,16:00-19:00 (weekdays) (default),0.1379197315804305,6.323312449266765,1.8291178959533363,0.4631034640649668,H,Southern,4,p/kWh,dno_data_enhanced/sepd_schedule-of-charges-and-other-tables-embedded-networks-april-2024_v0.3.xlsx
Southern Electric Power Distribution (SEPD),20,SSE-SEPD,SEPD,RED,16:00-19:00 (weekdays) (default),0.1559477559424647,16.26750579028373,7.518440865738714,5.511622417402568,H,Southern,5,p/kWh,dno_data_enhanced/sepd_schedule-of-charges-and-other-tables-embedded-networks-april-2024_v0.3.xlsx
Southern Electric Power Distribution (SEPD),20,SSE-SEPD,SEPD,RED,16:00-19:00 (weekdays) (default),0.178504325314,1.7629294699500002,1.033351155913,1.65674083236,H,Southern,4,p/kWh,dno_data_enhanced/sepd_schedule-of-charges-and-other-tables-embedded-networks-april-2024_v0.3.xlsx
